0.0,0.0,0.0,0.0,0.0,0.0,0.0,0.0,0.03
0.0,0.0,0.0,0.0,0.0,0.0,0.0,0.0,0.2
0.0,0.0,0.0,0.0,0.0,0.0,0.0,0.0,0.35
0.0,0.0,0.0,0.0,0.0,0.0,0.0,0.0,0.47
0.0,0.0,0.0,0.0,0.0,0.0,0.0,0.0,0.58
0.0,0.0,0.0,0.0,0.0,0.0,0.0,0.0,0.69
0.0,0.0,0.0,0.0,0.0,0.0,0.0,0.0,0.8
0.0,0.0,0.0,0.0,0.0,0.0,0.0,0.0,0.91
0.0,0.0,0.0,0.0,0.0,0.0,0.0,0.0,1.02
0.0,0.0,0.0,0.0,0.0,0.0,0.0,0.0,1.13
0.0,0.0,0.0,0.0,0.0,0.0,0.0,1.0,1.24
0.0,0.0,0.0,0.0,0.0,0.0,0.0,1.0,1.34
0.0,0.0,0.0,0.0,0.0,0.0,0.0,1.0,1.45
0.0,0.0,0.0,0.0,0.0,0.0,0.0,1.0,1.56
0.0,0.0,0.0,0.0,0.0,0.0,0.0,1.0,1.67
0.0,0.0,0.0,0.0,0.0,0.0,0.0,1.0,1.78
0.0,0.0,0.0,0.0,0.0,0.0,0.0,1.0,1.88
0.0,0.0,0.0,0.0,0.0,0.0,0.0,1.0,1.99
0.0,0.0,0.0,0.0,0.0,0.0,0.0,1.0,2.1
0.0,0.0,0.0,0.0,0.0,0.0,0.0,1.0,2.21
0.0,0.0,0.0,0.0,0.0,0.0,0.0,1.0,2.32
0.0,0.0,0.0,0.0,0.0,0.0,0.0,1.0,2.42
0.0,0.0,0.0,0.0,0.0,0.0,0.0,1.0,2.53
0.0,0.0,0.0,0.0,0.0,0.0,0.0,1.0,2.64
0.0,0.0,0.0,0.0,0.0,0.0,0.0,1.0,2.75
0.0,0.0,0.0,0.0,0.0,0.0,0.0,1.0,2.86
0.0,0.0,0.0,0.0,0.0,0.0,0.0,1.0,2.97
0.0,0.0,0.0,0.0,0.0,0.0,0.0,1.0,3.08
0.0,0.0,0.0,0.0,0.0,0.0,0.0,1.0,3.19
0.0,0.0,0.0,0.0,0.0,0.0,0.0,1.0,3.31
0.0,0.0,0.0,0.0,0.0,0.0,0.0,1.0,3.42
0.0,0.0,0.0,0.0,0.0,0.0,0.0,1.0,3.53
0.0,0.0,0.0,0.0,0.0,0.0,0.0,1.0,3.64
0.0,0.0,0.0,0.0,0.0,0.0,0.0,1.0,3.75
0.0,0.0,0.0,0.0,0.0,0.0,0.0,1.0,3.86
0.0,0.0,0.0,0.0,0.0,0.0,0.0,1.0,3.97
0.0,0.0,0.0,0.0,0.0,0.0,0.0,1.0,4.08
0.0,0.0,0.0,0.0,0.0,0.0,0.0,1.0,4.19
0.0,0.0,0.0,0.0,0.0,0.0,0.0,1.0,4.29
0.0,0.0,0.0,0.0,0.0,0.0,0.0,1.0,4.41
0.0,0.0,0.0,0.0,0.0,0.0,0.0,1.0,4.52
0.0,0.0,0.0,0.0,0.0,0.0,0.0,1.0,4.63
0.0,0.0,0.0,0.0,0.0,0.0,0.0,1.0,4.73
0.0,0.0,0.0,0.0,0.0,0.0,0.0,1.0,4.84
0.0,0.0,0.0,0.0,0.0,0.0,0.0,1.0,4.95
0.0,0.0,0.0,0.0,0.0,0.0,0.0,1.0,5.06
0.0,0.0,0.0,0.0,0.0,0.0,0.0,1.0,5.17
0.0,0.0,0.0,0.0,0.0,0.0,0.0,1.0,5.28
0.0,0.0,0.0,0.0,0.0,0.0,0.0,1.0,5.39
0.0,0.0,0.0,0.0,0.0,0.0,0.0,1.0,5.5
0.0,0.0,0.0,0.0,0.0,0.0,0.0,1.0,5.61
0.0,0.0,0.0,0.0,0.0,0.0,0.0,1.0,5.72
0.0,0.0,0.0,0.0,0.0,0.0,0.0,1.0,5.83
0.0,0.0,0.0,0.0,0.0,0.0,0.0,1.0,5.94
0.0,0.0,0.0,0.0,0.0,0.0,0.0,1.0,6.04
0.0,0.0,0.0,0.0,0.0,0.0,0.0,1.0,6.15
0.0,0.0,0.0,0.0,0.0,0.0,0.0,1.0,6.26
0.0,0.0,0.0,0.0,0.0,0.0,0.0,1.0,6.37
0.0,0.0,0.0,0.0,0.0,0.0,0.0,1.0,6.48
0.0,0.0,0.0,0.0,0.0,0.0,0.0,1.0,6.59
0.0,0.0,0.0,0.0,0.0,0.0,0.0,1.0,6.7
0.0,0.0,0.0,0.0,0.0,0.0,0.0,1.0,6.81
0.0,0.0,0.0,0.0,0.0,0.0,0.0,1.0,6.91
0.0,0.0,0.0,0.0,0.0,0.0,0.0,1.0,7.02
0.0,0.0,0.0,0.0,0.0,0.0,0.0,1.0,7.13
0.0,0.0,0.0,0.0,0.0,0.0,0.0,1.0,7.24
0.0,0.0,0.0,0.0,0.0,0.0,0.0,1.0,7.35
0.0,0.0,0.0,0.0,0.0,0.0,0.0,1.0,7.45
0.0,0.0,0.0,0.0,0.0,0.0,0.0,1.0,7.56
0.0,0.0,0.0,0.0,0.0,0.0,0.0,1.0,7.67
0.0,0.0,0.0,0.0,0.0,0.0,0.0,1.0,7.78
0.0,0.0,0.0,0.0,0.0,0.0,0.0,1.0,7.89
0.0,0.0,0.0,0.0,0.0,0.0,0.0,1.0,8.0
0.0,0.0,0.0,0.0,0.0,0.0,0.0,1.0,8.1
0.0,0.0,0.0,0.0,0.0,0.0,0.0,1.0,8.21
0.0,0.0,0.0,0.0,0.0,0.0,0.0,1.0,8.32
0.0,0.0,0.0,0.0,0.0,0.0,0.0,1.0,8.43
0.0,0.0,0.0,0.0,0.0,0.0,0.0,1.0,8.54
0.0,0.0,0.0,0.0,0.0,0.0,0.0,1.0,8.65
0.0,0.0,0.0,0.0,0.0,0.0,0.0,1.0,8.75
0.0,0.0,0.0,0.0,0.0,0.0,0.0,1.0,8.86
0.0,0.0,0.0,0.0,0.0,0.0,0.0,1.0,8.99
0.0,0.0,0.0,0.0,0.0,0.0,0.0,1.0,9.1
0.0,0.0,0.0,0.0,0.0,0.0,0.0,1.0,9.21
0.0,0.0,0.0,0.0,0.0,0.0,0.0,1.0,9.32
0.0,0.0,0.0,0.0,0.0,0.0,0.0,1.0,9.43
0.0,0.0,0.0,0.0,0.0,0.0,0.0,1.0,9.53
0.0,0.0,0.0,0.0,0.0,0.0,0.0,1.0,9.64
0.0,0.0,0.0,0.0,0.0,0.0,0.0,1.0,9.75
0.0,0.0,0.0,0.0,0.0,0.0,0.0,1.0,9.86
0.0,0.0,0.0,0.0,0.0,0.0,0.0,1.0,9.97
0.0,0.0,0.0,0.0,0.0,0.0,0.0,1.0,10.07
0.0,0.0,0.0,0.0,0.0,0.0,0.0,1.0,10.18
0.0,0.0,0.0,0.0,0.0,0.0,0.0,1.0,10.29
0.0,0.0,0.0,0.0,0.0,0.0,0.0,1.0,10.4
0.0,0.0,0.0,0.0,0.0,0.0,0.0,1.0,10.51
0.0,0.0,0.0,0.0,0.0,0.0,0.0,1.0,10.61
0.0,0.0,0.0,0.0,0.0,0.0,0.0,1.0,10.72
0.0,0.0,0.0,0.0,0.0,0.0,0.0,1.0,10.83
0.0,0.0,0.0,0.0,0.0,0.0,0.0,1.0,10.94
0.0,0.0,0.0,0.0,0.0,0.0,0.0,1.0,11.05
0.0,0.0,0.0,0.0,0.0,0.0,0.0,1.0,11.16
0.0,0.0,0.0,0.0,0.0,0.0,0.0,1.0,11.27
0.0,0.0,0.0,0.0,0.0,0.0,0.0,1.0,11.38
0.0,0.0,0.0,0.0,0.0,0.0,0.0,1.0,11.49
0.0,0.0,0.0,0.0,0.0,0.0,0.0,1.0,11.6
0.0,0.0,0.0,0.0,0.0,0.0,0.0,1.0,11.71
0.0,0.0,0.0,0.0,0.0,0.0,0.0,1.0,11.81
0.0,0.0,0.0,0.0,0.0,0.0,0.0,1.0,11.92
0.0,0.0,0.0,0.0,0.0,0.0,0.0,1.0,12.04
0.0,0.0,0.0,0.0,0.0,0.0,0.0,1.0,12.15
0.0,0.0,0.0,0.0,0.0,0.0,0.0,1.0,12.26
0.0,0.0,0.0,0.0,0.0,0.0,0.0,1.0,12.37
0.0,0.0,0.0,0.0,0.0,0.0,0.0,1.0,12.48
0.0,0.0,0.0,0.0,0.0,0.0,0.0,1.0,12.59
0.0,0.0,0.0,0.0,0.0,0.0,0.0,1.0,12.7
0.0,0.0,0.0,0.0,0.0,0.0,0.0,1.0,12.81
0.0,0.0,0.0,0.0,0.0,0.0,0.0,1.0,12.92
0.0,0.0,0.0,0.0,0.0,0.0,0.0,1.0,13.03
0.0,0.0,0.0,0.0,0.0,0.0,0.0,1.0,13.14
0.0,0.0,0.0,0.0,0.0,0.0,0.0,1.0,13.25
0.0,0.0,0.0,0.0,0.0,0.0,0.0,1.0,13.36
0.0,0.0,0.0,0.0,0.0,0.0,0.0,1.0,13.47
0.0,0.0,0.0,0.0,0.0,0.0,0.0,1.0,13.58
0.0,1.0,0.0,1.0,0.0,0.0,0.0,1.0,13.69
0.0,1.0,0.0,1.0,0.0,0.0,0.0,1.0,13.8
0.0,0.0,0.0,1.0,0.0,0.0,0.0,1.0,13.91
0.0,0.0,0.0,1.0,0.0,0.0,0.0,1.0,14.02
0.0,0.0,0.0,1.0,0.0,0.0,0.0,1.0,14.13
0.0,0.0,0.0,1.0,0.0,0.0,0.0,1.0,14.24
0.0,0.0,0.0,1.0,0.0,0.0,0.0,1.0,14.35
0.0,0.0,0.0,1.0,0.0,0.0,0.0,1.0,14.46
0.0,0.0,0.0,1.0,0.0,0.0,0.0,1.0,14.57
0.0,0.0,0.0,1.0,0.0,0.0,0.0,1.0,14.67
0.0,0.0,0.0,1.0,0.0,0.0,0.0,1.0,14.78
0.0,0.0,0.0,1.0,0.0,0.0,0.0,1.0,14.89
0.0,0.0,0.0,1.0,0.0,0.0,0.0,1.0,14.99
0.0,0.0,0.0,1.0,0.0,0.0,0.0,1.0,15.1
0.0,0.0,0.0,1.0,0.0,0.0,0.0,1.0,15.21
0.0,0.0,0.0,1.0,0.0,0.0,0.0,1.0,15.32
0.0,0.0,0.0,1.0,0.0,0.0,0.0,1.0,15.43
0.0,0.0,0.0,1.0,0.0,0.0,0.0,1.0,15.53
0.0,0.0,0.0,1.0,0.0,0.0,0.0,1.0,15.64
0.0,0.0,0.0,1.0,0.0,0.0,0.0,1.0,15.75
0.0,0.0,0.0,1.0,0.0,0.0,0.0,1.0,15.86
0.0,0.0,0.0,1.0,0.0,0.0,0.0,1.0,15.96
0.0,0.0,0.0,1.0,0.0,0.0,0.0,1.0,16.07
0.0,0.0,0.0,1.0,0.0,0.0,0.0,1.0,16.18
0.0,0.0,0.0,1.0,0.0,0.0,0.0,1.0,16.29
0.0,0.0,0.0,1.0,0.0,0.0,0.0,1.0,16.4
0.0,0.0,0.0,1.0,0.0,0.0,0.0,1.0,16.51
0.0,0.0,0.0,1.0,0.0,0.0,0.0,1.0,16.61
0.0,0.0,0.0,1.0,0.0,0.0,0.0,1.0,16.72
0.0,0.0,0.0,1.0,0.0,0.0,0.0,1.0,16.83
0.0,0.0,0.0,1.0,0.0,0.0,0.0,1.0,16.94
0.0,0.0,0.0,1.0,0.0,0.0,0.0,1.0,17.05
0.0,0.0,0.0,1.0,0.0,0.0,0.0,1.0,17.15
0.0,0.0,0.0,1.0,0.0,0.0,0.0,1.0,17.26
0.0,0.0,0.0,1.0,0.0,0.0,0.0,1.0,17.37
0.0,0.0,0.0,1.0,0.0,0.0,0.0,1.0,17.47
0.0,0.0,0.0,1.0,0.0,0.0,0.0,1.0,17.59
0.0,0.0,0.0,1.0,0.0,0.0,0.0,1.0,17.7
0.0,0.0,0.0,1.0,0.0,0.0,0.0,1.0,17.81
0.0,0.0,0.0,1.0,0.0,0.0,0.0,1.0,17.91
0.0,0.0,0.0,1.0,0.0,0.0,0.0,1.0,18.03
0.0,0.0,0.0,1.0,0.0,0.0,0.0,1.0,18.13
0.0,0.0,0.0,1.0,0.0,0.0,0.0,1.0,18.24
0.0,0.0,0.0,1.0,0.0,0.0,0.0,1.0,18.35
0.0,0.0,0.0,1.0,0.0,0.0,0.0,1.0,18.46
0.0,0.0,0.0,1.0,0.0,0.0,0.0,1.0,18.56
0.0,0.0,0.0,1.0,0.0,0.0,0.0,1.0,18.68
0.0,0.0,0.0,1.0,0.0,0.0,0.0,1.0,18.79
0.0,0.0,0.0,1.0,0.0,1.0,0.0,1.0,18.89
0.0,0.0,0.0,1.0,0.0,1.0,0.0,1.0,19.0
0.0,0.0,0.0,1.0,0.0,1.0,0.0,1.0,19.11
0.0,0.0,1.0,1.0,0.0,1.0,0.0,1.0,19.22
0.0,0.0,1.0,1.0,0.0,1.0,0.0,1.0,19.32
0.0,0.0,1.0,1.0,0.0,0.0,0.0,1.0,19.43
0.0,0.0,1.0,1.0,0.0,0.0,0.0,1.0,19.54
0.0,0.0,1.0,1.0,0.0,0.0,0.0,1.0,19.65
0.0,0.0,1.0,1.0,0.0,0.0,0.0,1.0,19.76
0.0,0.0,1.0,1.0,0.0,0.0,0.0,1.0,19.87
0.0,0.0,1.0,1.0,0.0,0.0,0.0,1.0,19.98
0.0,0.0,1.0,1.0,0.0,0.0,0.0,1.0,20.09
0.0,0.0,1.0,1.0,0.0,1.0,0.0,1.0,20.2
0.0,0.0,1.0,1.0,0.0,1.0,0.0,1.0,20.31
0.0,0.0,1.0,1.0,0.0,1.0,0.0,1.0,20.42
0.0,0.0,1.0,1.0,0.0,1.0,0.0,1.0,20.53
0.0,0.0,1.0,1.0,0.0,1.0,0.0,1.0,20.64
0.0,0.0,1.0,1.0,0.0,1.0,0.0,1.0,20.75
0.0,0.0,1.0,1.0,0.0,1.0,0.0,1.0,20.86
0.0,0.0,1.0,1.0,0.0,0.0,0.0,1.0,20.97
0.0,0.0,1.0,1.0,0.0,0.0,0.0,1.0,21.08
0.0,0.0,1.0,1.0,0.0,0.0,0.0,1.0,21.19
0.0,0.0,1.0,1.0,0.0,0.0,0.0,1.0,21.3
0.0,0.0,1.0,1.0,0.0,0.0,0.0,1.0,21.41
0.0,0.0,1.0,0.0,0.0,0.0,0.0,1.0,21.52
0.0,0.0,1.0,0.0,0.0,0.0,0.0,1.0,21.63
0.0,0.0,1.0,0.0,0.0,0.0,0.0,1.0,21.74
0.0,0.0,1.0,0.0,0.0,0.0,0.0,1.0,21.85
0.0,0.0,1.0,0.0,0.0,0.0,0.0,1.0,21.96
0.0,0.0,1.0,0.0,0.0,0.0,0.0,1.0,22.07
0.0,0.0,1.0,0.0,0.0,0.0,0.0,1.0,22.19
0.0,0.0,1.0,0.0,0.0,0.0,0.0,1.0,22.3
0.0,0.0,1.0,0.0,0.0,0.0,0.0,1.0,22.41
0.0,0.0,1.0,0.0,0.0,0.0,0.0,1.0,22.52
0.0,0.0,1.0,0.0,0.0,0.0,0.0,1.0,22.63
0.0,0.0,1.0,0.0,0.0,0.0,0.0,1.0,22.74
0.0,0.0,1.0,0.0,0.0,0.0,0.0,1.0,22.85
0.0,0.0,1.0,0.0,0.0,0.0,0.0,1.0,22.96
0.0,0.0,1.0,0.0,0.0,0.0,0.0,1.0,23.07
0.0,0.0,1.0,0.0,0.0,0.0,0.0,1.0,23.18
0.0,0.0,1.0,0.0,0.0,0.0,0.0,1.0,23.29
0.0,0.0,1.0,0.0,0.0,0.0,0.0,1.0,23.4
0.0,0.0,1.0,0.0,0.0,0.0,0.0,1.0,23.52
0.0,0.0,1.0,0.0,0.0,0.0,0.0,1.0,23.62
0.0,0.0,1.0,0.0,0.0,0.0,0.0,1.0,23.73
0.0,0.0,1.0,0.0,0.0,0.0,0.0,1.0,23.85
0.0,0.0,1.0,0.0,0.0,0.0,0.0,1.0,23.96
0.0,0.0,1.0,0.0,0.0,0.0,0.0,1.0,24.06
0.0,0.0,1.0,0.0,0.0,0.0,0.0,1.0,24.18
0.0,0.0,1.0,0.0,0.0,0.0,0.0,1.0,24.29
0.0,0.0,1.0,0.0,0.0,0.0,0.0,1.0,24.4
0.0,0.0,1.0,0.0,0.0,0.0,0.0,1.0,24.51
0.0,0.0,1.0,0.0,0.0,0.0,0.0,1.0,24.62
0.0,0.0,1.0,0.0,0.0,0.0,0.0,1.0,24.73
0.0,0.0,1.0,0.0,0.0,0.0,0.0,1.0,24.84
0.0,0.0,1.0,0.0,0.0,0.0,0.0,1.0,24.95
0.0,0.0,1.0,0.0,0.0,0.0,0.0,1.0,25.05
0.0,0.0,1.0,0.0,0.0,0.0,0.0,1.0,25.16
0.0,0.0,1.0,0.0,0.0,0.0,0.0,1.0,25.28
0.0,0.0,1.0,0.0,0.0,0.0,0.0,1.0,25.39
0.0,0.0,1.0,0.0,0.0,0.0,0.0,1.0,25.5
0.0,0.0,1.0,0.0,0.0,0.0,0.0,1.0,25.61
0.0,0.0,1.0,0.0,0.0,0.0,0.0,1.0,25.72
0.0,0.0,1.0,0.0,0.0,1.0,0.0,1.0,25.83
0.0,0.0,1.0,0.0,0.0,1.0,0.0,1.0,25.94
0.0,0.0,1.0,0.0,0.0,1.0,0.0,1.0,26.05
0.0,0.0,1.0,0.0,0.0,1.0,0.0,1.0,26.16
0.0,0.0,1.0,0.0,0.0,1.0,0.0,1.0,26.27
0.0,0.0,1.0,0.0,0.0,1.0,0.0,1.0,26.38
0.0,0.0,1.0,0.0,1.0,1.0,0.0,1.0,26.49
0.0,0.0,1.0,0.0,1.0,1.0,0.0,1.0,26.6
0.0,0.0,1.0,0.0,1.0,1.0,0.0,1.0,26.71
0.0,0.0,1.0,0.0,1.0,1.0,0.0,1.0,26.82
0.0,0.0,1.0,0.0,1.0,1.0,0.0,1.0,26.93
0.0,0.0,0.0,0.0,1.0,1.0,0.0,1.0,27.04
0.0,0.0,0.0,0.0,1.0,1.0,0.0,1.0,27.14
0.0,0.0,0.0,0.0,1.0,1.0,0.0,1.0,27.25
0.0,0.0,0.0,0.0,1.0,1.0,0.0,1.0,27.36
0.0,0.0,0.0,0.0,1.0,1.0,0.0,1.0,27.47
0.0,0.0,0.0,0.0,1.0,1.0,0.0,1.0,27.58
0.0,0.0,0.0,0.0,1.0,1.0,0.0,1.0,27.69
0.0,0.0,0.0,0.0,1.0,1.0,0.0,1.0,27.8
0.0,0.0,0.0,0.0,1.0,1.0,0.0,1.0,27.91
0.0,0.0,1.0,0.0,0.0,1.0,0.0,1.0,28.02
0.0,0.0,1.0,0.0,0.0,0.0,0.0,1.0,28.13
0.0,0.0,1.0,0.0,0.0,0.0,0.0,1.0,28.24
0.0,0.0,1.0,0.0,0.0,0.0,0.0,0.0,28.35
0.0,0.0,1.0,0.0,0.0,0.0,0.0,0.0,28.46
0.0,0.0,1.0,0.0,0.0,0.0,0.0,0.0,28.57
0.0,0.0,1.0,0.0,0.0,0.0,0.0,0.0,28.68
0.0,0.0,1.0,0.0,0.0,0.0,0.0,0.0,28.79
0.0,0.0,1.0,0.0,0.0,0.0,0.0,0.0,28.9
0.0,0.0,1.0,0.0,0.0,0.0,0.0,0.0,29.01
0.0,0.0,1.0,0.0,0.0,0.0,0.0,0.0,29.13
0.0,0.0,1.0,0.0,0.0,0.0,0.0,0.0,29.24
0.0,0.0,1.0,0.0,0.0,0.0,0.0,0.0,29.35
0.0,0.0,1.0,0.0,0.0,0.0,0.0,0.0,29.46
0.0,0.0,1.0,0.0,0.0,0.0,0.0,0.0,29.58
0.0,0.0,1.0,0.0,0.0,0.0,0.0,0.0,29.69
0.0,0.0,1.0,0.0,0.0,0.0,0.0,0.0,29.8
0.0,0.0,1.0,0.0,0.0,0.0,0.0,0.0,29.91
0.0,0.0,1.0,0.0,0.0,0.0,0.0,0.0,30.02
0.0,0.0,1.0,0.0,0.0,0.0,0.0,0.0,30.13
0.0,0.0,1.0,0.0,0.0,0.0,0.0,0.0,30.24
0.0,0.0,1.0,0.0,0.0,0.0,0.0,0.0,30.36
0.0,0.0,1.0,0.0,0.0,0.0,0.0,0.0,30.47
0.0,0.0,1.0,0.0,0.0,0.0,0.0,0.0,30.58
0.0,0.0,1.0,0.0,0.0,0.0,0.0,0.0,30.69
0.0,0.0,1.0,0.0,0.0,0.0,0.0,0.0,30.8
0.0,0.0,1.0,0.0,0.0,0.0,0.0,0.0,30.91
0.0,0.0,1.0,0.0,0.0,0.0,0.0,0.0,31.04
0.0,0.0,1.0,0.0,0.0,0.0,0.0,0.0,31.16
0.0,0.0,1.0,0.0,0.0,0.0,0.0,0.0,31.27
0.0,0.0,1.0,0.0,0.0,0.0,0.0,0.0,31.38
0.0,0.0,1.0,0.0,0.0,0.0,0.0,0.0,31.5
0.0,0.0,1.0,0.0,0.0,0.0,0.0,0.0,31.61
0.0,0.0,1.0,0.0,0.0,0.0,0.0,0.0,31.72
0.0,0.0,1.0,0.0,0.0,0.0,0.0,0.0,31.83
0.0,0.0,1.0,0.0,0.0,0.0,0.0,0.0,31.94
0.0,0.0,1.0,0.0,0.0,0.0,0.0,0.0,32.05
0.0,0.0,1.0,0.0,0.0,0.0,0.0,0.0,32.16
0.0,0.0,1.0,0.0,0.0,0.0,0.0,0.0,32.27
0.0,0.0,1.0,0.0,0.0,0.0,0.0,0.0,32.39
0.0,0.0,1.0,0.0,0.0,0.0,0.0,0.0,32.5
0.0,0.0,1.0,0.0,0.0,0.0,0.0,0.0,32.61
0.0,0.0,1.0,0.0,0.0,0.0,0.0,0.0,32.72
0.0,0.0,1.0,0.0,0.0,0.0,0.0,0.0,32.83
0.0,0.0,1.0,0.0,0.0,0.0,0.0,0.0,32.94
0.0,0.0,1.0,0.0,0.0,0.0,0.0,0.0,33.05
0.0,0.0,1.0,0.0,0.0,0.0,0.0,0.0,33.16
0.0,0.0,1.0,0.0,0.0,0.0,0.0,0.0,33.27
0.0,0.0,1.0,0.0,0.0,0.0,0.0,0.0,33.38
0.0,0.0,1.0,0.0,0.0,0.0,0.0,0.0,33.49
0.0,0.0,1.0,0.0,0.0,0.0,0.0,0.0,33.61
0.0,0.0,1.0,0.0,0.0,0.0,0.0,0.0,33.72
0.0,0.0,1.0,0.0,0.0,0.0,0.0,0.0,33.83
0.0,0.0,1.0,0.0,0.0,0.0,0.0,0.0,33.94
0.0,0.0,1.0,0.0,0.0,0.0,0.0,0.0,34.05
0.0,0.0,1.0,0.0,0.0,0.0,0.0,0.0,34.16
0.0,0.0,1.0,0.0,0.0,0.0,0.0,0.0,34.27
0.0,0.0,1.0,0.0,0.0,0.0,0.0,0.0,34.39
0.0,0.0,1.0,0.0,0.0,0.0,0.0,0.0,34.5
0.0,0.0,1.0,0.0,0.0,0.0,0.0,0.0,34.61
0.0,0.0,1.0,0.0,0.0,0.0,0.0,0.0,34.73
0.0,0.0,1.0,0.0,0.0,0.0,0.0,0.0,34.84
0.0,0.0,1.0,0.0,0.0,0.0,0.0,0.0,34.95
0.0,0.0,1.0,0.0,0.0,0.0,0.0,0.0,35.06
0.0,0.0,1.0,0.0,0.0,0.0,0.0,0.0,35.17
0.0,0.0,1.0,0.0,0.0,0.0,0.0,0.0,35.28
0.0,0.0,1.0,0.0,0.0,0.0,0.0,0.0,35.39
0.0,0.0,1.0,0.0,0.0,0.0,0.0,0.0,35.51
0.0,0.0,1.0,0.0,0.0,0.0,0.0,0.0,35.62
0.0,0.0,1.0,0.0,0.0,0.0,0.0,0.0,35.73
0.0,0.0,1.0,0.0,0.0,0.0,0.0,0.0,35.84
0.0,0.0,1.0,0.0,0.0,0.0,0.0,0.0,35.96
0.0,0.0,1.0,0.0,0.0,0.0,0.0,0.0,36.07
0.0,0.0,1.0,0.0,0.0,0.0,0.0,0.0,36.18
0.0,0.0,1.0,0.0,0.0,0.0,0.0,0.0,36.29
0.0,0.0,1.0,0.0,0.0,0.0,0.0,0.0,36.4
0.0,0.0,1.0,0.0,0.0,0.0,0.0,0.0,36.51
0.0,0.0,1.0,0.0,0.0,0.0,0.0,0.0,36.62
0.0,0.0,1.0,0.0,0.0,0.0,0.0,0.0,36.73
0.0,0.0,1.0,0.0,0.0,0.0,0.0,0.0,36.84
0.0,0.0,1.0,0.0,0.0,0.0,0.0,0.0,36.95
0.0,0.0,1.0,0.0,0.0,0.0,0.0,0.0,37.06
0.0,0.0,1.0,0.0,0.0,0.0,0.0,0.0,37.18
0.0,0.0,1.0,0.0,0.0,0.0,0.0,0.0,37.29
0.0,0.0,1.0,0.0,0.0,0.0,1.0,0.0,37.41
0.0,0.0,1.0,0.0,0.0,0.0,1.0,0.0,37.52
0.0,0.0,1.0,0.0,0.0,0.0,1.0,0.0,37.63
0.0,0.0,1.0,0.0,0.0,0.0,1.0,0.0,37.74
0.0,0.0,1.0,0.0,0.0,0.0,1.0,0.0,37.85
0.0,0.0,1.0,0.0,0.0,0.0,1.0,0.0,37.96
0.0,0.0,1.0,0.0,0.0,0.0,1.0,0.0,38.07
0.0,0.0,1.0,1.0,0.0,0.0,1.0,0.0,38.18
0.0,0.0,1.0,1.0,0.0,0.0,1.0,0.0,38.29
0.0,0.0,1.0,1.0,0.0,0.0,1.0,0.0,38.4
0.0,0.0,1.0,1.0,0.0,0.0,1.0,0.0,38.51
0.0,0.0,1.0,1.0,0.0,0.0,1.0,0.0,38.63
0.0,0.0,1.0,1.0,0.0,0.0,1.0,0.0,38.74
0.0,0.0,1.0,1.0,0.0,0.0,1.0,0.0,38.84
0.0,0.0,1.0,1.0,0.0,0.0,1.0,0.0,38.95
0.0,0.0,1.0,1.0,0.0,0.0,1.0,0.0,39.06
0.0,0.0,1.0,1.0,0.0,0.0,1.0,0.0,39.17
0.0,0.0,1.0,1.0,0.0,0.0,1.0,0.0,39.28
0.0,0.0,1.0,1.0,0.0,0.0,1.0,0.0,39.39
0.0,0.0,1.0,1.0,0.0,0.0,1.0,0.0,39.5
0.0,0.0,1.0,1.0,0.0,0.0,1.0,0.0,39.61
0.0,0.0,1.0,1.0,0.0,0.0,1.0,0.0,39.72
0.0,0.0,1.0,1.0,0.0,0.0,1.0,0.0,39.84
0.0,0.0,1.0,1.0,0.0,0.0,1.0,0.0,39.94
0.0,0.0,1.0,1.0,0.0,0.0,1.0,0.0,40.05
0.0,0.0,1.0,1.0,0.0,0.0,1.0,0.0,40.16
0.0,0.0,1.0,1.0,0.0,0.0,1.0,0.0,40.27
0.0,0.0,1.0,1.0,0.0,0.0,1.0,0.0,40.38
0.0,0.0,1.0,1.0,0.0,0.0,1.0,0.0,40.49
0.0,0.0,1.0,1.0,0.0,0.0,1.0,0.0,40.6
0.0,0.0,1.0,1.0,0.0,0.0,1.0,0.0,40.71
0.0,0.0,1.0,1.0,0.0,0.0,1.0,0.0,40.83
0.0,0.0,1.0,1.0,0.0,0.0,1.0,0.0,40.94
0.0,0.0,1.0,1.0,0.0,0.0,1.0,0.0,41.04
0.0,0.0,1.0,1.0,0.0,0.0,1.0,0.0,41.15
0.0,0.0,1.0,1.0,0.0,0.0,1.0,0.0,41.26
0.0,0.0,1.0,1.0,0.0,0.0,1.0,0.0,41.37
0.0,0.0,1.0,1.0,0.0,0.0,1.0,0.0,41.48
0.0,0.0,1.0,1.0,0.0,0.0,1.0,0.0,41.59
0.0,0.0,1.0,1.0,0.0,0.0,1.0,0.0,41.7
0.0,0.0,1.0,1.0,0.0,0.0,1.0,0.0,41.81
0.0,0.0,1.0,1.0,0.0,0.0,1.0,0.0,41.92
0.0,0.0,1.0,1.0,0.0,0.0,1.0,0.0,42.03
0.0,0.0,1.0,1.0,0.0,0.0,1.0,0.0,42.14
0.0,0.0,1.0,1.0,0.0,0.0,1.0,0.0,42.25
0.0,0.0,1.0,1.0,0.0,0.0,1.0,0.0,42.36
0.0,0.0,1.0,1.0,0.0,0.0,1.0,0.0,42.48
0.0,0.0,1.0,1.0,0.0,0.0,1.0,0.0,42.59
0.0,0.0,1.0,1.0,0.0,0.0,1.0,0.0,42.7
0.0,0.0,1.0,1.0,0.0,0.0,1.0,0.0,42.81
0.0,0.0,1.0,1.0,0.0,0.0,1.0,0.0,42.92
0.0,0.0,1.0,0.0,0.0,0.0,1.0,0.0,43.03
0.0,0.0,1.0,0.0,0.0,0.0,1.0,0.0,43.14
0.0,0.0,1.0,0.0,0.0,0.0,0.0,0.0,43.26
0.0,0.0,1.0,0.0,0.0,0.0,0.0,0.0,43.37
0.0,0.0,1.0,0.0,0.0,0.0,0.0,0.0,43.48
0.0,0.0,1.0,0.0,0.0,0.0,0.0,0.0,43.59
0.0,0.0,1.0,0.0,0.0,0.0,0.0,0.0,43.7
0.0,0.0,1.0,0.0,0.0,0.0,0.0,0.0,43.81
0.0,0.0,1.0,0.0,0.0,0.0,0.0,0.0,43.92
0.0,0.0,1.0,0.0,0.0,0.0,0.0,0.0,44.03
0.0,0.0,1.0,0.0,0.0,0.0,0.0,0.0,44.14
0.0,0.0,1.0,0.0,0.0,0.0,0.0,0.0,44.25
0.0,0.0,1.0,0.0,0.0,0.0,0.0,0.0,44.36
0.0,0.0,1.0,0.0,0.0,0.0,0.0,0.0,44.47
0.0,0.0,1.0,0.0,0.0,0.0,0.0,0.0,44.58
0.0,0.0,1.0,0.0,0.0,0.0,0.0,0.0,44.69
0.0,0.0,1.0,0.0,0.0,0.0,1.0,0.0,44.8
0.0,0.0,1.0,0.0,0.0,0.0,1.0,0.0,44.91
0.0,0.0,1.0,0.0,0.0,0.0,1.0,0.0,45.03
0.0,0.0,1.0,1.0,0.0,0.0,1.0,0.0,45.14
0.0,0.0,1.0,1.0,0.0,0.0,1.0,0.0,45.25
0.0,0.0,1.0,1.0,0.0,0.0,1.0,0.0,45.37
0.0,0.0,1.0,1.0,0.0,0.0,1.0,0.0,45.48
0.0,0.0,1.0,1.0,0.0,0.0,1.0,0.0,45.6
0.0,0.0,1.0,1.0,0.0,0.0,1.0,0.0,45.71
0.0,0.0,1.0,1.0,0.0,0.0,1.0,0.0,45.82
0.0,0.0,1.0,1.0,0.0,0.0,1.0,0.0,45.93
0.0,0.0,1.0,1.0,0.0,0.0,1.0,0.0,46.04
0.0,0.0,1.0,1.0,0.0,0.0,1.0,0.0,46.15
0.0,0.0,1.0,1.0,0.0,0.0,1.0,0.0,46.26
0.0,0.0,1.0,1.0,0.0,0.0,1.0,0.0,46.37
0.0,0.0,1.0,1.0,0.0,0.0,1.0,0.0,46.48
0.0,0.0,1.0,1.0,0.0,0.0,1.0,0.0,46.6
0.0,0.0,1.0,1.0,0.0,0.0,1.0,0.0,46.71
0.0,0.0,1.0,1.0,0.0,0.0,1.0,0.0,46.82
0.0,0.0,1.0,1.0,0.0,0.0,1.0,0.0,46.93
0.0,0.0,1.0,1.0,0.0,0.0,1.0,0.0,47.04
0.0,0.0,1.0,1.0,0.0,0.0,1.0,0.0,47.15
0.0,0.0,1.0,1.0,0.0,0.0,1.0,0.0,47.26
0.0,0.0,1.0,1.0,0.0,0.0,1.0,0.0,47.38
0.0,0.0,1.0,1.0,0.0,0.0,1.0,0.0,47.49
0.0,0.0,1.0,1.0,0.0,0.0,1.0,0.0,47.6
0.0,0.0,1.0,1.0,0.0,0.0,1.0,0.0,47.71
0.0,0.0,1.0,1.0,0.0,0.0,1.0,0.0,47.82
0.0,0.0,1.0,1.0,0.0,0.0,1.0,0.0,47.93
0.0,0.0,1.0,1.0,0.0,0.0,1.0,0.0,48.05
0.0,0.0,1.0,1.0,0.0,0.0,1.0,0.0,48.16
0.0,0.0,1.0,1.0,0.0,0.0,1.0,0.0,48.27
0.0,0.0,1.0,1.0,0.0,0.0,1.0,0.0,48.39
0.0,0.0,1.0,1.0,0.0,0.0,1.0,0.0,48.52
0.0,0.0,1.0,1.0,0.0,0.0,1.0,0.0,48.63
0.0,0.0,1.0,1.0,0.0,0.0,1.0,0.0,48.75
0.0,0.0,1.0,1.0,0.0,0.0,1.0,0.0,48.86
0.0,0.0,1.0,1.0,0.0,0.0,1.0,0.0,48.97
0.0,0.0,1.0,1.0,0.0,0.0,1.0,0.0,49.08
0.0,0.0,1.0,1.0,0.0,0.0,1.0,0.0,49.19
0.0,0.0,1.0,1.0,0.0,0.0,1.0,0.0,49.31
0.0,0.0,1.0,1.0,0.0,0.0,1.0,0.0,49.42
0.0,0.0,1.0,1.0,0.0,0.0,1.0,0.0,49.53
0.0,0.0,1.0,1.0,0.0,0.0,1.0,0.0,49.64
0.0,0.0,1.0,1.0,0.0,0.0,1.0,0.0,49.75
0.0,0.0,1.0,1.0,0.0,0.0,1.0,0.0,49.86
0.0,0.0,1.0,1.0,0.0,0.0,1.0,0.0,49.97
0.0,0.0,1.0,1.0,0.0,0.0,1.0,0.0,50.08
0.0,0.0,1.0,0.0,0.0,0.0,1.0,0.0,50.19
0.0,0.0,1.0,0.0,0.0,0.0,1.0,0.0,50.3
0.0,0.0,1.0,0.0,0.0,0.0,1.0,0.0,50.41
0.0,0.0,1.0,0.0,0.0,0.0,1.0,0.0,50.53
0.0,0.0,1.0,0.0,0.0,0.0,1.0,0.0,50.64
0.0,0.0,1.0,0.0,0.0,0.0,1.0,0.0,50.75
0.0,0.0,1.0,0.0,0.0,0.0,1.0,0.0,50.87
0.0,0.0,1.0,0.0,0.0,0.0,1.0,0.0,50.98
0.0,0.0,1.0,0.0,0.0,0.0,1.0,0.0,51.09
0.0,0.0,1.0,0.0,0.0,0.0,1.0,0.0,51.2
0.0,0.0,1.0,0.0,0.0,0.0,1.0,0.0,51.31
0.0,0.0,1.0,0.0,0.0,0.0,1.0,0.0,51.42
0.0,0.0,1.0,0.0,0.0,0.0,1.0,0.0,51.53
0.0,0.0,1.0,0.0,0.0,0.0,1.0,0.0,51.65
0.0,0.0,1.0,0.0,0.0,0.0,1.0,0.0,51.77
0.0,0.0,1.0,0.0,0.0,0.0,1.0,0.0,51.89
0.0,0.0,1.0,0.0,0.0,0.0,1.0,0.0,52.0
0.0,0.0,1.0,0.0,0.0,0.0,1.0,0.0,52.11
0.0,0.0,1.0,0.0,0.0,0.0,1.0,0.0,52.22
0.0,0.0,1.0,0.0,0.0,0.0,1.0,0.0,52.33
0.0,0.0,1.0,0.0,0.0,0.0,1.0,0.0,52.44
0.0,0.0,1.0,0.0,0.0,0.0,1.0,0.0,52.55
0.0,0.0,1.0,0.0,0.0,0.0,1.0,0.0,52.67
0.0,0.0,1.0,0.0,0.0,0.0,1.0,0.0,52.78
0.0,0.0,1.0,0.0,0.0,0.0,1.0,0.0,52.89
0.0,0.0,1.0,0.0,0.0,0.0,0.0,0.0,53.0
0.0,0.0,1.0,0.0,0.0,0.0,0.0,0.0,53.11
0.0,0.0,1.0,0.0,0.0,0.0,0.0,0.0,53.23
0.0,0.0,1.0,0.0,0.0,0.0,0.0,0.0,53.35
0.0,0.0,1.0,0.0,0.0,0.0,0.0,0.0,53.46
0.0,0.0,1.0,0.0,0.0,0.0,0.0,0.0,53.57
0.0,0.0,0.0,0.0,0.0,0.0,0.0,0.0,53.68
0.0,0.0,0.0,0.0,0.0,0.0,0.0,0.0,53.8
0.0,0.0,0.0,1.0,0.0,0.0,0.0,0.0,53.91
0.0,0.0,0.0,1.0,0.0,0.0,0.0,0.0,54.02
0.0,0.0,0.0,1.0,0.0,0.0,0.0,0.0,54.13
0.0,0.0,0.0,1.0,0.0,0.0,0.0,0.0,54.24
0.0,0.0,0.0,1.0,0.0,0.0,0.0,0.0,54.35
0.0,0.0,0.0,1.0,0.0,0.0,0.0,0.0,54.46
0.0,0.0,0.0,1.0,0.0,0.0,0.0,0.0,54.58
0.0,0.0,0.0,1.0,0.0,0.0,0.0,0.0,54.69
0.0,0.0,0.0,1.0,0.0,0.0,0.0,0.0,54.8
0.0,0.0,0.0,0.0,0.0,0.0,0.0,0.0,54.92
0.0,0.0,0.0,1.0,0.0,0.0,0.0,0.0,55.03
0.0,0.0,0.0,0.0,0.0,0.0,0.0,0.0,55.14
0.0,0.0,0.0,0.0,0.0,0.0,0.0,0.0,55.26
0.0,0.0,0.0,0.0,0.0,0.0,0.0,0.0,55.37
0.0,0.0,0.0,0.0,0.0,0.0,0.0,0.0,55.49
0.0,0.0,0.0,0.0,0.0,0.0,0.0,0.0,55.6
0.0,0.0,0.0,0.0,0.0,0.0,0.0,0.0,55.71
0.0,0.0,0.0,0.0,0.0,0.0,0.0,0.0,55.82
0.0,0.0,0.0,0.0,0.0,0.0,0.0,0.0,55.93
0.0,0.0,0.0,0.0,0.0,0.0,0.0,0.0,56.05
0.0,0.0,0.0,1.0,0.0,0.0,0.0,0.0,56.17
0.0,0.0,0.0,1.0,0.0,0.0,0.0,0.0,56.28
0.0,0.0,0.0,1.0,0.0,0.0,0.0,0.0,56.39
0.0,0.0,0.0,1.0,0.0,0.0,0.0,0.0,56.5
0.0,0.0,0.0,1.0,0.0,0.0,0.0,0.0,56.62
0.0,0.0,0.0,1.0,0.0,0.0,0.0,0.0,56.73
0.0,0.0,0.0,1.0,0.0,0.0,0.0,0.0,56.84
0.0,0.0,0.0,1.0,0.0,0.0,0.0,0.0,56.95
0.0,0.0,0.0,1.0,0.0,0.0,0.0,0.0,57.07
0.0,0.0,0.0,1.0,0.0,0.0,0.0,0.0,57.18
0.0,0.0,0.0,1.0,0.0,0.0,0.0,0.0,57.29
0.0,0.0,0.0,1.0,0.0,0.0,0.0,0.0,57.41
0.0,0.0,0.0,1.0,0.0,0.0,0.0,0.0,57.52
0.0,0.0,0.0,1.0,0.0,0.0,0.0,0.0,57.63
0.0,0.0,0.0,1.0,0.0,0.0,0.0,0.0,57.74
0.0,0.0,0.0,1.0,0.0,0.0,0.0,0.0,57.86
0.0,0.0,0.0,1.0,0.0,0.0,0.0,0.0,57.97
0.0,0.0,0.0,1.0,0.0,0.0,0.0,0.0,58.08
0.0,0.0,0.0,1.0,0.0,0.0,0.0,0.0,58.2
0.0,0.0,0.0,1.0,0.0,0.0,0.0,0.0,58.31
0.0,0.0,0.0,1.0,0.0,0.0,0.0,0.0,58.42
0.0,0.0,0.0,1.0,0.0,0.0,0.0,0.0,58.53
0.0,0.0,0.0,1.0,0.0,0.0,0.0,0.0,58.64
0.0,0.0,0.0,1.0,0.0,0.0,0.0,0.0,58.76
0.0,0.0,0.0,1.0,0.0,0.0,0.0,0.0,58.87
0.0,0.0,0.0,1.0,0.0,0.0,0.0,0.0,58.98
0.0,0.0,0.0,1.0,0.0,0.0,0.0,0.0,59.09
0.0,0.0,0.0,1.0,0.0,0.0,0.0,0.0,59.21
0.0,0.0,0.0,1.0,0.0,0.0,0.0,0.0,59.32
0.0,0.0,0.0,1.0,0.0,0.0,0.0,0.0,59.43
0.0,0.0,0.0,1.0,0.0,0.0,0.0,0.0,59.54
0.0,0.0,0.0,1.0,0.0,0.0,0.0,0.0,59.65
0.0,0.0,0.0,1.0,0.0,0.0,0.0,0.0,59.77
0.0,0.0,0.0,1.0,0.0,0.0,0.0,0.0,59.88
0.0,0.0,0.0,1.0,0.0,0.0,0.0,0.0,59.99
0.0,0.0,0.0,1.0,0.0,0.0,0.0,0.0,60.1
0.0,0.0,0.0,1.0,0.0,0.0,0.0,0.0,60.22
0.0,0.0,0.0,1.0,0.0,0.0,0.0,0.0,60.33
0.0,0.0,0.0,1.0,0.0,0.0,0.0,0.0,60.44
0.0,0.0,0.0,1.0,0.0,0.0,0.0,0.0,60.56
0.0,0.0,0.0,1.0,0.0,0.0,0.0,0.0,60.67
0.0,0.0,0.0,1.0,0.0,0.0,0.0,0.0,60.78
0.0,0.0,0.0,1.0,0.0,0.0,0.0,0.0,60.9
0.0,0.0,0.0,1.0,0.0,0.0,0.0,0.0,61.01
0.0,0.0,0.0,1.0,0.0,0.0,0.0,0.0,61.12
0.0,0.0,0.0,1.0,0.0,0.0,0.0,0.0,61.23
0.0,0.0,0.0,1.0,0.0,0.0,0.0,0.0,61.34
0.0,0.0,0.0,1.0,0.0,0.0,0.0,0.0,61.46
0.0,0.0,0.0,1.0,0.0,0.0,0.0,0.0,61.57
0.0,0.0,0.0,1.0,0.0,0.0,0.0,0.0,61.68
0.0,0.0,0.0,1.0,0.0,0.0,0.0,0.0,61.79
0.0,0.0,0.0,1.0,0.0,0.0,0.0,0.0,61.91
0.0,0.0,0.0,1.0,0.0,0.0,0.0,0.0,62.02
0.0,0.0,0.0,1.0,0.0,0.0,0.0,0.0,62.14
0.0,0.0,0.0,1.0,0.0,0.0,0.0,0.0,62.25
0.0,0.0,0.0,1.0,0.0,0.0,0.0,0.0,62.36
0.0,0.0,0.0,1.0,0.0,0.0,0.0,0.0,62.48
0.0,0.0,0.0,1.0,0.0,0.0,0.0,0.0,62.59
0.0,0.0,0.0,1.0,0.0,0.0,0.0,0.0,62.7
0.0,0.0,0.0,1.0,0.0,0.0,0.0,0.0,62.82
0.0,0.0,0.0,1.0,0.0,0.0,0.0,0.0,62.93
0.0,0.0,0.0,1.0,0.0,0.0,0.0,0.0,63.04
0.0,0.0,0.0,1.0,0.0,0.0,0.0,0.0,63.15
0.0,0.0,0.0,1.0,0.0,0.0,0.0,0.0,63.27
0.0,0.0,0.0,1.0,0.0,0.0,0.0,0.0,63.38
0.0,0.0,0.0,1.0,0.0,0.0,0.0,0.0,63.49
0.0,0.0,0.0,1.0,0.0,0.0,0.0,0.0,63.6
0.0,0.0,0.0,1.0,0.0,0.0,0.0,0.0,63.71
0.0,0.0,0.0,1.0,0.0,0.0,0.0,0.0,63.83
0.0,0.0,0.0,1.0,0.0,0.0,0.0,0.0,63.94
0.0,0.0,0.0,1.0,0.0,0.0,0.0,0.0,64.05
0.0,0.0,0.0,1.0,0.0,0.0,0.0,0.0,64.16
0.0,0.0,0.0,1.0,0.0,0.0,0.0,0.0,64.27
0.0,0.0,0.0,1.0,0.0,0.0,0.0,0.0,64.38
0.0,0.0,0.0,1.0,0.0,0.0,0.0,0.0,64.49
0.0,0.0,0.0,1.0,0.0,0.0,0.0,0.0,64.6
0.0,0.0,0.0,1.0,0.0,0.0,0.0,0.0,64.72
0.0,0.0,0.0,1.0,0.0,0.0,0.0,0.0,64.83
0.0,0.0,0.0,1.0,0.0,0.0,0.0,0.0,64.94
0.0,0.0,0.0,1.0,0.0,0.0,0.0,0.0,65.05
0.0,0.0,0.0,1.0,0.0,0.0,0.0,0.0,65.17
0.0,0.0,0.0,1.0,0.0,0.0,0.0,0.0,65.28
0.0,0.0,0.0,1.0,0.0,0.0,0.0,0.0,65.39
0.0,0.0,0.0,1.0,0.0,0.0,0.0,0.0,65.5
0.0,0.0,0.0,1.0,0.0,0.0,0.0,0.0,65.61
0.0,0.0,0.0,1.0,0.0,0.0,0.0,0.0,65.72
0.0,0.0,0.0,1.0,0.0,0.0,0.0,0.0,65.84
0.0,0.0,0.0,1.0,0.0,0.0,0.0,0.0,65.95
0.0,0.0,0.0,1.0,0.0,0.0,0.0,0.0,66.06
0.0,0.0,0.0,1.0,0.0,0.0,0.0,0.0,66.17
0.0,0.0,0.0,1.0,0.0,0.0,0.0,0.0,66.29
0.0,0.0,0.0,1.0,0.0,0.0,0.0,0.0,66.4
0.0,0.0,0.0,1.0,0.0,0.0,0.0,0.0,66.52
0.0,0.0,0.0,1.0,0.0,0.0,0.0,0.0,66.63
0.0,0.0,0.0,1.0,0.0,0.0,0.0,0.0,66.74
0.0,0.0,0.0,1.0,0.0,0.0,0.0,0.0,66.85
0.0,0.0,0.0,1.0,0.0,0.0,0.0,0.0,66.97
0.0,0.0,0.0,1.0,0.0,0.0,0.0,0.0,67.08
0.0,0.0,0.0,1.0,0.0,0.0,0.0,0.0,67.19
0.0,0.0,0.0,1.0,0.0,0.0,0.0,0.0,67.31
0.0,0.0,0.0,1.0,0.0,0.0,0.0,0.0,67.42
0.0,0.0,0.0,1.0,0.0,0.0,0.0,0.0,67.53
0.0,0.0,0.0,1.0,0.0,0.0,0.0,0.0,67.64
0.0,0.0,0.0,1.0,0.0,0.0,0.0,0.0,67.76
0.0,0.0,0.0,1.0,0.0,0.0,0.0,0.0,67.87
0.0,0.0,0.0,1.0,0.0,0.0,0.0,0.0,67.99
0.0,0.0,0.0,1.0,0.0,0.0,0.0,0.0,68.1
0.0,0.0,0.0,1.0,0.0,0.0,0.0,0.0,68.21
0.0,0.0,0.0,1.0,0.0,0.0,0.0,0.0,68.33
0.0,0.0,0.0,1.0,0.0,0.0,0.0,0.0,68.44
0.0,0.0,0.0,1.0,0.0,0.0,0.0,0.0,68.55
0.0,0.0,0.0,1.0,0.0,0.0,0.0,0.0,68.66
0.0,0.0,0.0,1.0,0.0,0.0,0.0,0.0,68.78
0.0,0.0,0.0,1.0,0.0,0.0,0.0,0.0,68.89
0.0,0.0,0.0,1.0,0.0,0.0,0.0,0.0,69.0
0.0,0.0,0.0,1.0,0.0,0.0,0.0,0.0,69.12
0.0,0.0,0.0,1.0,0.0,0.0,0.0,0.0,69.23
0.0,0.0,0.0,1.0,0.0,0.0,0.0,0.0,69.34
0.0,0.0,0.0,1.0,0.0,0.0,0.0,0.0,69.45
0.0,0.0,0.0,1.0,0.0,0.0,0.0,0.0,69.56
0.0,0.0,0.0,1.0,0.0,0.0,0.0,0.0,69.67
0.0,0.0,0.0,1.0,0.0,0.0,0.0,0.0,69.78
0.0,0.0,0.0,1.0,0.0,0.0,0.0,0.0,69.9
0.0,0.0,0.0,1.0,0.0,0.0,0.0,0.0,70.01
0.0,0.0,0.0,1.0,0.0,0.0,0.0,0.0,70.12
0.0,0.0,0.0,1.0,0.0,0.0,0.0,0.0,70.23
0.0,0.0,0.0,1.0,0.0,0.0,0.0,0.0,70.35
0.0,0.0,0.0,1.0,0.0,0.0,0.0,0.0,70.46
0.0,0.0,0.0,1.0,0.0,0.0,0.0,0.0,70.57
0.0,0.0,0.0,1.0,0.0,0.0,0.0,0.0,70.68
0.0,0.0,0.0,1.0,0.0,0.0,0.0,0.0,70.8
0.0,0.0,0.0,1.0,0.0,0.0,0.0,0.0,70.91
0.0,0.0,0.0,1.0,0.0,0.0,0.0,0.0,71.02
0.0,0.0,0.0,1.0,0.0,0.0,0.0,0.0,71.13
0.0,0.0,0.0,1.0,0.0,0.0,0.0,0.0,71.25
0.0,0.0,0.0,1.0,0.0,0.0,0.0,0.0,71.37
0.0,0.0,0.0,1.0,0.0,0.0,0.0,0.0,71.48
0.0,0.0,0.0,1.0,0.0,0.0,0.0,0.0,71.6
0.0,0.0,0.0,1.0,0.0,0.0,0.0,0.0,71.71
0.0,0.0,0.0,1.0,0.0,0.0,0.0,0.0,71.82
0.0,0.0,0.0,1.0,0.0,0.0,0.0,0.0,71.93
0.0,0.0,0.0,1.0,0.0,0.0,0.0,0.0,72.04
0.0,0.0,0.0,1.0,0.0,0.0,0.0,0.0,72.16
0.0,0.0,0.0,1.0,0.0,0.0,0.0,0.0,72.27
0.0,0.0,0.0,1.0,0.0,0.0,0.0,0.0,72.38
0.0,0.0,0.0,1.0,0.0,0.0,0.0,0.0,72.49
0.0,0.0,0.0,1.0,0.0,0.0,0.0,0.0,72.6
0.0,0.0,0.0,1.0,0.0,0.0,0.0,0.0,72.71
0.0,0.0,0.0,1.0,0.0,0.0,0.0,0.0,72.82
0.0,0.0,0.0,1.0,0.0,0.0,0.0,0.0,72.94
0.0,0.0,0.0,1.0,0.0,0.0,0.0,0.0,73.05
0.0,0.0,0.0,1.0,0.0,0.0,0.0,0.0,73.16
0.0,0.0,0.0,1.0,0.0,0.0,0.0,0.0,73.27
0.0,0.0,0.0,1.0,0.0,0.0,0.0,0.0,73.38
0.0,0.0,0.0,1.0,0.0,0.0,0.0,0.0,73.49
0.0,0.0,0.0,1.0,0.0,0.0,0.0,0.0,73.6
0.0,0.0,0.0,1.0,0.0,0.0,0.0,0.0,73.72
0.0,0.0,0.0,1.0,0.0,0.0,0.0,0.0,73.83
0.0,0.0,0.0,1.0,0.0,0.0,0.0,0.0,73.94
0.0,0.0,0.0,1.0,0.0,0.0,0.0,0.0,74.05
0.0,0.0,0.0,1.0,0.0,0.0,0.0,0.0,74.16
0.0,0.0,0.0,1.0,0.0,0.0,0.0,0.0,74.27
0.0,0.0,0.0,1.0,0.0,0.0,0.0,0.0,74.38
0.0,0.0,0.0,1.0,0.0,0.0,0.0,0.0,74.49
0.0,0.0,0.0,1.0,0.0,0.0,0.0,0.0,74.61
0.0,0.0,0.0,1.0,0.0,0.0,0.0,0.0,74.72
0.0,0.0,0.0,1.0,0.0,0.0,0.0,0.0,74.83
0.0,0.0,0.0,1.0,0.0,0.0,0.0,0.0,74.94
0.0,0.0,0.0,1.0,0.0,0.0,0.0,0.0,75.06
0.0,0.0,0.0,1.0,0.0,0.0,0.0,0.0,75.17
0.0,0.0,0.0,1.0,0.0,0.0,0.0,0.0,75.29
0.0,0.0,0.0,1.0,0.0,0.0,0.0,0.0,75.4
0.0,0.0,0.0,1.0,0.0,0.0,0.0,0.0,75.51
0.0,0.0,0.0,1.0,0.0,0.0,0.0,0.0,75.62
0.0,0.0,0.0,1.0,0.0,0.0,0.0,0.0,75.77
0.0,0.0,0.0,1.0,0.0,0.0,0.0,0.0,75.88
0.0,0.0,0.0,1.0,0.0,0.0,0.0,0.0,75.99
0.0,0.0,0.0,1.0,0.0,0.0,0.0,0.0,76.1
0.0,0.0,0.0,1.0,0.0,0.0,0.0,0.0,76.22
0.0,0.0,0.0,1.0,0.0,0.0,0.0,0.0,76.33
0.0,0.0,0.0,1.0,0.0,0.0,0.0,0.0,76.45
0.0,0.0,0.0,1.0,0.0,0.0,0.0,0.0,76.56
0.0,0.0,0.0,1.0,0.0,0.0,0.0,0.0,76.67
0.0,0.0,0.0,1.0,0.0,0.0,0.0,0.0,76.79
0.0,0.0,0.0,1.0,0.0,0.0,0.0,0.0,76.9
0.0,0.0,0.0,1.0,0.0,0.0,0.0,0.0,77.01
0.0,0.0,0.0,1.0,0.0,0.0,0.0,0.0,77.12
0.0,0.0,0.0,1.0,0.0,0.0,0.0,0.0,77.23
0.0,0.0,0.0,1.0,0.0,0.0,0.0,0.0,77.34
0.0,0.0,0.0,1.0,0.0,0.0,0.0,0.0,77.46
0.0,0.0,0.0,1.0,0.0,0.0,0.0,0.0,77.57
0.0,0.0,0.0,1.0,0.0,0.0,0.0,0.0,77.68
0.0,0.0,0.0,1.0,0.0,0.0,0.0,0.0,77.8
0.0,0.0,0.0,1.0,0.0,0.0,0.0,0.0,77.91
0.0,0.0,0.0,1.0,0.0,0.0,0.0,0.0,78.02
0.0,0.0,0.0,1.0,0.0,0.0,0.0,0.0,78.13
0.0,0.0,0.0,1.0,0.0,0.0,0.0,0.0,78.24
0.0,0.0,0.0,1.0,0.0,0.0,0.0,0.0,78.35
0.0,0.0,0.0,1.0,0.0,0.0,0.0,0.0,78.47
0.0,0.0,0.0,1.0,0.0,0.0,0.0,0.0,78.58
0.0,0.0,0.0,1.0,0.0,0.0,0.0,0.0,78.69
0.0,0.0,0.0,1.0,0.0,0.0,0.0,0.0,78.8
0.0,0.0,0.0,1.0,0.0,0.0,0.0,0.0,78.91
0.0,0.0,0.0,1.0,0.0,0.0,0.0,0.0,79.02
0.0,0.0,0.0,1.0,0.0,0.0,0.0,0.0,79.14
0.0,0.0,0.0,1.0,0.0,0.0,0.0,0.0,79.25
0.0,0.0,0.0,1.0,0.0,0.0,0.0,0.0,79.36
0.0,0.0,0.0,1.0,0.0,0.0,0.0,0.0,79.47
0.0,0.0,0.0,1.0,0.0,0.0,0.0,0.0,79.58
0.0,0.0,0.0,1.0,0.0,0.0,0.0,0.0,79.69
0.0,0.0,0.0,1.0,0.0,0.0,0.0,0.0,79.81
0.0,0.0,0.0,1.0,0.0,0.0,0.0,0.0,79.92
0.0,0.0,0.0,1.0,0.0,0.0,0.0,0.0,80.03
0.0,0.0,0.0,1.0,0.0,0.0,0.0,0.0,80.15
0.0,0.0,0.0,1.0,0.0,0.0,0.0,0.0,80.26
0.0,0.0,0.0,1.0,0.0,0.0,0.0,0.0,80.37
0.0,0.0,0.0,1.0,0.0,0.0,0.0,0.0,80.48
0.0,0.0,0.0,1.0,0.0,0.0,0.0,0.0,80.59
0.0,0.0,0.0,1.0,0.0,0.0,0.0,0.0,80.7
0.0,0.0,0.0,1.0,0.0,0.0,0.0,0.0,80.81
0.0,0.0,0.0,1.0,0.0,0.0,0.0,0.0,80.93
0.0,0.0,0.0,1.0,0.0,0.0,0.0,0.0,81.04
0.0,0.0,0.0,1.0,0.0,0.0,0.0,0.0,81.16
0.0,0.0,0.0,1.0,0.0,0.0,0.0,0.0,81.27
0.0,0.0,0.0,1.0,0.0,0.0,0.0,0.0,81.38
0.0,0.0,0.0,1.0,0.0,0.0,0.0,0.0,81.5
0.0,0.0,0.0,1.0,0.0,0.0,0.0,0.0,81.61
0.0,0.0,0.0,1.0,0.0,0.0,0.0,0.0,81.72
0.0,0.0,0.0,1.0,0.0,0.0,0.0,0.0,81.83
0.0,0.0,0.0,1.0,0.0,0.0,0.0,0.0,81.95
0.0,0.0,0.0,1.0,0.0,0.0,0.0,0.0,82.06
0.0,0.0,0.0,1.0,0.0,0.0,0.0,0.0,82.17
0.0,0.0,0.0,1.0,0.0,0.0,0.0,0.0,82.29
0.0,0.0,0.0,1.0,0.0,0.0,0.0,0.0,82.41
0.0,0.0,0.0,1.0,0.0,0.0,0.0,0.0,82.52
0.0,0.0,0.0,1.0,0.0,0.0,0.0,0.0,82.63
0.0,0.0,0.0,1.0,0.0,0.0,0.0,0.0,82.74
0.0,0.0,0.0,1.0,0.0,0.0,0.0,0.0,82.85
0.0,0.0,0.0,1.0,0.0,0.0,0.0,0.0,82.96
0.0,0.0,0.0,1.0,0.0,0.0,0.0,0.0,83.07
0.0,0.0,0.0,1.0,0.0,0.0,0.0,0.0,83.18
0.0,0.0,0.0,1.0,0.0,0.0,0.0,0.0,83.3
0.0,0.0,0.0,1.0,0.0,0.0,0.0,0.0,83.41
0.0,0.0,0.0,1.0,0.0,0.0,0.0,0.0,83.52
0.0,0.0,0.0,1.0,0.0,0.0,0.0,0.0,83.63
0.0,0.0,0.0,1.0,0.0,0.0,0.0,0.0,83.74
0.0,0.0,0.0,1.0,0.0,0.0,0.0,0.0,83.86
0.0,0.0,0.0,1.0,0.0,0.0,0.0,0.0,83.97
0.0,0.0,0.0,1.0,0.0,0.0,0.0,0.0,84.08
0.0,0.0,0.0,1.0,0.0,0.0,0.0,0.0,84.19
0.0,0.0,0.0,1.0,0.0,0.0,0.0,0.0,84.3
0.0,0.0,0.0,1.0,0.0,0.0,0.0,0.0,84.41
0.0,0.0,0.0,1.0,0.0,0.0,0.0,0.0,84.52
0.0,0.0,0.0,1.0,0.0,0.0,0.0,0.0,84.64
0.0,0.0,0.0,1.0,0.0,0.0,0.0,0.0,84.75
0.0,0.0,0.0,1.0,0.0,0.0,0.0,0.0,84.86
0.0,0.0,0.0,1.0,0.0,0.0,0.0,0.0,84.97
0.0,0.0,0.0,1.0,0.0,0.0,0.0,0.0,85.08
0.0,0.0,0.0,1.0,0.0,0.0,0.0,0.0,85.2
0.0,0.0,0.0,1.0,0.0,0.0,0.0,0.0,85.31
0.0,0.0,0.0,1.0,0.0,0.0,0.0,0.0,85.42
0.0,0.0,0.0,1.0,0.0,0.0,0.0,0.0,85.53
0.0,0.0,0.0,1.0,0.0,0.0,0.0,0.0,85.64
0.0,0.0,0.0,1.0,0.0,0.0,0.0,0.0,85.75
0.0,0.0,0.0,1.0,0.0,0.0,0.0,0.0,85.87
0.0,0.0,0.0,1.0,0.0,0.0,0.0,0.0,85.98
0.0,0.0,0.0,1.0,0.0,0.0,0.0,0.0,86.1
0.0,0.0,0.0,1.0,0.0,0.0,0.0,0.0,86.21
0.0,0.0,0.0,1.0,0.0,0.0,0.0,0.0,86.32
0.0,0.0,0.0,1.0,0.0,0.0,0.0,0.0,86.44
0.0,0.0,0.0,1.0,0.0,0.0,0.0,0.0,86.55
0.0,0.0,0.0,1.0,0.0,0.0,0.0,0.0,86.66
0.0,0.0,0.0,1.0,0.0,0.0,0.0,0.0,86.77
0.0,0.0,0.0,1.0,0.0,0.0,0.0,0.0,86.88
0.0,0.0,0.0,1.0,0.0,0.0,0.0,0.0,86.99
0.0,0.0,0.0,1.0,0.0,0.0,0.0,0.0,87.1
0.0,0.0,0.0,1.0,0.0,0.0,0.0,0.0,87.22
0.0,0.0,0.0,1.0,0.0,0.0,0.0,0.0,87.33
0.0,0.0,0.0,1.0,0.0,0.0,0.0,0.0,87.44
0.0,0.0,0.0,1.0,0.0,0.0,0.0,0.0,87.55
0.0,0.0,0.0,1.0,0.0,0.0,0.0,0.0,87.66
0.0,0.0,0.0,1.0,0.0,0.0,0.0,0.0,87.77
0.0,0.0,0.0,1.0,0.0,0.0,0.0,0.0,87.89
0.0,0.0,0.0,1.0,0.0,0.0,0.0,0.0,88.0
0.0,0.0,0.0,1.0,0.0,0.0,0.0,0.0,88.11
0.0,0.0,0.0,1.0,0.0,0.0,0.0,0.0,88.22
0.0,0.0,0.0,1.0,0.0,0.0,0.0,0.0,88.34
0.0,0.0,0.0,1.0,0.0,0.0,0.0,0.0,88.45
0.0,0.0,0.0,1.0,0.0,0.0,0.0,0.0,88.56
0.0,0.0,0.0,1.0,0.0,0.0,0.0,0.0,88.68
0.0,0.0,0.0,1.0,0.0,0.0,0.0,0.0,88.79
0.0,0.0,0.0,1.0,0.0,0.0,0.0,0.0,88.9
0.0,0.0,0.0,1.0,0.0,0.0,0.0,0.0,89.02
0.0,0.0,0.0,1.0,0.0,0.0,0.0,0.0,89.13
0.0,0.0,0.0,1.0,0.0,0.0,0.0,0.0,89.25
0.0,0.0,0.0,1.0,0.0,0.0,0.0,0.0,89.36
0.0,0.0,0.0,1.0,0.0,0.0,0.0,0.0,89.47
0.0,0.0,0.0,1.0,0.0,0.0,0.0,0.0,89.58
0.0,0.0,0.0,1.0,0.0,0.0,0.0,0.0,89.7
0.0,0.0,0.0,1.0,0.0,0.0,0.0,0.0,89.81
0.0,0.0,0.0,1.0,0.0,0.0,0.0,0.0,89.92
0.0,0.0,0.0,1.0,0.0,0.0,0.0,0.0,90.04
0.0,0.0,0.0,1.0,0.0,0.0,0.0,0.0,90.15
0.0,0.0,0.0,1.0,0.0,0.0,0.0,0.0,90.26
0.0,0.0,0.0,1.0,0.0,0.0,0.0,0.0,90.37
0.0,0.0,0.0,1.0,0.0,0.0,0.0,0.0,90.49
0.0,0.0,0.0,1.0,0.0,0.0,0.0,0.0,90.6
0.0,0.0,0.0,1.0,0.0,0.0,0.0,0.0,90.71
0.0,0.0,0.0,1.0,0.0,0.0,0.0,0.0,90.82
0.0,0.0,0.0,1.0,0.0,0.0,0.0,0.0,90.94
0.0,0.0,0.0,1.0,0.0,0.0,0.0,0.0,91.05
0.0,0.0,0.0,1.0,0.0,0.0,0.0,0.0,91.16
0.0,0.0,0.0,1.0,0.0,0.0,0.0,0.0,91.27
0.0,0.0,0.0,1.0,0.0,0.0,0.0,0.0,91.39
0.0,0.0,0.0,1.0,0.0,0.0,0.0,0.0,91.5
0.0,0.0,0.0,1.0,0.0,0.0,0.0,0.0,91.61
0.0,0.0,0.0,1.0,0.0,0.0,0.0,0.0,91.72
0.0,0.0,0.0,1.0,0.0,0.0,0.0,0.0,91.84
0.0,0.0,0.0,1.0,0.0,0.0,0.0,0.0,91.95
0.0,0.0,0.0,0.0,0.0,0.0,0.0,0.0,92.06
0.0,0.0,0.0,0.0,0.0,0.0,0.0,0.0,92.18
0.0,0.0,0.0,0.0,0.0,0.0,0.0,0.0,92.29
0.0,0.0,0.0,0.0,0.0,0.0,0.0,0.0,92.4
0.0,0.0,0.0,0.0,0.0,0.0,0.0,0.0,92.53
0.0,0.0,0.0,0.0,0.0,0.0,0.0,0.0,92.64
0.0,0.0,0.0,0.0,0.0,0.0,0.0,0.0,92.75
0.0,0.0,0.0,0.0,0.0,0.0,0.0,0.0,92.86
1.0,0.0,0.0,0.0,0.0,0.0,0.0,0.0,92.97
1.0,0.0,0.0,0.0,0.0,0.0,0.0,0.0,93.08
1.0,0.0,0.0,0.0,0.0,0.0,0.0,0.0,93.19
1.0,0.0,0.0,0.0,0.0,0.0,0.0,0.0,93.3
1.0,0.0,0.0,0.0,0.0,0.0,0.0,0.0,93.41
0.0,0.0,0.0,0.0,0.0,0.0,0.0,0.0,93.52
0.0,0.0,0.0,0.0,0.0,0.0,0.0,0.0,93.65
0.0,0.0,0.0,0.0,0.0,0.0,0.0,0.0,93.77
0.0,0.0,1.0,0.0,0.0,0.0,0.0,0.0,93.88
0.0,0.0,1.0,0.0,0.0,0.0,0.0,0.0,93.99
0.0,0.0,1.0,0.0,0.0,0.0,0.0,0.0,94.1
0.0,0.0,1.0,0.0,0.0,0.0,0.0,0.0,94.21
0.0,0.0,1.0,0.0,0.0,0.0,0.0,0.0,94.33
0.0,0.0,1.0,0.0,0.0,0.0,0.0,0.0,94.44
0.0,0.0,1.0,0.0,0.0,0.0,0.0,0.0,94.56
0.0,0.0,1.0,0.0,0.0,0.0,0.0,0.0,94.67
0.0,0.0,1.0,0.0,0.0,0.0,0.0,0.0,94.78
0.0,0.0,1.0,0.0,0.0,0.0,0.0,0.0,94.89
0.0,0.0,1.0,0.0,0.0,0.0,0.0,0.0,95.0
0.0,0.0,1.0,0.0,0.0,0.0,0.0,0.0,95.12
0.0,0.0,1.0,0.0,0.0,0.0,0.0,0.0,95.23
0.0,0.0,1.0,0.0,0.0,0.0,0.0,0.0,95.34
0.0,0.0,1.0,0.0,0.0,0.0,0.0,0.0,95.45
1.0,0.0,1.0,0.0,0.0,0.0,0.0,0.0,95.56
1.0,0.0,1.0,0.0,0.0,0.0,0.0,0.0,95.67
1.0,0.0,1.0,0.0,0.0,0.0,0.0,0.0,95.78
1.0,0.0,1.0,0.0,0.0,0.0,0.0,0.0,95.89
1.0,0.0,1.0,0.0,0.0,0.0,0.0,0.0,96.0
1.0,0.0,1.0,0.0,0.0,0.0,0.0,0.0,96.11
1.0,0.0,1.0,0.0,0.0,0.0,0.0,0.0,96.23
1.0,0.0,1.0,0.0,0.0,0.0,0.0,0.0,96.34
1.0,0.0,1.0,0.0,0.0,0.0,0.0,0.0,96.45
1.0,0.0,1.0,0.0,0.0,0.0,0.0,0.0,96.56
1.0,0.0,1.0,0.0,0.0,0.0,0.0,0.0,96.68
1.0,0.0,1.0,0.0,0.0,0.0,0.0,0.0,96.79
1.0,0.0,1.0,0.0,0.0,0.0,0.0,0.0,96.91
1.0,0.0,1.0,0.0,0.0,0.0,0.0,0.0,97.03
1.0,0.0,1.0,0.0,0.0,0.0,0.0,0.0,97.14
1.0,0.0,1.0,0.0,0.0,0.0,0.0,0.0,97.25
1.0,0.0,1.0,0.0,0.0,0.0,0.0,0.0,97.36
1.0,0.0,1.0,0.0,0.0,0.0,0.0,0.0,97.48
1.0,0.0,1.0,0.0,0.0,0.0,0.0,0.0,97.59
1.0,0.0,1.0,0.0,0.0,0.0,0.0,0.0,97.7
1.0,0.0,1.0,0.0,0.0,0.0,0.0,0.0,97.82
1.0,0.0,1.0,0.0,0.0,0.0,0.0,0.0,97.93
1.0,0.0,1.0,0.0,0.0,0.0,0.0,0.0,98.04
1.0,0.0,1.0,0.0,0.0,0.0,0.0,0.0,98.15
1.0,0.0,1.0,0.0,0.0,0.0,0.0,0.0,98.26
1.0,0.0,1.0,0.0,0.0,0.0,0.0,0.0,98.38
1.0,0.0,1.0,0.0,0.0,0.0,0.0,0.0,98.49
1.0,0.0,1.0,0.0,0.0,0.0,0.0,0.0,98.6
1.0,0.0,1.0,0.0,0.0,0.0,0.0,0.0,98.71
1.0,0.0,1.0,0.0,0.0,0.0,0.0,0.0,98.83
1.0,0.0,1.0,0.0,0.0,0.0,0.0,0.0,98.95
1.0,0.0,1.0,0.0,0.0,0.0,0.0,0.0,99.06
1.0,0.0,1.0,0.0,0.0,0.0,0.0,0.0,99.17
1.0,0.0,1.0,0.0,0.0,0.0,0.0,0.0,99.28
1.0,0.0,1.0,0.0,0.0,0.0,0.0,0.0,99.4
1.0,0.0,1.0,0.0,0.0,0.0,0.0,0.0,99.51
1.0,0.0,1.0,0.0,0.0,0.0,0.0,0.0,99.62
1.0,0.0,1.0,0.0,0.0,0.0,0.0,0.0,99.73
1.0,0.0,1.0,0.0,0.0,0.0,0.0,0.0,99.85
1.0,0.0,1.0,0.0,0.0,0.0,0.0,0.0,99.96
1.0,0.0,1.0,0.0,0.0,0.0,0.0,0.0,100.07
1.0,0.0,1.0,0.0,0.0,0.0,0.0,0.0,100.18
1.0,0.0,1.0,0.0,0.0,0.0,0.0,0.0,100.3
1.0,0.0,1.0,0.0,0.0,0.0,0.0,0.0,100.41
1.0,0.0,1.0,0.0,0.0,0.0,0.0,0.0,100.52
1.0,0.0,1.0,0.0,0.0,0.0,0.0,0.0,100.63
1.0,0.0,1.0,0.0,0.0,0.0,0.0,0.0,100.74
1.0,0.0,1.0,0.0,0.0,0.0,0.0,0.0,100.86
1.0,0.0,1.0,0.0,0.0,0.0,0.0,0.0,100.97
1.0,0.0,1.0,0.0,0.0,0.0,0.0,0.0,101.08
1.0,0.0,1.0,0.0,0.0,0.0,0.0,0.0,101.19
1.0,0.0,1.0,0.0,0.0,0.0,0.0,0.0,101.3
1.0,0.0,1.0,0.0,0.0,0.0,0.0,0.0,101.41
1.0,0.0,1.0,0.0,0.0,0.0,0.0,0.0,101.52
1.0,0.0,1.0,0.0,0.0,0.0,0.0,0.0,101.63
1.0,0.0,1.0,0.0,0.0,0.0,0.0,0.0,101.74
1.0,0.0,1.0,0.0,0.0,0.0,0.0,0.0,101.85
1.0,0.0,1.0,0.0,0.0,0.0,0.0,0.0,101.97
1.0,0.0,1.0,0.0,0.0,0.0,0.0,0.0,102.08
1.0,0.0,1.0,0.0,0.0,0.0,0.0,0.0,102.19
1.0,0.0,1.0,0.0,0.0,0.0,0.0,0.0,102.3
1.0,0.0,1.0,0.0,0.0,0.0,0.0,0.0,102.41
1.0,0.0,1.0,0.0,0.0,0.0,0.0,0.0,102.52
1.0,0.0,1.0,0.0,0.0,0.0,0.0,0.0,102.63
1.0,0.0,1.0,0.0,0.0,0.0,0.0,0.0,102.74
1.0,0.0,1.0,0.0,0.0,0.0,0.0,0.0,102.85
1.0,0.0,1.0,0.0,0.0,0.0,0.0,0.0,102.97
1.0,0.0,1.0,0.0,0.0,0.0,0.0,0.0,103.08
1.0,0.0,1.0,0.0,0.0,0.0,0.0,0.0,103.2
1.0,0.0,1.0,0.0,0.0,0.0,0.0,0.0,103.31
1.0,0.0,1.0,0.0,0.0,0.0,0.0,0.0,103.42
1.0,0.0,1.0,0.0,0.0,0.0,0.0,0.0,103.53
1.0,0.0,1.0,0.0,0.0,0.0,0.0,0.0,103.64
1.0,0.0,1.0,0.0,0.0,0.0,0.0,0.0,103.75
1.0,0.0,1.0,0.0,0.0,0.0,0.0,0.0,103.86
1.0,0.0,1.0,0.0,0.0,0.0,0.0,0.0,103.97
1.0,0.0,1.0,0.0,0.0,0.0,0.0,0.0,104.09
1.0,0.0,1.0,0.0,0.0,0.0,0.0,0.0,104.2
1.0,0.0,1.0,0.0,0.0,0.0,0.0,0.0,104.31
1.0,0.0,1.0,0.0,0.0,0.0,0.0,0.0,104.42
1.0,0.0,1.0,0.0,0.0,0.0,0.0,0.0,104.53
1.0,0.0,1.0,0.0,0.0,0.0,0.0,0.0,104.64
1.0,0.0,1.0,0.0,0.0,0.0,0.0,0.0,104.75
1.0,0.0,1.0,0.0,0.0,0.0,0.0,0.0,104.86
1.0,0.0,1.0,0.0,0.0,0.0,0.0,0.0,104.97
1.0,0.0,0.0,0.0,0.0,0.0,0.0,0.0,105.08
1.0,0.0,0.0,0.0,0.0,0.0,0.0,0.0,105.2
1.0,0.0,0.0,0.0,0.0,0.0,0.0,0.0,105.31
1.0,0.0,0.0,0.0,0.0,0.0,0.0,0.0,105.42
1.0,0.0,0.0,0.0,0.0,0.0,0.0,0.0,105.53
1.0,0.0,0.0,0.0,0.0,0.0,0.0,0.0,105.64
1.0,0.0,0.0,0.0,0.0,0.0,0.0,0.0,105.75
1.0,0.0,1.0,0.0,0.0,0.0,0.0,0.0,105.86
1.0,0.0,0.0,0.0,0.0,0.0,0.0,0.0,105.97
1.0,0.0,0.0,0.0,0.0,0.0,0.0,0.0,106.09
1.0,0.0,0.0,0.0,0.0,0.0,0.0,0.0,106.2
1.0,0.0,0.0,0.0,0.0,0.0,0.0,0.0,106.31
1.0,0.0,0.0,0.0,0.0,0.0,0.0,0.0,106.44
1.0,0.0,0.0,0.0,0.0,0.0,0.0,0.0,106.55
1.0,0.0,0.0,0.0,0.0,0.0,0.0,0.0,106.66
1.0,0.0,0.0,0.0,0.0,0.0,0.0,0.0,106.78
1.0,0.0,0.0,0.0,0.0,0.0,0.0,0.0,106.89
1.0,0.0,0.0,0.0,0.0,0.0,0.0,0.0,107.0
1.0,0.0,0.0,0.0,0.0,0.0,0.0,0.0,107.11
1.0,0.0,0.0,0.0,0.0,0.0,0.0,0.0,107.23
1.0,0.0,0.0,0.0,0.0,0.0,0.0,0.0,107.34
1.0,0.0,0.0,0.0,0.0,0.0,0.0,0.0,107.46
1.0,0.0,0.0,0.0,0.0,0.0,0.0,0.0,107.57
1.0,0.0,0.0,0.0,0.0,0.0,0.0,0.0,107.68
1.0,0.0,0.0,0.0,0.0,0.0,0.0,0.0,107.79
1.0,0.0,0.0,0.0,0.0,0.0,0.0,0.0,107.9
1.0,0.0,0.0,0.0,0.0,0.0,0.0,0.0,108.01
1.0,0.0,0.0,0.0,0.0,0.0,0.0,0.0,108.13
1.0,0.0,0.0,0.0,0.0,0.0,0.0,0.0,108.24
1.0,0.0,0.0,0.0,0.0,0.0,0.0,0.0,108.35
1.0,0.0,0.0,0.0,0.0,0.0,0.0,0.0,108.46
1.0,0.0,0.0,0.0,0.0,0.0,0.0,0.0,108.57
1.0,0.0,0.0,0.0,0.0,0.0,0.0,0.0,108.68
1.0,0.0,0.0,0.0,0.0,0.0,0.0,0.0,108.8
1.0,0.0,0.0,0.0,0.0,0.0,0.0,0.0,108.91
1.0,0.0,0.0,0.0,0.0,0.0,0.0,0.0,109.03
1.0,0.0,0.0,0.0,0.0,0.0,0.0,0.0,109.14
1.0,0.0,0.0,0.0,0.0,0.0,0.0,0.0,109.26
1.0,0.0,0.0,0.0,0.0,0.0,0.0,0.0,109.37
1.0,0.0,0.0,0.0,0.0,0.0,0.0,0.0,109.48
1.0,0.0,0.0,0.0,0.0,0.0,0.0,0.0,109.6
1.0,0.0,0.0,0.0,0.0,0.0,0.0,0.0,109.74
1.0,0.0,0.0,0.0,0.0,0.0,0.0,0.0,109.85
1.0,0.0,0.0,0.0,0.0,0.0,0.0,0.0,109.96
1.0,0.0,0.0,0.0,0.0,0.0,0.0,0.0,110.07
1.0,0.0,0.0,0.0,0.0,0.0,0.0,0.0,110.19
1.0,0.0,0.0,0.0,0.0,0.0,0.0,0.0,110.3
1.0,0.0,0.0,0.0,0.0,0.0,0.0,0.0,110.41
1.0,0.0,0.0,0.0,0.0,0.0,0.0,0.0,110.52
1.0,0.0,0.0,0.0,0.0,0.0,0.0,0.0,110.63
1.0,0.0,0.0,0.0,0.0,0.0,0.0,0.0,110.74
1.0,0.0,0.0,0.0,0.0,0.0,0.0,0.0,110.86
1.0,0.0,0.0,0.0,0.0,0.0,0.0,0.0,110.97
1.0,0.0,0.0,0.0,0.0,0.0,0.0,0.0,111.08
1.0,0.0,0.0,0.0,0.0,0.0,0.0,0.0,111.2
1.0,0.0,0.0,0.0,0.0,0.0,0.0,0.0,111.32
1.0,0.0,0.0,0.0,0.0,0.0,0.0,0.0,111.43
1.0,0.0,0.0,0.0,0.0,0.0,0.0,0.0,111.55
