0.0,0.0,0.0,0.0,0.0,0.01
0.0,0.0,0.0,0.0,0.0,0.11
0.0,0.0,0.0,0.0,0.0,0.21
0.0,0.0,0.0,0.0,0.0,0.31
0.0,0.0,0.0,0.0,0.0,0.41
0.0,0.0,0.0,0.0,0.0,0.52
0.0,0.0,0.0,0.0,0.0,0.62
0.0,0.0,0.0,0.0,0.0,0.72
0.0,0.0,0.0,0.0,0.0,0.82
0.0,0.0,0.0,0.0,1.0,0.92
0.0,0.0,1.0,0.0,1.0,1.02
0.0,0.0,1.0,0.0,1.0,1.12
0.0,0.0,1.0,0.0,1.0,1.22
0.0,0.0,1.0,0.0,1.0,1.32
0.0,0.0,1.0,0.0,1.0,1.42
0.0,0.0,1.0,1.0,1.0,1.52
0.0,0.0,1.0,1.0,1.0,1.63
0.0,0.0,1.0,1.0,1.0,1.73
0.0,0.0,1.0,1.0,1.0,1.83
0.0,0.0,1.0,1.0,1.0,1.93
0.0,0.0,1.0,1.0,1.0,2.03
0.0,0.0,1.0,1.0,1.0,2.13
0.0,0.0,1.0,1.0,1.0,2.23
0.0,0.0,1.0,1.0,1.0,2.33
0.0,0.0,1.0,1.0,1.0,2.43
0.0,0.0,1.0,1.0,1.0,2.53
0.0,0.0,1.0,1.0,1.0,2.63
0.0,0.0,1.0,1.0,1.0,2.73
0.0,0.0,1.0,1.0,1.0,2.83
0.0,0.0,1.0,1.0,1.0,2.93
0.0,0.0,1.0,1.0,1.0,3.03
0.0,0.0,1.0,1.0,1.0,3.13
0.0,0.0,1.0,1.0,1.0,3.23
0.0,0.0,1.0,1.0,1.0,3.33
0.0,0.0,1.0,1.0,1.0,3.43
0.0,0.0,1.0,1.0,1.0,3.53
0.0,0.0,1.0,1.0,1.0,3.63
0.0,0.0,1.0,1.0,1.0,3.73
0.0,0.0,1.0,1.0,1.0,3.83
0.0,0.0,1.0,1.0,1.0,3.93
0.0,0.0,1.0,1.0,1.0,4.03
0.0,0.0,1.0,1.0,1.0,4.13
0.0,0.0,1.0,1.0,1.0,4.23
0.0,0.0,1.0,1.0,1.0,4.33
0.0,0.0,1.0,1.0,1.0,4.43
0.0,0.0,1.0,1.0,1.0,4.53
0.0,0.0,1.0,1.0,1.0,4.63
0.0,0.0,1.0,1.0,1.0,4.73
0.0,0.0,1.0,1.0,1.0,4.83
0.0,0.0,1.0,1.0,1.0,4.93
0.0,0.0,1.0,1.0,1.0,5.03
0.0,0.0,1.0,1.0,1.0,5.13
0.0,0.0,1.0,1.0,1.0,5.23
0.0,0.0,1.0,1.0,1.0,5.32
0.0,0.0,1.0,1.0,1.0,5.42
0.0,0.0,1.0,1.0,1.0,5.52
0.0,0.0,1.0,1.0,1.0,5.62
0.0,0.0,1.0,1.0,1.0,5.72
0.0,0.0,1.0,1.0,1.0,5.82
0.0,0.0,1.0,1.0,1.0,5.92
0.0,0.0,1.0,1.0,1.0,6.02
0.0,0.0,1.0,1.0,1.0,6.12
0.0,0.0,1.0,1.0,1.0,6.22
0.0,0.0,1.0,1.0,1.0,6.32
0.0,0.0,1.0,1.0,1.0,6.42
0.0,0.0,1.0,1.0,1.0,6.52
0.0,0.0,1.0,1.0,1.0,6.62
0.0,0.0,1.0,1.0,1.0,6.72
0.0,0.0,1.0,1.0,1.0,6.82
0.0,0.0,1.0,1.0,1.0,6.92
0.0,0.0,1.0,1.0,1.0,7.03
0.0,0.0,1.0,1.0,1.0,7.13
0.0,0.0,1.0,1.0,1.0,7.23
0.0,0.0,1.0,1.0,1.0,7.34
0.0,0.0,1.0,1.0,1.0,7.44
0.0,0.0,1.0,1.0,1.0,7.54
0.0,0.0,1.0,1.0,1.0,7.66
0.0,0.0,1.0,1.0,1.0,7.76
0.0,0.0,1.0,1.0,1.0,7.86
0.0,0.0,1.0,1.0,1.0,7.96
0.0,0.0,1.0,1.0,1.0,8.06
0.0,0.0,1.0,1.0,1.0,8.15
0.0,0.0,1.0,1.0,1.0,8.25
0.0,0.0,1.0,1.0,1.0,8.35
0.0,0.0,1.0,1.0,1.0,8.45
0.0,0.0,1.0,1.0,1.0,8.55
0.0,0.0,1.0,1.0,1.0,8.65
0.0,0.0,1.0,1.0,1.0,8.75
0.0,0.0,1.0,1.0,1.0,8.85
0.0,0.0,1.0,1.0,1.0,8.95
0.0,0.0,1.0,1.0,1.0,9.05
0.0,0.0,1.0,1.0,1.0,9.15
0.0,0.0,1.0,1.0,1.0,9.25
0.0,0.0,1.0,1.0,1.0,9.35
0.0,0.0,1.0,1.0,1.0,9.45
0.0,0.0,1.0,1.0,1.0,9.55
0.0,0.0,1.0,1.0,1.0,9.65
0.0,0.0,1.0,1.0,1.0,9.75
0.0,0.0,1.0,1.0,1.0,9.85
0.0,0.0,1.0,1.0,1.0,9.95
0.0,0.0,1.0,1.0,1.0,10.04
0.0,0.0,1.0,1.0,1.0,10.14
0.0,0.0,1.0,1.0,1.0,10.24
0.0,0.0,1.0,1.0,1.0,10.34
0.0,0.0,1.0,1.0,1.0,10.44
0.0,0.0,1.0,1.0,1.0,10.54
0.0,0.0,1.0,1.0,1.0,10.64
0.0,0.0,1.0,1.0,1.0,10.74
0.0,0.0,1.0,1.0,1.0,10.84
0.0,0.0,1.0,1.0,1.0,10.94
0.0,0.0,1.0,1.0,1.0,11.04
0.0,0.0,1.0,1.0,1.0,11.13
0.0,0.0,1.0,1.0,1.0,11.23
0.0,0.0,1.0,1.0,1.0,11.33
0.0,0.0,1.0,1.0,1.0,11.43
0.0,0.0,1.0,1.0,1.0,11.53
0.0,0.0,1.0,1.0,1.0,11.63
0.0,0.0,1.0,1.0,1.0,11.73
0.0,0.0,1.0,1.0,1.0,11.83
0.0,0.0,1.0,1.0,1.0,11.93
0.0,0.0,1.0,1.0,1.0,12.02
0.0,0.0,1.0,1.0,1.0,12.12
0.0,0.0,1.0,1.0,1.0,12.22
0.0,0.0,1.0,1.0,1.0,12.32
0.0,0.0,1.0,1.0,1.0,12.42
0.0,0.0,1.0,1.0,1.0,12.52
0.0,0.0,1.0,1.0,1.0,12.62
0.0,0.0,1.0,1.0,1.0,12.72
0.0,0.0,0.0,1.0,1.0,12.82
0.0,0.0,0.0,1.0,1.0,12.92
0.0,0.0,0.0,1.0,1.0,13.02
0.0,0.0,0.0,1.0,1.0,13.12
0.0,0.0,0.0,1.0,1.0,13.21
0.0,0.0,0.0,1.0,1.0,13.31
0.0,0.0,0.0,1.0,1.0,13.41
0.0,0.0,0.0,1.0,1.0,13.51
0.0,0.0,0.0,1.0,1.0,13.61
0.0,0.0,0.0,1.0,1.0,13.71
0.0,0.0,1.0,1.0,1.0,13.81
0.0,0.0,1.0,1.0,1.0,13.91
0.0,0.0,1.0,0.0,1.0,14.01
0.0,0.0,1.0,0.0,1.0,14.11
0.0,0.0,1.0,0.0,0.0,14.21
0.0,0.0,1.0,0.0,0.0,14.3
0.0,0.0,1.0,0.0,0.0,14.4
0.0,0.0,1.0,0.0,0.0,14.5
0.0,0.0,1.0,0.0,0.0,14.61
0.0,0.0,1.0,0.0,0.0,14.71
0.0,0.0,1.0,0.0,0.0,14.82
0.0,0.0,1.0,0.0,0.0,14.92
0.0,0.0,1.0,0.0,0.0,15.02
0.0,0.0,1.0,0.0,0.0,15.12
0.0,0.0,1.0,0.0,0.0,15.23
0.0,0.0,1.0,0.0,0.0,15.32
0.0,0.0,1.0,0.0,0.0,15.42
0.0,0.0,1.0,0.0,0.0,15.52
0.0,0.0,1.0,0.0,0.0,15.62
0.0,0.0,1.0,0.0,0.0,15.72
0.0,0.0,1.0,0.0,0.0,15.82
0.0,0.0,1.0,0.0,0.0,15.92
0.0,0.0,1.0,0.0,0.0,16.02
0.0,0.0,1.0,0.0,0.0,16.13
0.0,0.0,1.0,0.0,0.0,16.23
0.0,0.0,1.0,0.0,0.0,16.33
0.0,0.0,1.0,0.0,0.0,16.43
0.0,0.0,1.0,0.0,0.0,16.52
0.0,0.0,1.0,0.0,0.0,16.62
0.0,0.0,1.0,0.0,0.0,16.73
0.0,0.0,1.0,0.0,0.0,16.83
0.0,0.0,1.0,0.0,0.0,16.93
0.0,0.0,1.0,0.0,0.0,17.03
0.0,0.0,1.0,0.0,0.0,17.12
0.0,0.0,1.0,0.0,0.0,17.22
0.0,0.0,1.0,0.0,0.0,17.32
0.0,0.0,1.0,0.0,0.0,17.42
0.0,0.0,1.0,0.0,0.0,17.52
0.0,0.0,1.0,0.0,0.0,17.62
0.0,0.0,1.0,0.0,0.0,17.72
0.0,0.0,1.0,0.0,0.0,17.82
0.0,0.0,1.0,0.0,0.0,17.92
0.0,0.0,1.0,0.0,0.0,18.02
0.0,0.0,1.0,0.0,0.0,18.12
0.0,0.0,1.0,0.0,0.0,18.22
0.0,0.0,1.0,0.0,0.0,18.32
0.0,0.0,1.0,0.0,0.0,18.41
0.0,0.0,1.0,0.0,0.0,18.51
0.0,0.0,1.0,0.0,0.0,18.61
0.0,0.0,1.0,0.0,0.0,18.71
0.0,0.0,1.0,0.0,0.0,18.81
0.0,0.0,1.0,0.0,0.0,18.91
0.0,0.0,1.0,0.0,0.0,19.01
0.0,0.0,1.0,0.0,0.0,19.11
0.0,0.0,1.0,0.0,0.0,19.23
0.0,0.0,1.0,0.0,0.0,19.33
0.0,0.0,1.0,0.0,0.0,19.43
0.0,0.0,1.0,0.0,0.0,19.53
0.0,0.0,1.0,0.0,0.0,19.63
0.0,0.0,1.0,0.0,0.0,19.73
0.0,0.0,1.0,0.0,0.0,19.83
0.0,0.0,1.0,0.0,0.0,19.93
0.0,0.0,1.0,0.0,0.0,20.02
0.0,0.0,1.0,0.0,0.0,20.12
0.0,0.0,1.0,0.0,0.0,20.23
0.0,0.0,1.0,0.0,0.0,20.33
0.0,0.0,1.0,0.0,0.0,20.42
0.0,0.0,1.0,0.0,0.0,20.53
0.0,0.0,1.0,0.0,0.0,20.62
0.0,0.0,1.0,0.0,0.0,20.74
0.0,0.0,1.0,0.0,0.0,20.84
0.0,0.0,1.0,0.0,0.0,20.94
0.0,0.0,1.0,0.0,0.0,21.04
0.0,0.0,1.0,0.0,0.0,21.14
0.0,0.0,1.0,0.0,0.0,21.24
0.0,0.0,1.0,0.0,0.0,21.34
0.0,0.0,1.0,0.0,0.0,21.44
0.0,0.0,1.0,0.0,0.0,21.54
0.0,0.0,1.0,0.0,0.0,21.63
0.0,0.0,1.0,0.0,0.0,21.73
0.0,0.0,1.0,0.0,0.0,21.83
0.0,0.0,1.0,0.0,0.0,21.93
0.0,0.0,1.0,0.0,0.0,22.03
0.0,0.0,1.0,0.0,0.0,22.13
0.0,0.0,1.0,0.0,0.0,22.23
0.0,0.0,1.0,0.0,0.0,22.33
0.0,0.0,1.0,0.0,0.0,22.45
0.0,0.0,1.0,0.0,0.0,22.55
0.0,0.0,1.0,0.0,0.0,22.65
0.0,0.0,1.0,0.0,0.0,22.75
0.0,0.0,1.0,0.0,0.0,22.85
0.0,0.0,1.0,0.0,0.0,22.95
0.0,0.0,1.0,0.0,0.0,23.04
0.0,0.0,1.0,0.0,0.0,23.16
0.0,0.0,1.0,0.0,0.0,23.26
0.0,0.0,1.0,0.0,0.0,23.36
0.0,0.0,1.0,0.0,0.0,23.46
0.0,0.0,1.0,0.0,0.0,23.56
0.0,0.0,1.0,0.0,0.0,23.66
0.0,0.0,1.0,0.0,0.0,23.76
0.0,0.0,1.0,0.0,0.0,23.86
0.0,0.0,1.0,0.0,0.0,23.97
0.0,0.0,1.0,0.0,0.0,24.07
0.0,0.0,1.0,0.0,0.0,24.17
0.0,0.0,1.0,0.0,0.0,24.26
0.0,0.0,1.0,0.0,0.0,24.36
0.0,0.0,1.0,0.0,0.0,24.46
0.0,0.0,1.0,0.0,0.0,24.56
0.0,0.0,1.0,0.0,0.0,24.66
0.0,0.0,1.0,0.0,0.0,24.76
0.0,0.0,1.0,0.0,0.0,24.86
0.0,0.0,1.0,0.0,0.0,24.96
0.0,0.0,1.0,0.0,0.0,25.06
0.0,0.0,1.0,0.0,0.0,25.16
0.0,0.0,1.0,0.0,0.0,25.26
0.0,0.0,1.0,0.0,0.0,25.36
0.0,0.0,1.0,0.0,0.0,25.46
0.0,0.0,1.0,0.0,0.0,25.56
0.0,0.0,1.0,0.0,0.0,25.66
0.0,0.0,1.0,0.0,0.0,25.76
0.0,0.0,1.0,0.0,0.0,25.86
0.0,0.0,1.0,0.0,0.0,25.96
0.0,0.0,1.0,0.0,0.0,26.06
0.0,0.0,1.0,0.0,0.0,26.16
0.0,0.0,1.0,0.0,0.0,26.26
0.0,0.0,1.0,0.0,0.0,26.36
0.0,0.0,1.0,0.0,0.0,26.46
0.0,0.0,1.0,0.0,0.0,26.56
0.0,0.0,1.0,0.0,0.0,26.66
0.0,0.0,1.0,0.0,0.0,26.76
0.0,0.0,1.0,0.0,0.0,26.86
0.0,0.0,1.0,0.0,0.0,26.96
0.0,0.0,1.0,0.0,0.0,27.06
0.0,0.0,1.0,0.0,0.0,27.16
0.0,0.0,1.0,0.0,0.0,27.26
0.0,0.0,1.0,1.0,0.0,27.36
0.0,0.0,1.0,1.0,0.0,27.46
0.0,0.0,1.0,1.0,0.0,27.56
0.0,0.0,1.0,1.0,0.0,27.66
0.0,0.0,1.0,1.0,0.0,27.76
0.0,0.0,1.0,1.0,0.0,27.86
0.0,0.0,1.0,1.0,0.0,27.96
0.0,0.0,1.0,1.0,0.0,28.06
0.0,0.0,1.0,1.0,0.0,28.16
0.0,0.0,1.0,1.0,0.0,28.26
0.0,0.0,1.0,1.0,0.0,28.36
0.0,0.0,1.0,1.0,0.0,28.46
0.0,0.0,1.0,1.0,0.0,28.58
0.0,0.0,1.0,1.0,0.0,28.68
0.0,0.0,1.0,1.0,0.0,28.78
0.0,0.0,1.0,1.0,0.0,28.88
0.0,0.0,1.0,1.0,0.0,28.98
0.0,0.0,1.0,1.0,0.0,29.08
0.0,0.0,1.0,1.0,0.0,29.18
0.0,0.0,1.0,1.0,0.0,29.28
0.0,0.0,1.0,1.0,0.0,29.38
0.0,0.0,1.0,1.0,0.0,29.48
0.0,0.0,1.0,1.0,0.0,29.58
0.0,0.0,1.0,1.0,0.0,29.68
0.0,0.0,1.0,1.0,0.0,29.78
0.0,0.0,1.0,1.0,0.0,29.88
0.0,0.0,1.0,1.0,0.0,29.98
0.0,0.0,1.0,1.0,0.0,30.08
0.0,0.0,1.0,1.0,0.0,30.18
0.0,0.0,1.0,1.0,0.0,30.28
0.0,0.0,1.0,1.0,0.0,30.38
0.0,0.0,1.0,1.0,0.0,30.48
0.0,0.0,1.0,1.0,0.0,30.58
0.0,0.0,1.0,1.0,0.0,30.69
0.0,0.0,1.0,1.0,0.0,30.79
0.0,0.0,1.0,1.0,0.0,30.89
0.0,0.0,1.0,1.0,0.0,30.99
0.0,0.0,1.0,1.0,0.0,31.09
0.0,0.0,1.0,1.0,0.0,31.19
0.0,0.0,1.0,1.0,0.0,31.29
0.0,0.0,1.0,1.0,0.0,31.39
0.0,0.0,1.0,1.0,0.0,31.5
0.0,0.0,1.0,1.0,0.0,31.6
0.0,0.0,1.0,1.0,0.0,31.7
0.0,0.0,1.0,1.0,0.0,31.8
0.0,0.0,1.0,1.0,0.0,31.89
0.0,0.0,1.0,1.0,0.0,32.0
0.0,0.0,1.0,1.0,0.0,32.1
0.0,0.0,1.0,1.0,0.0,32.2
0.0,0.0,1.0,1.0,0.0,32.3
0.0,0.0,1.0,1.0,0.0,32.4
0.0,0.0,1.0,1.0,0.0,32.5
0.0,0.0,1.0,1.0,0.0,32.6
0.0,0.0,1.0,1.0,0.0,32.7
0.0,0.0,1.0,1.0,0.0,32.8
0.0,0.0,1.0,1.0,0.0,32.9
0.0,0.0,1.0,1.0,0.0,32.99
0.0,0.0,1.0,1.0,0.0,33.09
0.0,0.0,1.0,1.0,0.0,33.19
0.0,0.0,1.0,1.0,0.0,33.29
0.0,0.0,1.0,1.0,0.0,33.39
0.0,0.0,1.0,1.0,0.0,33.49
0.0,0.0,1.0,1.0,0.0,33.59
0.0,0.0,1.0,1.0,0.0,33.69
0.0,0.0,1.0,1.0,0.0,33.79
0.0,0.0,1.0,1.0,1.0,33.89
0.0,0.0,1.0,1.0,1.0,33.99
0.0,0.0,1.0,1.0,1.0,34.09
0.0,0.0,1.0,1.0,1.0,34.19
0.0,0.0,1.0,1.0,1.0,34.29
0.0,0.0,1.0,1.0,1.0,34.39
0.0,0.0,1.0,1.0,1.0,34.49
0.0,0.0,1.0,1.0,1.0,34.59
0.0,0.0,1.0,1.0,1.0,34.69
0.0,0.0,1.0,1.0,1.0,34.79
0.0,0.0,1.0,1.0,1.0,34.89
0.0,0.0,1.0,1.0,1.0,34.99
0.0,0.0,1.0,1.0,1.0,35.09
0.0,0.0,1.0,1.0,1.0,35.19
0.0,0.0,1.0,1.0,1.0,35.29
0.0,0.0,1.0,1.0,1.0,35.39
0.0,0.0,1.0,1.0,1.0,35.5
0.0,0.0,1.0,1.0,1.0,35.6
0.0,0.0,1.0,1.0,1.0,35.7
0.0,0.0,1.0,1.0,1.0,35.8
0.0,0.0,1.0,1.0,1.0,35.9
0.0,0.0,1.0,1.0,1.0,36.0
0.0,0.0,1.0,1.0,1.0,36.1
0.0,0.0,1.0,1.0,1.0,36.21
0.0,0.0,1.0,1.0,1.0,36.31
0.0,0.0,1.0,1.0,1.0,36.41
0.0,0.0,1.0,1.0,1.0,36.51
0.0,0.0,1.0,1.0,1.0,36.61
0.0,0.0,1.0,1.0,1.0,36.71
0.0,0.0,1.0,1.0,1.0,36.81
0.0,0.0,1.0,1.0,1.0,36.93
0.0,0.0,1.0,1.0,1.0,37.03
0.0,0.0,1.0,1.0,1.0,37.13
0.0,0.0,1.0,1.0,1.0,37.23
0.0,0.0,1.0,1.0,1.0,37.33
0.0,0.0,1.0,1.0,1.0,37.43
0.0,0.0,1.0,1.0,1.0,37.54
0.0,0.0,1.0,1.0,1.0,37.64
0.0,0.0,1.0,1.0,1.0,37.76
0.0,0.0,1.0,1.0,1.0,37.86
0.0,0.0,1.0,1.0,1.0,37.96
0.0,0.0,1.0,1.0,1.0,38.06
0.0,0.0,1.0,1.0,1.0,38.16
0.0,0.0,1.0,1.0,1.0,38.26
0.0,0.0,1.0,1.0,1.0,38.36
0.0,0.0,1.0,1.0,1.0,38.46
0.0,0.0,1.0,1.0,1.0,38.57
0.0,0.0,1.0,1.0,1.0,38.67
0.0,0.0,1.0,1.0,1.0,38.77
0.0,0.0,1.0,0.0,1.0,38.87
0.0,0.0,1.0,0.0,1.0,38.97
0.0,0.0,1.0,0.0,1.0,39.07
0.0,0.0,1.0,0.0,1.0,39.17
0.0,0.0,1.0,0.0,1.0,39.27
0.0,0.0,1.0,0.0,1.0,39.38
0.0,0.0,1.0,0.0,1.0,39.48
0.0,0.0,1.0,0.0,0.0,39.58
0.0,0.0,1.0,0.0,0.0,39.68
0.0,0.0,1.0,0.0,0.0,39.78
0.0,0.0,1.0,0.0,0.0,39.88
0.0,0.0,1.0,0.0,0.0,39.98
0.0,0.0,1.0,0.0,0.0,40.09
0.0,0.0,1.0,0.0,0.0,40.19
0.0,0.0,1.0,0.0,0.0,40.29
0.0,0.0,1.0,0.0,0.0,40.39
0.0,0.0,1.0,0.0,0.0,40.49
0.0,0.0,1.0,0.0,0.0,40.59
0.0,0.0,1.0,0.0,0.0,40.68
0.0,0.0,1.0,0.0,0.0,40.78
0.0,0.0,1.0,0.0,0.0,40.88
0.0,0.0,1.0,0.0,0.0,40.99
0.0,0.0,1.0,0.0,0.0,41.09
0.0,0.0,1.0,0.0,0.0,41.19
0.0,0.0,1.0,0.0,0.0,41.29
0.0,0.0,1.0,0.0,0.0,41.39
0.0,0.0,1.0,0.0,0.0,41.49
0.0,0.0,1.0,0.0,0.0,41.59
0.0,0.0,1.0,0.0,0.0,41.69
0.0,0.0,1.0,0.0,0.0,41.79
0.0,0.0,1.0,0.0,0.0,41.89
0.0,0.0,1.0,0.0,0.0,42.0
0.0,0.0,1.0,0.0,0.0,42.1
0.0,0.0,1.0,0.0,0.0,42.2
0.0,0.0,1.0,0.0,0.0,42.3
0.0,0.0,1.0,0.0,0.0,42.4
0.0,0.0,1.0,0.0,0.0,42.5
0.0,0.0,1.0,0.0,0.0,42.6
0.0,0.0,1.0,0.0,0.0,42.7
0.0,0.0,1.0,0.0,0.0,42.8
0.0,0.0,1.0,0.0,0.0,42.9
0.0,0.0,1.0,0.0,0.0,43.01
0.0,0.0,1.0,0.0,0.0,43.11
0.0,0.0,1.0,0.0,0.0,43.21
0.0,0.0,1.0,0.0,0.0,43.31
0.0,0.0,1.0,0.0,0.0,43.41
0.0,0.0,1.0,0.0,0.0,43.51
0.0,0.0,1.0,0.0,0.0,43.61
0.0,0.0,1.0,0.0,0.0,43.71
0.0,0.0,1.0,0.0,0.0,43.81
0.0,0.0,1.0,0.0,0.0,43.91
0.0,0.0,1.0,0.0,0.0,44.01
0.0,0.0,1.0,0.0,0.0,44.11
0.0,0.0,1.0,0.0,0.0,44.21
0.0,0.0,1.0,0.0,0.0,44.31
0.0,0.0,1.0,0.0,0.0,44.41
0.0,0.0,1.0,0.0,0.0,44.51
0.0,0.0,1.0,0.0,0.0,44.61
0.0,0.0,1.0,0.0,0.0,44.72
0.0,0.0,1.0,0.0,0.0,44.82
0.0,0.0,1.0,0.0,0.0,44.92
0.0,0.0,1.0,0.0,0.0,45.02
0.0,0.0,1.0,0.0,0.0,45.12
0.0,0.0,1.0,0.0,0.0,45.22
0.0,0.0,1.0,0.0,0.0,45.32
0.0,0.0,1.0,0.0,0.0,45.42
0.0,0.0,1.0,0.0,0.0,45.52
0.0,0.0,1.0,0.0,0.0,45.62
0.0,0.0,1.0,0.0,0.0,45.72
0.0,0.0,1.0,0.0,0.0,45.82
0.0,0.0,1.0,0.0,0.0,45.92
0.0,0.0,1.0,0.0,0.0,46.02
0.0,0.0,1.0,0.0,0.0,46.12
0.0,0.0,1.0,0.0,0.0,46.22
0.0,0.0,1.0,0.0,0.0,46.32
0.0,0.0,1.0,0.0,0.0,46.42
0.0,0.0,1.0,0.0,0.0,46.52
0.0,0.0,1.0,0.0,0.0,46.63
0.0,0.0,1.0,0.0,1.0,46.73
0.0,0.0,0.0,0.0,1.0,46.83
0.0,0.0,0.0,0.0,1.0,46.93
0.0,0.0,0.0,0.0,1.0,47.03
0.0,0.0,0.0,0.0,1.0,47.13
0.0,0.0,0.0,0.0,1.0,47.23
0.0,0.0,0.0,0.0,1.0,47.33
0.0,0.0,0.0,0.0,1.0,47.44
0.0,0.0,0.0,0.0,1.0,47.54
0.0,0.0,0.0,0.0,1.0,47.64
0.0,0.0,0.0,0.0,1.0,47.74
0.0,0.0,1.0,0.0,1.0,47.87
0.0,0.0,1.0,0.0,1.0,47.97
0.0,0.0,1.0,0.0,1.0,48.07
0.0,0.0,1.0,0.0,1.0,48.18
0.0,0.0,1.0,0.0,1.0,48.28
0.0,0.0,1.0,0.0,1.0,48.38
0.0,0.0,1.0,0.0,1.0,48.48
0.0,0.0,1.0,0.0,1.0,48.58
0.0,0.0,1.0,0.0,1.0,48.68
0.0,0.0,1.0,0.0,1.0,48.79
0.0,0.0,1.0,0.0,1.0,48.89
0.0,0.0,1.0,0.0,1.0,48.99
0.0,0.0,1.0,0.0,1.0,49.09
0.0,0.0,1.0,0.0,1.0,49.19
0.0,0.0,1.0,0.0,1.0,49.29
0.0,0.0,1.0,0.0,1.0,49.39
0.0,0.0,1.0,0.0,1.0,49.49
0.0,0.0,1.0,0.0,1.0,49.59
0.0,0.0,1.0,0.0,1.0,49.7
0.0,0.0,1.0,0.0,1.0,49.8
0.0,0.0,1.0,0.0,1.0,49.9
0.0,0.0,1.0,0.0,1.0,50.0
0.0,0.0,1.0,0.0,1.0,50.1
0.0,0.0,1.0,0.0,1.0,50.2
0.0,0.0,1.0,0.0,1.0,50.3
0.0,0.0,1.0,0.0,1.0,50.4
0.0,0.0,1.0,0.0,1.0,50.5
0.0,0.0,1.0,0.0,1.0,50.6
0.0,0.0,1.0,0.0,1.0,50.7
0.0,0.0,1.0,0.0,1.0,50.8
0.0,0.0,1.0,0.0,1.0,50.9
0.0,0.0,1.0,0.0,1.0,51.01
0.0,0.0,1.0,0.0,1.0,51.11
0.0,0.0,1.0,0.0,1.0,51.21
0.0,0.0,1.0,0.0,1.0,51.31
0.0,0.0,1.0,0.0,1.0,51.41
0.0,0.0,1.0,0.0,1.0,51.51
0.0,0.0,1.0,0.0,1.0,51.61
0.0,0.0,1.0,0.0,1.0,51.72
0.0,0.0,1.0,0.0,1.0,51.82
0.0,0.0,1.0,0.0,1.0,51.92
0.0,0.0,1.0,0.0,1.0,52.04
0.0,0.0,1.0,0.0,1.0,52.14
0.0,0.0,1.0,0.0,1.0,52.24
0.0,0.0,1.0,0.0,1.0,52.34
0.0,0.0,1.0,0.0,1.0,52.45
0.0,0.0,1.0,0.0,1.0,52.55
0.0,0.0,1.0,0.0,1.0,52.65
0.0,0.0,1.0,0.0,1.0,52.75
0.0,0.0,1.0,0.0,1.0,52.85
0.0,0.0,1.0,0.0,1.0,52.95
0.0,0.0,1.0,0.0,1.0,53.05
0.0,0.0,1.0,0.0,1.0,53.15
0.0,0.0,1.0,0.0,1.0,53.25
0.0,0.0,1.0,0.0,1.0,53.35
0.0,0.0,1.0,0.0,1.0,53.46
0.0,0.0,1.0,0.0,1.0,53.56
0.0,0.0,1.0,0.0,1.0,53.66
0.0,0.0,1.0,0.0,1.0,53.76
0.0,0.0,1.0,0.0,1.0,53.86
0.0,0.0,1.0,0.0,1.0,53.96
0.0,0.0,1.0,0.0,1.0,54.06
0.0,0.0,1.0,0.0,1.0,54.16
0.0,0.0,1.0,1.0,1.0,54.27
0.0,0.0,1.0,1.0,1.0,54.36
0.0,0.0,1.0,1.0,0.0,54.47
0.0,0.0,1.0,1.0,0.0,54.57
0.0,0.0,1.0,1.0,0.0,54.67
0.0,0.0,1.0,1.0,0.0,54.77
0.0,0.0,1.0,1.0,0.0,54.87
0.0,0.0,1.0,1.0,0.0,54.97
0.0,0.0,1.0,1.0,0.0,55.07
0.0,0.0,1.0,1.0,0.0,55.17
0.0,0.0,1.0,1.0,0.0,55.27
0.0,0.0,1.0,1.0,0.0,55.38
0.0,0.0,1.0,1.0,0.0,55.48
0.0,0.0,1.0,1.0,0.0,55.58
0.0,0.0,1.0,1.0,0.0,55.68
0.0,0.0,1.0,1.0,0.0,55.78
0.0,0.0,1.0,1.0,0.0,55.88
0.0,0.0,1.0,1.0,0.0,55.98
0.0,0.0,1.0,1.0,0.0,56.08
0.0,0.0,1.0,1.0,0.0,56.18
0.0,0.0,1.0,1.0,0.0,56.28
0.0,0.0,1.0,1.0,0.0,56.38
0.0,0.0,1.0,1.0,0.0,56.48
0.0,0.0,1.0,1.0,0.0,56.59
0.0,0.0,1.0,1.0,0.0,56.69
0.0,0.0,1.0,1.0,0.0,56.79
0.0,0.0,1.0,1.0,0.0,56.89
0.0,0.0,1.0,1.0,0.0,56.99
0.0,0.0,1.0,1.0,0.0,57.09
0.0,0.0,1.0,1.0,0.0,57.19
0.0,0.0,1.0,1.0,0.0,57.29
0.0,0.0,1.0,1.0,0.0,57.39
0.0,0.0,1.0,1.0,0.0,57.49
0.0,0.0,1.0,1.0,0.0,57.6
0.0,0.0,1.0,1.0,0.0,57.7
0.0,0.0,1.0,1.0,0.0,57.8
0.0,0.0,1.0,1.0,0.0,57.9
0.0,0.0,1.0,1.0,0.0,58.0
0.0,0.0,1.0,1.0,0.0,58.1
0.0,0.0,1.0,1.0,0.0,58.2
0.0,0.0,1.0,1.0,0.0,58.3
0.0,0.0,1.0,1.0,0.0,58.4
0.0,0.0,1.0,1.0,0.0,58.5
0.0,0.0,1.0,1.0,0.0,58.64
0.0,0.0,1.0,1.0,0.0,58.74
0.0,0.0,1.0,1.0,0.0,58.84
0.0,0.0,1.0,1.0,0.0,58.95
0.0,0.0,1.0,1.0,0.0,59.05
0.0,0.0,1.0,1.0,0.0,59.15
0.0,0.0,1.0,1.0,0.0,59.25
0.0,0.0,1.0,1.0,0.0,59.35
0.0,0.0,1.0,1.0,0.0,59.45
0.0,0.0,1.0,1.0,0.0,59.55
0.0,0.0,1.0,1.0,0.0,59.65
0.0,0.0,1.0,1.0,0.0,59.75
0.0,0.0,1.0,1.0,0.0,59.85
0.0,0.0,1.0,1.0,0.0,59.96
0.0,0.0,1.0,1.0,0.0,60.07
0.0,0.0,1.0,1.0,0.0,60.17
0.0,0.0,1.0,1.0,0.0,60.27
0.0,0.0,1.0,1.0,0.0,60.37
0.0,0.0,1.0,1.0,0.0,60.48
0.0,0.0,1.0,1.0,0.0,60.58
0.0,0.0,1.0,1.0,0.0,60.68
0.0,0.0,1.0,1.0,0.0,60.78
0.0,0.0,1.0,1.0,0.0,60.88
0.0,0.0,0.0,1.0,0.0,60.98
0.0,0.0,0.0,1.0,0.0,61.09
0.0,0.0,0.0,1.0,0.0,61.19
0.0,0.0,0.0,1.0,0.0,61.29
0.0,0.0,0.0,1.0,0.0,61.41
0.0,0.0,0.0,1.0,0.0,61.51
0.0,0.0,0.0,1.0,0.0,61.62
0.0,0.0,1.0,0.0,0.0,61.71
0.0,0.0,1.0,0.0,0.0,61.81
0.0,0.0,1.0,0.0,0.0,61.91
0.0,0.0,1.0,0.0,0.0,62.01
0.0,0.0,1.0,0.0,0.0,62.11
0.0,0.0,1.0,0.0,0.0,62.22
0.0,0.0,1.0,0.0,0.0,62.32
0.0,0.0,1.0,0.0,0.0,62.42
0.0,0.0,1.0,0.0,0.0,62.52
0.0,0.0,1.0,0.0,0.0,62.62
0.0,0.0,1.0,0.0,0.0,62.72
0.0,0.0,1.0,0.0,0.0,62.82
0.0,0.0,1.0,0.0,0.0,62.94
0.0,0.0,1.0,0.0,0.0,63.04
0.0,0.0,1.0,0.0,0.0,63.14
0.0,0.0,1.0,0.0,0.0,63.24
0.0,0.0,1.0,0.0,0.0,63.34
0.0,0.0,1.0,0.0,0.0,63.44
0.0,0.0,1.0,0.0,0.0,63.54
0.0,0.0,1.0,0.0,0.0,63.64
0.0,0.0,1.0,0.0,0.0,63.74
0.0,0.0,1.0,0.0,0.0,63.84
0.0,0.0,1.0,0.0,0.0,63.94
0.0,0.0,1.0,0.0,0.0,64.04
0.0,0.0,1.0,0.0,0.0,64.14
0.0,0.0,1.0,0.0,0.0,64.24
0.0,0.0,1.0,0.0,0.0,64.34
0.0,0.0,1.0,0.0,0.0,64.44
0.0,0.0,1.0,0.0,0.0,64.54
0.0,0.0,1.0,0.0,0.0,64.64
0.0,0.0,1.0,0.0,0.0,64.74
0.0,0.0,1.0,0.0,0.0,64.85
0.0,0.0,1.0,0.0,0.0,64.95
0.0,0.0,1.0,0.0,0.0,65.05
0.0,0.0,1.0,0.0,0.0,65.17
0.0,0.0,1.0,0.0,0.0,65.28
0.0,0.0,1.0,0.0,0.0,65.38
0.0,0.0,1.0,0.0,0.0,65.48
0.0,0.0,1.0,0.0,0.0,65.58
0.0,0.0,1.0,0.0,0.0,65.68
0.0,0.0,1.0,0.0,0.0,65.79
0.0,0.0,1.0,0.0,0.0,65.89
0.0,0.0,1.0,0.0,0.0,65.99
0.0,0.0,1.0,0.0,0.0,66.09
0.0,0.0,1.0,0.0,0.0,66.19
0.0,0.0,1.0,0.0,0.0,66.28
0.0,0.0,1.0,0.0,0.0,66.38
0.0,0.0,1.0,0.0,0.0,66.48
0.0,0.0,1.0,0.0,0.0,66.58
0.0,0.0,1.0,0.0,0.0,66.68
0.0,0.0,1.0,0.0,0.0,66.78
0.0,0.0,1.0,0.0,0.0,66.89
0.0,0.0,1.0,0.0,0.0,66.99
0.0,0.0,1.0,0.0,0.0,67.08
0.0,0.0,1.0,0.0,0.0,67.18
0.0,0.0,1.0,0.0,0.0,67.29
0.0,0.0,1.0,0.0,0.0,67.39
0.0,0.0,1.0,0.0,0.0,67.49
0.0,0.0,1.0,0.0,0.0,67.58
0.0,0.0,1.0,0.0,0.0,67.68
0.0,0.0,1.0,0.0,0.0,67.78
0.0,0.0,1.0,0.0,0.0,67.9
0.0,0.0,1.0,0.0,0.0,68.0
0.0,0.0,1.0,0.0,0.0,68.1
0.0,0.0,1.0,0.0,0.0,68.2
0.0,0.0,1.0,0.0,0.0,68.3
0.0,0.0,1.0,0.0,0.0,68.4
0.0,0.0,1.0,0.0,0.0,68.5
0.0,0.0,1.0,0.0,0.0,68.6
0.0,0.0,1.0,0.0,0.0,68.7
0.0,0.0,1.0,0.0,0.0,68.8
0.0,0.0,1.0,0.0,0.0,68.9
0.0,0.0,1.0,0.0,0.0,69.0
0.0,0.0,1.0,0.0,0.0,69.1
0.0,0.0,1.0,0.0,0.0,69.2
0.0,0.0,1.0,0.0,0.0,69.3
0.0,0.0,1.0,0.0,0.0,69.4
0.0,0.0,1.0,0.0,0.0,69.5
0.0,0.0,1.0,0.0,0.0,69.6
0.0,0.0,1.0,0.0,0.0,69.7
0.0,0.0,1.0,0.0,0.0,69.8
0.0,0.0,1.0,0.0,0.0,69.9
0.0,0.0,1.0,0.0,0.0,70.0
0.0,0.0,1.0,0.0,0.0,70.1
0.0,0.0,1.0,0.0,0.0,70.2
0.0,0.0,1.0,0.0,0.0,70.3
0.0,0.0,1.0,0.0,0.0,70.4
0.0,0.0,1.0,0.0,0.0,70.5
0.0,0.0,1.0,0.0,0.0,70.6
0.0,0.0,1.0,0.0,0.0,70.7
0.0,0.0,1.0,0.0,0.0,70.8
0.0,0.0,1.0,0.0,0.0,70.9
0.0,0.0,1.0,0.0,0.0,71.0
0.0,0.0,1.0,0.0,0.0,71.1
0.0,0.0,1.0,0.0,0.0,71.2
0.0,0.0,1.0,0.0,0.0,71.3
0.0,0.0,1.0,0.0,0.0,71.4
0.0,0.0,1.0,0.0,0.0,71.5
0.0,0.0,1.0,0.0,0.0,71.6
0.0,0.0,1.0,0.0,0.0,71.7
0.0,0.0,1.0,0.0,0.0,71.8
0.0,0.0,1.0,0.0,0.0,71.91
0.0,0.0,1.0,0.0,0.0,72.01
0.0,0.0,1.0,0.0,0.0,72.11
0.0,0.0,1.0,0.0,0.0,72.21
0.0,0.0,1.0,0.0,0.0,72.31
0.0,0.0,1.0,0.0,0.0,72.41
0.0,0.0,1.0,0.0,0.0,72.52
0.0,0.0,1.0,0.0,0.0,72.62
0.0,0.0,1.0,0.0,0.0,72.72
0.0,0.0,1.0,0.0,0.0,72.82
0.0,0.0,1.0,0.0,0.0,72.92
0.0,0.0,1.0,0.0,0.0,73.02
0.0,0.0,1.0,0.0,0.0,73.12
0.0,0.0,1.0,0.0,0.0,73.22
0.0,0.0,1.0,0.0,0.0,73.32
0.0,0.0,1.0,0.0,0.0,73.42
0.0,0.0,1.0,0.0,0.0,73.52
0.0,0.0,1.0,0.0,0.0,73.62
0.0,0.0,1.0,0.0,0.0,73.72
0.0,0.0,1.0,0.0,0.0,73.82
0.0,0.0,1.0,0.0,0.0,73.92
0.0,0.0,1.0,0.0,0.0,74.02
0.0,0.0,1.0,0.0,0.0,74.13
0.0,0.0,1.0,0.0,0.0,74.23
0.0,0.0,1.0,0.0,0.0,74.33
0.0,0.0,1.0,0.0,0.0,74.43
0.0,0.0,1.0,0.0,0.0,74.53
0.0,0.0,1.0,0.0,0.0,74.63
0.0,0.0,1.0,0.0,0.0,74.74
0.0,0.0,1.0,0.0,0.0,74.84
0.0,0.0,1.0,0.0,0.0,74.95
0.0,0.0,1.0,0.0,0.0,75.05
0.0,0.0,1.0,0.0,0.0,75.15
0.0,0.0,1.0,0.0,0.0,75.25
0.0,0.0,1.0,0.0,0.0,75.35
0.0,0.0,1.0,0.0,0.0,75.45
0.0,0.0,1.0,0.0,0.0,75.55
0.0,0.0,1.0,0.0,0.0,75.65
0.0,0.0,1.0,0.0,0.0,75.75
0.0,0.0,1.0,0.0,0.0,75.85
0.0,0.0,1.0,0.0,0.0,75.95
0.0,0.0,1.0,0.0,0.0,76.05
0.0,0.0,1.0,0.0,0.0,76.16
0.0,0.0,1.0,0.0,0.0,76.26
0.0,0.0,1.0,0.0,0.0,76.36
0.0,0.0,1.0,0.0,0.0,76.46
0.0,0.0,1.0,0.0,0.0,76.56
0.0,0.0,1.0,0.0,0.0,76.66
0.0,0.0,1.0,0.0,0.0,76.76
0.0,0.0,1.0,0.0,0.0,76.86
0.0,0.0,1.0,0.0,0.0,76.98
0.0,0.0,1.0,0.0,0.0,77.08
0.0,0.0,1.0,0.0,0.0,77.18
0.0,0.0,1.0,0.0,0.0,77.28
0.0,0.0,1.0,0.0,0.0,77.38
0.0,0.0,1.0,0.0,0.0,77.48
0.0,0.0,1.0,0.0,0.0,77.58
0.0,0.0,1.0,0.0,0.0,77.68
0.0,0.0,1.0,0.0,0.0,77.78
0.0,0.0,1.0,0.0,0.0,77.88
0.0,0.0,1.0,0.0,0.0,77.98
0.0,0.0,1.0,0.0,0.0,78.08
0.0,0.0,1.0,0.0,0.0,78.18
0.0,0.0,1.0,0.0,0.0,78.28
0.0,0.0,1.0,0.0,0.0,78.38
0.0,0.0,1.0,0.0,0.0,78.48
0.0,0.0,1.0,0.0,0.0,78.58
0.0,0.0,1.0,0.0,0.0,78.68
0.0,0.0,1.0,0.0,0.0,78.77
0.0,0.0,1.0,0.0,0.0,78.88
0.0,0.0,1.0,0.0,0.0,78.97
0.0,0.0,1.0,0.0,0.0,79.07
0.0,0.0,1.0,0.0,0.0,79.17
0.0,0.0,1.0,0.0,0.0,79.27
0.0,0.0,1.0,0.0,0.0,79.37
0.0,0.0,1.0,0.0,0.0,79.48
0.0,0.0,1.0,0.0,0.0,79.58
0.0,0.0,1.0,0.0,0.0,79.68
0.0,0.0,1.0,0.0,0.0,79.78
0.0,0.0,1.0,0.0,0.0,79.88
0.0,0.0,1.0,0.0,0.0,79.98
0.0,0.0,1.0,0.0,0.0,80.07
0.0,0.0,1.0,0.0,0.0,80.18
0.0,0.0,1.0,0.0,0.0,80.28
0.0,0.0,1.0,0.0,0.0,80.38
0.0,0.0,1.0,0.0,0.0,80.48
0.0,0.0,1.0,0.0,0.0,80.58
0.0,0.0,1.0,0.0,0.0,80.68
0.0,0.0,1.0,0.0,0.0,80.8
0.0,0.0,1.0,0.0,0.0,80.9
0.0,0.0,1.0,0.0,0.0,81.0
0.0,0.0,1.0,0.0,0.0,81.1
0.0,0.0,1.0,0.0,0.0,81.2
0.0,0.0,1.0,0.0,0.0,81.3
0.0,0.0,1.0,0.0,0.0,81.4
0.0,0.0,1.0,0.0,0.0,81.5
0.0,0.0,1.0,0.0,0.0,81.6
0.0,0.0,1.0,0.0,0.0,81.7
0.0,0.0,1.0,0.0,0.0,81.8
0.0,0.0,1.0,0.0,0.0,81.9
0.0,0.0,1.0,0.0,0.0,82.0
0.0,0.0,1.0,0.0,0.0,82.1
0.0,0.0,1.0,0.0,0.0,82.2
0.0,0.0,1.0,0.0,0.0,82.3
0.0,0.0,1.0,0.0,0.0,82.41
0.0,0.0,1.0,0.0,0.0,82.51
0.0,0.0,1.0,0.0,0.0,82.61
0.0,0.0,1.0,0.0,0.0,82.71
0.0,0.0,1.0,0.0,0.0,82.81
0.0,0.0,1.0,0.0,0.0,82.91
0.0,0.0,1.0,0.0,0.0,83.01
0.0,0.0,1.0,0.0,0.0,83.11
0.0,0.0,1.0,0.0,0.0,83.21
0.0,0.0,1.0,0.0,0.0,83.31
0.0,0.0,1.0,0.0,0.0,83.41
0.0,0.0,1.0,0.0,0.0,83.51
0.0,0.0,1.0,0.0,0.0,83.61
0.0,0.0,1.0,0.0,0.0,83.72
0.0,0.0,1.0,0.0,0.0,83.82
0.0,0.0,1.0,0.0,0.0,83.92
0.0,0.0,1.0,0.0,0.0,84.02
0.0,0.0,1.0,0.0,0.0,84.12
0.0,0.0,1.0,0.0,0.0,84.22
0.0,0.0,1.0,0.0,0.0,84.32
0.0,0.0,1.0,0.0,0.0,84.42
0.0,0.0,1.0,0.0,0.0,84.52
0.0,0.0,1.0,0.0,0.0,84.63
0.0,0.0,1.0,0.0,0.0,84.73
0.0,0.0,1.0,0.0,0.0,84.84
0.0,0.0,1.0,0.0,0.0,84.94
0.0,0.0,1.0,0.0,0.0,85.04
0.0,0.0,1.0,0.0,0.0,85.15
0.0,0.0,1.0,0.0,0.0,85.25
0.0,0.0,1.0,0.0,0.0,85.35
0.0,0.0,1.0,0.0,0.0,85.45
0.0,0.0,1.0,0.0,0.0,85.55
0.0,0.0,1.0,0.0,0.0,85.65
0.0,0.0,1.0,0.0,0.0,85.75
0.0,0.0,1.0,0.0,0.0,85.85
0.0,0.0,1.0,0.0,0.0,85.95
0.0,0.0,1.0,0.0,0.0,86.05
0.0,0.0,1.0,0.0,0.0,86.15
0.0,0.0,1.0,0.0,0.0,86.25
0.0,0.0,1.0,0.0,0.0,86.35
0.0,0.0,1.0,0.0,0.0,86.45
0.0,0.0,1.0,0.0,0.0,86.55
0.0,0.0,1.0,0.0,0.0,86.65
0.0,0.0,1.0,0.0,0.0,86.76
0.0,0.0,1.0,0.0,0.0,86.86
0.0,0.0,1.0,0.0,0.0,86.96
0.0,0.0,1.0,0.0,0.0,87.06
0.0,0.0,1.0,0.0,0.0,87.16
0.0,0.0,1.0,0.0,0.0,87.27
0.0,0.0,1.0,0.0,0.0,87.38
0.0,0.0,1.0,0.0,0.0,87.48
0.0,0.0,1.0,0.0,0.0,87.59
0.0,0.0,1.0,0.0,0.0,87.69
0.0,0.0,1.0,0.0,0.0,87.79
0.0,0.0,1.0,0.0,0.0,87.89
0.0,0.0,1.0,0.0,0.0,87.99
0.0,0.0,1.0,0.0,0.0,88.09
0.0,0.0,1.0,0.0,0.0,88.19
0.0,0.0,1.0,0.0,0.0,88.29
0.0,0.0,1.0,0.0,0.0,88.39
0.0,0.0,1.0,0.0,0.0,88.49
0.0,0.0,1.0,0.0,0.0,88.59
0.0,0.0,1.0,0.0,0.0,88.69
0.0,0.0,1.0,0.0,0.0,88.79
0.0,0.0,1.0,0.0,0.0,88.9
0.0,0.0,1.0,0.0,0.0,89.01
0.0,0.0,1.0,0.0,0.0,89.11
0.0,0.0,1.0,0.0,0.0,89.21
0.0,0.0,1.0,0.0,0.0,89.31
0.0,0.0,1.0,0.0,0.0,89.42
0.0,0.0,1.0,0.0,0.0,89.52
0.0,0.0,1.0,0.0,0.0,89.62
0.0,0.0,1.0,0.0,0.0,89.72
0.0,0.0,1.0,0.0,0.0,89.82
0.0,0.0,1.0,0.0,0.0,89.93
0.0,0.0,1.0,0.0,0.0,90.03
0.0,0.0,1.0,0.0,0.0,90.13
0.0,0.0,1.0,0.0,0.0,90.23
0.0,0.0,1.0,0.0,0.0,90.33
0.0,0.0,1.0,0.0,0.0,90.43
0.0,0.0,1.0,0.0,0.0,90.53
0.0,0.0,1.0,0.0,0.0,90.63
0.0,0.0,1.0,0.0,0.0,90.73
0.0,0.0,1.0,0.0,0.0,90.83
0.0,0.0,1.0,0.0,0.0,90.93
0.0,0.0,1.0,0.0,0.0,91.03
0.0,0.0,1.0,0.0,0.0,91.13
0.0,0.0,1.0,0.0,0.0,91.24
0.0,0.0,1.0,0.0,0.0,91.34
0.0,0.0,1.0,0.0,0.0,91.44
0.0,0.0,1.0,0.0,0.0,91.54
0.0,0.0,1.0,0.0,0.0,91.64
0.0,0.0,1.0,0.0,0.0,91.74
0.0,0.0,1.0,0.0,0.0,91.84
0.0,0.0,1.0,0.0,0.0,91.95
0.0,0.0,1.0,0.0,0.0,92.05
0.0,0.0,1.0,0.0,0.0,92.15
0.0,0.0,1.0,0.0,0.0,92.25
0.0,0.0,1.0,0.0,0.0,92.35
0.0,0.0,1.0,0.0,0.0,92.45
0.0,0.0,1.0,0.0,0.0,92.55
0.0,0.0,1.0,0.0,0.0,92.65
0.0,0.0,1.0,0.0,0.0,92.75
0.0,0.0,1.0,0.0,0.0,92.85
0.0,0.0,1.0,0.0,0.0,92.96
0.0,0.0,1.0,0.0,0.0,93.05
0.0,0.0,1.0,0.0,0.0,93.16
0.0,0.0,1.0,0.0,0.0,93.26
0.0,0.0,1.0,0.0,0.0,93.36
0.0,0.0,1.0,0.0,0.0,93.46
0.0,0.0,1.0,0.0,0.0,93.56
0.0,0.0,1.0,0.0,0.0,93.66
0.0,0.0,1.0,0.0,0.0,93.76
0.0,0.0,1.0,0.0,0.0,93.86
0.0,0.0,1.0,0.0,0.0,93.96
0.0,0.0,1.0,0.0,0.0,94.06
0.0,0.0,1.0,0.0,0.0,94.16
0.0,0.0,1.0,0.0,0.0,94.26
0.0,0.0,1.0,0.0,0.0,94.38
0.0,0.0,1.0,0.0,0.0,94.48
0.0,0.0,1.0,0.0,0.0,94.58
0.0,0.0,1.0,0.0,0.0,94.68
0.0,0.0,1.0,0.0,0.0,94.78
0.0,0.0,1.0,0.0,0.0,94.89
0.0,0.0,1.0,0.0,0.0,94.99
0.0,0.0,1.0,0.0,0.0,95.09
0.0,0.0,1.0,0.0,0.0,95.19
0.0,0.0,1.0,0.0,0.0,95.29
0.0,0.0,1.0,0.0,0.0,95.39
0.0,0.0,1.0,0.0,0.0,95.5
0.0,0.0,1.0,0.0,0.0,95.6
0.0,0.0,1.0,0.0,0.0,95.7
0.0,0.0,1.0,0.0,0.0,95.8
0.0,0.0,1.0,0.0,0.0,95.9
0.0,0.0,1.0,0.0,0.0,96.0
0.0,0.0,1.0,0.0,0.0,96.1
0.0,0.0,1.0,0.0,0.0,96.21
0.0,0.0,1.0,0.0,0.0,96.31
0.0,0.0,1.0,0.0,0.0,96.41
0.0,0.0,1.0,0.0,0.0,96.52
0.0,0.0,1.0,0.0,0.0,96.62
0.0,0.0,1.0,0.0,0.0,96.72
0.0,0.0,1.0,0.0,0.0,96.82
0.0,0.0,1.0,0.0,0.0,96.92
0.0,0.0,1.0,0.0,0.0,97.02
0.0,0.0,1.0,0.0,0.0,97.13
0.0,0.0,1.0,0.0,0.0,97.23
0.0,0.0,1.0,0.0,0.0,97.33
0.0,0.0,1.0,0.0,0.0,97.44
0.0,0.0,1.0,0.0,0.0,97.54
0.0,0.0,1.0,0.0,0.0,97.64
0.0,0.0,1.0,0.0,0.0,97.74
0.0,0.0,1.0,0.0,0.0,97.84
0.0,0.0,1.0,0.0,0.0,97.94
0.0,0.0,1.0,0.0,0.0,98.04
0.0,0.0,1.0,0.0,0.0,98.15
0.0,0.0,1.0,0.0,0.0,98.25
0.0,0.0,1.0,0.0,0.0,98.35
0.0,0.0,1.0,0.0,0.0,98.45
0.0,0.0,1.0,0.0,0.0,98.55
0.0,0.0,1.0,0.0,0.0,98.65
0.0,0.0,1.0,0.0,0.0,98.75
0.0,0.0,1.0,0.0,0.0,98.85
0.0,0.0,1.0,0.0,0.0,98.95
0.0,0.0,1.0,0.0,0.0,99.05
0.0,0.0,1.0,0.0,0.0,99.16
0.0,0.0,1.0,0.0,0.0,99.26
0.0,0.0,1.0,0.0,0.0,99.36
0.0,0.0,1.0,0.0,0.0,99.46
0.0,0.0,1.0,0.0,0.0,99.56
0.0,0.0,1.0,0.0,0.0,99.66
0.0,0.0,1.0,0.0,0.0,99.76
0.0,0.0,1.0,0.0,0.0,99.86
0.0,0.0,1.0,0.0,0.0,99.96
0.0,0.0,1.0,0.0,0.0,100.07
0.0,0.0,1.0,0.0,0.0,100.17
0.0,0.0,1.0,0.0,0.0,100.27
0.0,0.0,1.0,0.0,0.0,100.37
0.0,0.0,1.0,0.0,0.0,100.47
0.0,0.0,1.0,0.0,0.0,100.57
0.0,0.0,1.0,0.0,0.0,100.67
0.0,0.0,1.0,0.0,0.0,100.77
0.0,0.0,1.0,0.0,0.0,100.88
