0.0,0.0,0.0,0.0,0.0,0.0,0.0,0.0,0.18
0.0,0.0,0.0,0.0,0.0,0.0,0.0,0.0,0.22
0.0,0.0,0.0,0.0,0.0,0.0,0.0,0.0,0.25
0.0,0.0,0.0,0.0,0.0,0.0,0.0,0.0,0.29
0.0,0.0,0.0,0.0,0.0,0.0,0.0,0.0,0.33
0.0,0.0,0.0,0.0,0.0,0.0,0.0,1.0,0.36
0.0,0.0,0.0,0.0,0.0,0.0,0.0,1.0,0.4
0.0,0.0,0.0,0.0,0.0,0.0,0.0,1.0,0.42
0.0,0.0,0.0,0.0,0.0,0.0,0.0,1.0,0.45
0.0,0.0,0.0,0.0,0.0,0.0,0.0,1.0,0.49
0.0,0.0,0.0,0.0,0.0,0.0,0.0,1.0,0.51
0.0,0.0,0.0,0.0,0.0,0.0,0.0,1.0,0.54
0.0,0.0,0.0,0.0,0.0,0.0,0.0,1.0,0.57
0.0,0.0,0.0,0.0,0.0,0.0,0.0,1.0,0.61
0.0,0.0,0.0,0.0,0.0,0.0,0.0,1.0,0.65
0.0,0.0,0.0,0.0,0.0,0.0,0.0,1.0,0.67
0.0,0.0,0.0,0.0,0.0,0.0,0.0,1.0,0.71
0.0,0.0,0.0,0.0,0.0,0.0,0.0,1.0,0.74
0.0,0.0,0.0,0.0,0.0,0.0,0.0,1.0,0.77
0.0,0.0,0.0,0.0,0.0,0.0,0.0,1.0,0.81
0.0,0.0,0.0,0.0,0.0,0.0,0.0,1.0,0.83
0.0,0.0,0.0,0.0,0.0,0.0,0.0,1.0,0.87
0.0,0.0,0.0,0.0,0.0,0.0,0.0,1.0,0.91
0.0,0.0,0.0,0.0,0.0,0.0,0.0,1.0,0.94
0.0,0.0,0.0,0.0,0.0,0.0,0.0,1.0,0.98
0.0,0.0,0.0,0.0,0.0,0.0,0.0,1.0,1.02
0.0,0.0,0.0,0.0,0.0,0.0,0.0,1.0,1.04
0.0,0.0,0.0,0.0,0.0,0.0,0.0,1.0,1.07
0.0,0.0,0.0,0.0,0.0,0.0,0.0,1.0,1.1
0.0,0.0,0.0,0.0,0.0,0.0,0.0,1.0,1.12
0.0,0.0,0.0,0.0,0.0,0.0,0.0,1.0,1.16
0.0,0.0,0.0,0.0,0.0,0.0,0.0,1.0,1.18
0.0,0.0,0.0,0.0,0.0,0.0,0.0,1.0,1.21
0.0,0.0,0.0,0.0,0.0,0.0,0.0,1.0,1.23
0.0,0.0,0.0,0.0,0.0,0.0,0.0,1.0,1.26
0.0,0.0,0.0,0.0,0.0,0.0,0.0,1.0,1.28
0.0,0.0,0.0,0.0,0.0,0.0,0.0,1.0,1.31
0.0,0.0,0.0,0.0,0.0,0.0,0.0,1.0,1.34
0.0,0.0,0.0,0.0,0.0,0.0,0.0,1.0,1.37
0.0,0.0,0.0,0.0,0.0,0.0,0.0,1.0,1.4
0.0,0.0,0.0,0.0,0.0,0.0,0.0,1.0,1.44
0.0,0.0,0.0,0.0,0.0,0.0,0.0,1.0,1.49
0.0,0.0,0.0,0.0,0.0,0.0,0.0,1.0,1.52
0.0,0.0,0.0,0.0,0.0,0.0,0.0,1.0,1.54
0.0,0.0,0.0,0.0,0.0,0.0,0.0,1.0,1.56
0.0,0.0,0.0,0.0,0.0,0.0,0.0,1.0,1.59
0.0,0.0,0.0,0.0,0.0,0.0,0.0,1.0,1.61
0.0,0.0,0.0,0.0,0.0,0.0,0.0,1.0,1.63
0.0,0.0,0.0,0.0,0.0,0.0,0.0,1.0,1.66
0.0,0.0,0.0,0.0,0.0,0.0,0.0,1.0,1.7
0.0,0.0,0.0,0.0,0.0,0.0,0.0,1.0,1.73
0.0,0.0,0.0,0.0,0.0,0.0,0.0,1.0,1.76
0.0,0.0,0.0,0.0,0.0,0.0,0.0,1.0,1.79
0.0,0.0,0.0,0.0,0.0,0.0,0.0,1.0,1.83
0.0,0.0,0.0,0.0,0.0,0.0,0.0,1.0,1.87
0.0,0.0,0.0,0.0,0.0,0.0,0.0,1.0,1.9
0.0,0.0,0.0,0.0,0.0,0.0,0.0,1.0,1.92
0.0,0.0,0.0,0.0,0.0,0.0,0.0,1.0,1.95
0.0,0.0,0.0,0.0,0.0,0.0,0.0,1.0,1.97
0.0,0.0,0.0,0.0,0.0,0.0,0.0,1.0,2.01
0.0,0.0,0.0,0.0,0.0,0.0,0.0,1.0,2.03
0.0,0.0,0.0,0.0,0.0,0.0,0.0,1.0,2.06
0.0,0.0,0.0,0.0,0.0,0.0,0.0,1.0,2.08
0.0,0.0,0.0,0.0,0.0,0.0,0.0,1.0,2.11
0.0,0.0,0.0,0.0,0.0,0.0,0.0,1.0,2.15
0.0,0.0,0.0,0.0,0.0,0.0,0.0,1.0,2.19
0.0,0.0,0.0,0.0,0.0,0.0,0.0,1.0,2.24
0.0,0.0,0.0,0.0,0.0,0.0,0.0,1.0,2.27
0.0,0.0,0.0,0.0,0.0,0.0,0.0,1.0,2.3
0.0,0.0,0.0,0.0,0.0,0.0,0.0,1.0,2.33
0.0,0.0,0.0,0.0,0.0,0.0,0.0,1.0,2.35
0.0,0.0,0.0,0.0,0.0,0.0,0.0,1.0,2.38
0.0,0.0,0.0,0.0,0.0,0.0,0.0,1.0,2.42
0.0,0.0,0.0,0.0,0.0,0.0,0.0,1.0,2.45
0.0,0.0,0.0,0.0,0.0,0.0,0.0,1.0,2.49
0.0,0.0,0.0,0.0,0.0,0.0,0.0,1.0,2.53
0.0,0.0,0.0,0.0,0.0,0.0,0.0,1.0,2.57
0.0,0.0,0.0,0.0,0.0,0.0,0.0,1.0,2.6
0.0,0.0,0.0,0.0,0.0,0.0,0.0,1.0,2.63
0.0,0.0,0.0,0.0,0.0,0.0,0.0,1.0,2.68
0.0,0.0,0.0,0.0,0.0,0.0,0.0,1.0,2.72
0.0,0.0,0.0,0.0,0.0,0.0,0.0,1.0,2.76
0.0,0.0,0.0,0.0,0.0,0.0,0.0,1.0,2.79
0.0,0.0,0.0,0.0,0.0,0.0,0.0,1.0,2.84
0.0,0.0,0.0,0.0,0.0,0.0,0.0,1.0,2.88
0.0,0.0,0.0,0.0,0.0,0.0,0.0,1.0,2.92
0.0,0.0,0.0,0.0,0.0,0.0,0.0,1.0,2.95
0.0,0.0,0.0,0.0,0.0,0.0,0.0,1.0,2.98
0.0,0.0,0.0,0.0,0.0,0.0,0.0,1.0,3.01
0.0,0.0,0.0,0.0,0.0,0.0,0.0,1.0,3.05
0.0,0.0,0.0,0.0,0.0,0.0,0.0,1.0,3.1
0.0,0.0,0.0,0.0,0.0,0.0,0.0,1.0,3.12
0.0,0.0,0.0,0.0,0.0,0.0,0.0,1.0,3.16
0.0,0.0,0.0,0.0,0.0,0.0,0.0,1.0,3.19
0.0,0.0,0.0,0.0,0.0,0.0,0.0,1.0,3.22
0.0,0.0,0.0,0.0,0.0,0.0,0.0,1.0,3.24
0.0,0.0,0.0,0.0,0.0,0.0,0.0,1.0,3.27
0.0,0.0,0.0,0.0,0.0,0.0,0.0,1.0,3.31
0.0,0.0,0.0,0.0,0.0,0.0,0.0,1.0,3.34
0.0,0.0,0.0,0.0,0.0,0.0,0.0,1.0,3.37
0.0,0.0,0.0,0.0,0.0,0.0,0.0,1.0,3.41
0.0,0.0,0.0,0.0,0.0,0.0,0.0,1.0,3.44
0.0,0.0,0.0,0.0,0.0,0.0,0.0,1.0,3.47
0.0,0.0,0.0,0.0,0.0,0.0,0.0,1.0,3.51
0.0,0.0,0.0,0.0,0.0,0.0,0.0,1.0,3.54
0.0,0.0,0.0,0.0,0.0,0.0,0.0,1.0,3.58
0.0,0.0,0.0,0.0,0.0,0.0,0.0,1.0,3.61
0.0,0.0,0.0,0.0,0.0,0.0,0.0,1.0,3.65
0.0,0.0,0.0,0.0,0.0,0.0,0.0,1.0,3.69
0.0,0.0,0.0,0.0,0.0,0.0,0.0,1.0,3.72
0.0,0.0,0.0,0.0,0.0,0.0,0.0,1.0,3.76
0.0,0.0,0.0,0.0,0.0,0.0,0.0,1.0,3.78
0.0,0.0,0.0,0.0,0.0,0.0,0.0,1.0,3.81
0.0,0.0,0.0,0.0,0.0,0.0,0.0,1.0,3.85
0.0,0.0,0.0,0.0,0.0,0.0,0.0,1.0,3.87
0.0,0.0,0.0,0.0,0.0,0.0,0.0,1.0,3.89
0.0,0.0,0.0,0.0,0.0,0.0,0.0,1.0,3.93
0.0,0.0,0.0,0.0,0.0,0.0,0.0,1.0,3.97
0.0,0.0,0.0,0.0,0.0,0.0,0.0,1.0,4.0
0.0,0.0,0.0,0.0,0.0,0.0,0.0,1.0,4.03
0.0,0.0,0.0,0.0,0.0,0.0,0.0,1.0,4.07
0.0,0.0,0.0,0.0,0.0,0.0,0.0,1.0,4.11
0.0,0.0,0.0,0.0,0.0,0.0,0.0,1.0,4.14
0.0,0.0,0.0,0.0,0.0,0.0,0.0,1.0,4.17
0.0,0.0,0.0,0.0,0.0,0.0,0.0,1.0,4.2
0.0,0.0,0.0,0.0,0.0,0.0,0.0,1.0,4.23
0.0,0.0,0.0,0.0,0.0,0.0,0.0,1.0,4.27
0.0,0.0,0.0,0.0,0.0,0.0,0.0,1.0,4.29
0.0,0.0,0.0,0.0,0.0,0.0,0.0,1.0,4.31
0.0,0.0,0.0,0.0,0.0,0.0,0.0,1.0,4.34
0.0,0.0,0.0,0.0,0.0,0.0,0.0,1.0,4.37
0.0,0.0,0.0,0.0,0.0,0.0,0.0,1.0,4.4
0.0,0.0,0.0,0.0,0.0,0.0,0.0,1.0,4.44
0.0,0.0,0.0,0.0,0.0,0.0,0.0,1.0,4.47
0.0,0.0,0.0,0.0,0.0,0.0,0.0,1.0,4.5
0.0,0.0,0.0,0.0,0.0,0.0,0.0,1.0,4.53
0.0,0.0,0.0,0.0,0.0,0.0,0.0,1.0,4.57
0.0,0.0,0.0,0.0,0.0,0.0,0.0,1.0,4.61
0.0,0.0,0.0,0.0,0.0,0.0,0.0,1.0,4.65
0.0,0.0,0.0,0.0,0.0,0.0,0.0,1.0,4.68
0.0,0.0,0.0,0.0,0.0,0.0,0.0,1.0,4.71
0.0,0.0,0.0,0.0,0.0,0.0,0.0,1.0,4.74
0.0,0.0,0.0,0.0,0.0,0.0,0.0,1.0,4.77
0.0,0.0,0.0,0.0,0.0,0.0,0.0,1.0,4.8
0.0,0.0,0.0,0.0,0.0,0.0,0.0,1.0,4.83
0.0,0.0,0.0,0.0,0.0,0.0,0.0,1.0,4.87
0.0,0.0,0.0,0.0,0.0,0.0,0.0,1.0,4.91
0.0,0.0,0.0,0.0,0.0,0.0,0.0,1.0,4.96
0.0,0.0,0.0,0.0,0.0,0.0,0.0,1.0,4.98
0.0,0.0,0.0,0.0,0.0,0.0,0.0,1.0,5.01
0.0,0.0,0.0,0.0,0.0,0.0,0.0,1.0,5.05
0.0,0.0,0.0,0.0,0.0,0.0,0.0,1.0,5.07
0.0,0.0,0.0,0.0,0.0,0.0,0.0,1.0,5.11
0.0,0.0,0.0,0.0,0.0,0.0,0.0,1.0,5.14
0.0,0.0,0.0,0.0,0.0,0.0,0.0,1.0,5.16
0.0,0.0,0.0,0.0,0.0,0.0,0.0,1.0,5.19
0.0,0.0,0.0,0.0,0.0,0.0,0.0,1.0,5.21
0.0,0.0,0.0,0.0,0.0,0.0,0.0,1.0,5.24
0.0,0.0,0.0,0.0,0.0,0.0,0.0,1.0,5.27
0.0,0.0,0.0,0.0,0.0,0.0,0.0,1.0,5.31
0.0,0.0,0.0,0.0,0.0,0.0,0.0,1.0,5.35
0.0,0.0,0.0,0.0,0.0,0.0,0.0,1.0,5.37
0.0,0.0,0.0,0.0,0.0,0.0,0.0,1.0,5.39
0.0,0.0,0.0,0.0,0.0,0.0,0.0,1.0,5.42
0.0,0.0,0.0,0.0,0.0,0.0,0.0,1.0,5.44
0.0,0.0,0.0,0.0,0.0,0.0,0.0,1.0,5.48
0.0,0.0,0.0,0.0,0.0,0.0,0.0,1.0,5.51
0.0,0.0,0.0,0.0,0.0,0.0,0.0,1.0,5.54
0.0,0.0,0.0,0.0,0.0,0.0,0.0,1.0,5.57
0.0,0.0,0.0,0.0,0.0,0.0,0.0,1.0,5.61
0.0,0.0,0.0,0.0,0.0,0.0,0.0,1.0,5.64
0.0,0.0,0.0,0.0,0.0,0.0,0.0,1.0,5.67
0.0,0.0,0.0,0.0,0.0,0.0,0.0,1.0,5.71
0.0,0.0,0.0,0.0,0.0,0.0,0.0,1.0,5.74
0.0,0.0,0.0,0.0,0.0,0.0,0.0,1.0,5.77
0.0,0.0,0.0,0.0,0.0,0.0,0.0,1.0,5.81
0.0,0.0,0.0,0.0,0.0,0.0,0.0,1.0,5.85
0.0,0.0,0.0,0.0,0.0,0.0,0.0,1.0,5.89
0.0,0.0,0.0,0.0,0.0,0.0,0.0,1.0,5.93
0.0,0.0,0.0,0.0,0.0,0.0,0.0,1.0,5.96
0.0,0.0,0.0,0.0,0.0,0.0,0.0,1.0,5.98
0.0,0.0,0.0,0.0,0.0,0.0,0.0,1.0,6.02
0.0,0.0,0.0,0.0,0.0,0.0,0.0,1.0,6.05
0.0,0.0,0.0,0.0,0.0,0.0,0.0,1.0,6.07
0.0,0.0,0.0,0.0,0.0,0.0,0.0,1.0,6.1
0.0,0.0,0.0,0.0,0.0,0.0,0.0,1.0,6.14
0.0,0.0,0.0,0.0,0.0,0.0,0.0,1.0,6.17
0.0,0.0,0.0,0.0,0.0,0.0,0.0,1.0,6.2
0.0,0.0,0.0,0.0,0.0,0.0,0.0,1.0,6.23
0.0,0.0,0.0,0.0,0.0,0.0,0.0,1.0,6.25
0.0,0.0,0.0,0.0,0.0,0.0,0.0,1.0,6.29
0.0,0.0,0.0,0.0,0.0,0.0,0.0,1.0,6.33
0.0,0.0,0.0,0.0,0.0,0.0,0.0,1.0,6.36
0.0,0.0,0.0,0.0,0.0,0.0,0.0,1.0,6.38
0.0,0.0,0.0,0.0,0.0,0.0,0.0,1.0,6.42
0.0,0.0,0.0,0.0,0.0,0.0,0.0,1.0,6.46
0.0,0.0,0.0,0.0,0.0,0.0,0.0,1.0,6.49
0.0,0.0,0.0,0.0,0.0,0.0,0.0,1.0,6.53
0.0,0.0,0.0,0.0,0.0,0.0,0.0,1.0,6.57
0.0,0.0,0.0,0.0,0.0,0.0,0.0,1.0,6.59
0.0,0.0,0.0,0.0,0.0,0.0,0.0,1.0,6.62
0.0,0.0,0.0,0.0,0.0,0.0,0.0,1.0,6.66
0.0,0.0,0.0,0.0,0.0,0.0,0.0,1.0,6.68
0.0,0.0,0.0,0.0,0.0,0.0,0.0,1.0,6.71
0.0,0.0,0.0,0.0,0.0,0.0,0.0,1.0,6.73
0.0,0.0,0.0,0.0,0.0,0.0,0.0,1.0,6.76
0.0,0.0,0.0,0.0,0.0,0.0,0.0,1.0,6.8
0.0,0.0,0.0,0.0,0.0,0.0,0.0,1.0,6.84
0.0,0.0,0.0,0.0,0.0,0.0,0.0,1.0,6.87
0.0,0.0,0.0,0.0,0.0,0.0,0.0,1.0,6.89
0.0,0.0,0.0,0.0,0.0,0.0,0.0,1.0,6.93
0.0,0.0,0.0,0.0,0.0,0.0,0.0,1.0,6.97
0.0,0.0,0.0,0.0,0.0,0.0,0.0,1.0,6.99
0.0,0.0,0.0,0.0,0.0,0.0,0.0,1.0,7.01
0.0,0.0,0.0,0.0,0.0,0.0,0.0,1.0,7.04
0.0,0.0,0.0,0.0,0.0,0.0,0.0,1.0,7.07
0.0,0.0,0.0,1.0,0.0,0.0,0.0,1.0,7.1
0.0,0.0,0.0,1.0,0.0,0.0,0.0,1.0,7.13
0.0,0.0,0.0,1.0,0.0,0.0,0.0,1.0,7.15
0.0,0.0,0.0,1.0,0.0,0.0,0.0,1.0,7.19
0.0,0.0,0.0,1.0,0.0,0.0,0.0,1.0,7.22
0.0,0.0,0.0,1.0,0.0,0.0,0.0,1.0,7.24
0.0,0.0,0.0,0.0,0.0,0.0,0.0,1.0,7.28
0.0,0.0,0.0,0.0,0.0,0.0,0.0,1.0,7.31
0.0,0.0,0.0,0.0,0.0,0.0,0.0,1.0,7.34
0.0,0.0,0.0,0.0,0.0,0.0,0.0,1.0,7.38
0.0,0.0,0.0,0.0,0.0,0.0,0.0,1.0,7.41
0.0,0.0,0.0,0.0,0.0,0.0,0.0,1.0,7.44
0.0,0.0,0.0,0.0,0.0,0.0,0.0,1.0,7.46
0.0,0.0,0.0,0.0,0.0,0.0,0.0,1.0,7.5
0.0,0.0,0.0,0.0,0.0,0.0,0.0,1.0,7.53
0.0,0.0,0.0,0.0,0.0,0.0,0.0,1.0,7.56
0.0,0.0,0.0,0.0,0.0,0.0,0.0,1.0,7.59
0.0,0.0,0.0,0.0,0.0,0.0,0.0,1.0,7.61
0.0,0.0,0.0,0.0,0.0,0.0,0.0,1.0,7.63
0.0,0.0,0.0,0.0,0.0,0.0,0.0,1.0,7.66
0.0,0.0,0.0,0.0,0.0,0.0,0.0,1.0,7.68
0.0,0.0,0.0,0.0,0.0,0.0,0.0,1.0,7.71
0.0,0.0,0.0,0.0,0.0,0.0,0.0,1.0,7.74
0.0,0.0,0.0,0.0,0.0,0.0,0.0,1.0,7.77
0.0,0.0,0.0,0.0,0.0,0.0,0.0,1.0,7.81
0.0,0.0,0.0,0.0,0.0,0.0,0.0,1.0,7.85
0.0,0.0,0.0,0.0,0.0,0.0,0.0,1.0,7.88
0.0,0.0,0.0,0.0,0.0,0.0,0.0,1.0,7.91
0.0,0.0,0.0,0.0,0.0,0.0,0.0,1.0,7.94
0.0,0.0,0.0,0.0,0.0,0.0,0.0,1.0,7.96
0.0,0.0,0.0,0.0,0.0,0.0,0.0,1.0,7.99
0.0,0.0,0.0,0.0,0.0,0.0,0.0,1.0,8.02
0.0,0.0,0.0,0.0,0.0,0.0,0.0,1.0,8.05
0.0,0.0,0.0,0.0,0.0,0.0,0.0,1.0,8.1
0.0,0.0,0.0,0.0,0.0,0.0,0.0,1.0,8.14
0.0,0.0,0.0,0.0,0.0,0.0,0.0,1.0,8.17
0.0,0.0,0.0,0.0,0.0,0.0,0.0,1.0,8.2
0.0,0.0,0.0,0.0,0.0,0.0,0.0,1.0,8.24
0.0,0.0,0.0,0.0,0.0,0.0,0.0,1.0,8.27
0.0,0.0,0.0,0.0,0.0,0.0,0.0,1.0,8.3
0.0,0.0,0.0,0.0,0.0,0.0,0.0,1.0,8.34
0.0,0.0,0.0,0.0,0.0,0.0,0.0,1.0,8.36
0.0,0.0,0.0,0.0,0.0,0.0,0.0,1.0,8.4
0.0,0.0,0.0,0.0,0.0,0.0,0.0,1.0,8.44
0.0,0.0,0.0,0.0,0.0,0.0,0.0,1.0,8.47
0.0,0.0,0.0,0.0,0.0,0.0,0.0,1.0,8.5
0.0,0.0,0.0,0.0,0.0,0.0,0.0,1.0,8.53
0.0,0.0,0.0,0.0,0.0,0.0,0.0,1.0,8.56
0.0,0.0,0.0,0.0,0.0,0.0,0.0,1.0,8.6
0.0,0.0,0.0,0.0,0.0,0.0,0.0,1.0,8.62
0.0,0.0,0.0,0.0,0.0,0.0,0.0,1.0,8.65
0.0,0.0,0.0,0.0,0.0,0.0,0.0,1.0,8.67
0.0,0.0,0.0,0.0,0.0,0.0,0.0,1.0,8.71
0.0,0.0,0.0,0.0,0.0,0.0,0.0,1.0,8.74
0.0,0.0,0.0,0.0,0.0,0.0,0.0,1.0,8.78
0.0,0.0,0.0,0.0,0.0,0.0,0.0,1.0,8.81
0.0,0.0,0.0,0.0,0.0,0.0,0.0,1.0,8.84
0.0,0.0,0.0,0.0,0.0,0.0,0.0,1.0,8.87
0.0,0.0,0.0,0.0,0.0,0.0,0.0,1.0,8.91
0.0,0.0,0.0,0.0,0.0,0.0,0.0,1.0,8.94
0.0,0.0,0.0,0.0,0.0,0.0,0.0,1.0,8.98
0.0,0.0,0.0,0.0,0.0,0.0,0.0,1.0,9.01
0.0,0.0,0.0,0.0,0.0,0.0,0.0,1.0,9.05
0.0,0.0,0.0,0.0,0.0,0.0,0.0,1.0,9.08
0.0,0.0,0.0,0.0,0.0,0.0,0.0,1.0,9.12
0.0,0.0,0.0,0.0,0.0,0.0,0.0,1.0,9.14
0.0,0.0,0.0,0.0,0.0,0.0,0.0,1.0,9.17
0.0,0.0,0.0,0.0,0.0,0.0,0.0,1.0,9.19
0.0,0.0,0.0,0.0,0.0,0.0,0.0,1.0,9.22
0.0,0.0,0.0,0.0,0.0,0.0,0.0,1.0,9.27
0.0,0.0,0.0,0.0,0.0,0.0,0.0,1.0,9.3
0.0,0.0,0.0,0.0,0.0,0.0,0.0,1.0,9.32
0.0,0.0,0.0,0.0,0.0,0.0,0.0,1.0,9.35
0.0,0.0,0.0,0.0,0.0,0.0,0.0,1.0,9.38
0.0,0.0,0.0,0.0,0.0,0.0,0.0,1.0,9.4
0.0,0.0,0.0,0.0,0.0,0.0,0.0,1.0,9.43
0.0,0.0,0.0,0.0,0.0,0.0,0.0,1.0,9.48
0.0,0.0,0.0,0.0,0.0,0.0,0.0,1.0,9.5
0.0,0.0,0.0,0.0,0.0,0.0,0.0,1.0,9.54
0.0,0.0,0.0,0.0,0.0,0.0,0.0,1.0,9.58
0.0,0.0,0.0,0.0,0.0,0.0,0.0,1.0,9.62
0.0,0.0,0.0,0.0,0.0,0.0,0.0,1.0,9.65
0.0,0.0,0.0,0.0,0.0,0.0,0.0,1.0,9.67
0.0,0.0,0.0,0.0,0.0,0.0,0.0,1.0,9.7
0.0,0.0,0.0,0.0,0.0,0.0,0.0,1.0,9.73
0.0,0.0,0.0,0.0,0.0,0.0,0.0,1.0,9.76
0.0,0.0,0.0,0.0,0.0,0.0,0.0,1.0,9.79
0.0,0.0,0.0,0.0,0.0,0.0,0.0,1.0,9.83
0.0,0.0,0.0,0.0,0.0,0.0,0.0,1.0,9.86
0.0,0.0,0.0,0.0,0.0,0.0,0.0,1.0,9.89
0.0,0.0,0.0,0.0,0.0,0.0,0.0,1.0,9.92
0.0,0.0,0.0,0.0,0.0,0.0,0.0,1.0,9.94
0.0,0.0,0.0,0.0,0.0,0.0,0.0,1.0,9.97
0.0,0.0,0.0,0.0,0.0,0.0,0.0,1.0,9.99
0.0,0.0,0.0,0.0,0.0,0.0,0.0,1.0,10.03
0.0,0.0,0.0,0.0,0.0,0.0,0.0,1.0,10.07
0.0,0.0,0.0,0.0,0.0,0.0,0.0,1.0,10.12
0.0,0.0,0.0,0.0,0.0,0.0,0.0,1.0,10.17
0.0,0.0,0.0,0.0,0.0,0.0,0.0,1.0,10.21
0.0,0.0,0.0,0.0,0.0,0.0,0.0,1.0,10.25
0.0,0.0,0.0,0.0,0.0,0.0,0.0,1.0,10.29
0.0,0.0,0.0,0.0,0.0,0.0,0.0,1.0,10.33
0.0,0.0,0.0,0.0,0.0,0.0,0.0,1.0,10.35
0.0,0.0,0.0,0.0,0.0,0.0,0.0,1.0,10.38
0.0,0.0,0.0,0.0,0.0,0.0,0.0,1.0,10.41
0.0,0.0,0.0,0.0,0.0,0.0,0.0,1.0,10.43
0.0,0.0,0.0,0.0,0.0,0.0,0.0,1.0,10.46
0.0,0.0,0.0,0.0,0.0,0.0,0.0,1.0,10.49
0.0,0.0,0.0,0.0,0.0,0.0,0.0,1.0,10.52
0.0,0.0,0.0,0.0,0.0,0.0,0.0,1.0,10.56
0.0,0.0,0.0,0.0,0.0,0.0,0.0,1.0,10.59
0.0,0.0,0.0,0.0,0.0,0.0,0.0,1.0,10.62
0.0,0.0,0.0,0.0,0.0,0.0,0.0,1.0,10.64
0.0,0.0,0.0,0.0,0.0,0.0,0.0,1.0,10.66
0.0,0.0,0.0,0.0,0.0,0.0,0.0,1.0,10.68
0.0,0.0,0.0,0.0,0.0,0.0,0.0,1.0,10.7
0.0,0.0,0.0,0.0,0.0,0.0,0.0,1.0,10.73
0.0,0.0,0.0,0.0,0.0,0.0,0.0,1.0,10.77
0.0,0.0,0.0,0.0,0.0,0.0,0.0,1.0,10.8
0.0,0.0,0.0,0.0,0.0,0.0,0.0,1.0,10.83
0.0,0.0,0.0,0.0,0.0,0.0,0.0,1.0,10.86
0.0,0.0,0.0,0.0,0.0,0.0,0.0,1.0,10.9
0.0,0.0,0.0,0.0,0.0,0.0,0.0,1.0,10.95
0.0,0.0,0.0,0.0,0.0,0.0,0.0,1.0,10.98
0.0,0.0,0.0,0.0,0.0,0.0,0.0,1.0,11.0
0.0,0.0,0.0,0.0,0.0,0.0,0.0,1.0,11.04
0.0,0.0,0.0,0.0,0.0,0.0,0.0,1.0,11.06
0.0,0.0,0.0,0.0,0.0,0.0,0.0,1.0,11.09
0.0,0.0,0.0,0.0,0.0,0.0,0.0,1.0,11.12
0.0,0.0,0.0,0.0,0.0,0.0,0.0,1.0,11.17
0.0,0.0,0.0,0.0,0.0,0.0,0.0,1.0,11.19
0.0,0.0,0.0,0.0,0.0,0.0,0.0,1.0,11.22
0.0,0.0,0.0,0.0,0.0,0.0,0.0,1.0,11.27
0.0,0.0,0.0,0.0,0.0,0.0,0.0,1.0,11.32
0.0,0.0,0.0,0.0,0.0,0.0,0.0,1.0,11.35
0.0,0.0,0.0,0.0,0.0,0.0,0.0,1.0,11.38
0.0,0.0,0.0,0.0,0.0,0.0,0.0,1.0,11.41
0.0,0.0,0.0,0.0,0.0,0.0,0.0,1.0,11.45
0.0,0.0,0.0,0.0,0.0,0.0,0.0,1.0,11.49
0.0,0.0,0.0,0.0,0.0,0.0,0.0,1.0,11.53
0.0,0.0,0.0,0.0,0.0,0.0,0.0,1.0,11.57
0.0,0.0,0.0,0.0,0.0,0.0,0.0,1.0,11.61
0.0,0.0,0.0,0.0,0.0,0.0,0.0,1.0,11.66
0.0,0.0,0.0,0.0,0.0,0.0,0.0,1.0,11.7
0.0,0.0,0.0,0.0,0.0,0.0,0.0,1.0,11.74
0.0,0.0,0.0,0.0,0.0,0.0,0.0,1.0,11.78
0.0,0.0,0.0,0.0,0.0,0.0,0.0,1.0,11.81
0.0,0.0,0.0,0.0,0.0,0.0,0.0,1.0,11.84
0.0,0.0,0.0,0.0,0.0,0.0,0.0,1.0,11.87
0.0,0.0,0.0,0.0,0.0,0.0,0.0,1.0,11.89
0.0,0.0,0.0,0.0,0.0,0.0,0.0,1.0,11.94
0.0,0.0,0.0,0.0,0.0,0.0,0.0,1.0,11.97
0.0,0.0,0.0,0.0,0.0,0.0,0.0,1.0,12.02
0.0,0.0,0.0,0.0,0.0,0.0,0.0,1.0,12.05
0.0,0.0,0.0,0.0,0.0,0.0,0.0,1.0,12.08
0.0,0.0,0.0,0.0,0.0,0.0,0.0,1.0,12.12
0.0,0.0,0.0,0.0,0.0,0.0,0.0,1.0,12.16
0.0,0.0,0.0,0.0,0.0,0.0,0.0,1.0,12.2
0.0,0.0,0.0,0.0,0.0,0.0,0.0,1.0,12.23
0.0,0.0,0.0,0.0,0.0,0.0,0.0,1.0,12.27
0.0,0.0,0.0,0.0,0.0,0.0,0.0,1.0,12.3
0.0,0.0,0.0,0.0,0.0,0.0,0.0,1.0,12.33
0.0,0.0,0.0,0.0,0.0,0.0,0.0,1.0,12.35
0.0,0.0,0.0,0.0,0.0,0.0,0.0,1.0,12.38
0.0,0.0,0.0,0.0,0.0,0.0,0.0,1.0,12.4
0.0,0.0,0.0,0.0,0.0,0.0,0.0,1.0,12.43
0.0,0.0,0.0,0.0,0.0,0.0,0.0,1.0,12.45
0.0,0.0,0.0,0.0,0.0,0.0,0.0,1.0,12.48
0.0,0.0,0.0,0.0,0.0,0.0,0.0,1.0,12.51
0.0,0.0,0.0,0.0,0.0,0.0,0.0,1.0,12.53
0.0,0.0,0.0,0.0,0.0,0.0,0.0,1.0,12.57
0.0,0.0,0.0,0.0,0.0,0.0,0.0,1.0,12.6
0.0,0.0,0.0,0.0,0.0,0.0,0.0,1.0,12.62
0.0,0.0,0.0,0.0,0.0,0.0,0.0,1.0,12.65
0.0,0.0,0.0,0.0,0.0,0.0,0.0,1.0,12.68
0.0,0.0,0.0,0.0,0.0,0.0,0.0,1.0,12.72
0.0,0.0,0.0,0.0,0.0,0.0,0.0,1.0,12.75
0.0,0.0,0.0,0.0,0.0,0.0,0.0,1.0,12.77
0.0,0.0,0.0,0.0,0.0,0.0,0.0,1.0,12.8
0.0,0.0,0.0,0.0,0.0,0.0,0.0,1.0,12.83
0.0,0.0,0.0,0.0,0.0,0.0,0.0,1.0,12.86
0.0,0.0,0.0,0.0,0.0,0.0,0.0,1.0,12.89
0.0,0.0,0.0,0.0,0.0,0.0,0.0,1.0,12.93
0.0,0.0,0.0,0.0,0.0,0.0,0.0,1.0,12.96
0.0,0.0,0.0,0.0,0.0,0.0,0.0,1.0,12.99
0.0,0.0,0.0,0.0,0.0,0.0,0.0,1.0,13.02
0.0,0.0,0.0,0.0,0.0,0.0,0.0,1.0,13.04
0.0,0.0,0.0,0.0,0.0,0.0,0.0,1.0,13.07
0.0,0.0,0.0,0.0,0.0,0.0,0.0,1.0,13.1
0.0,0.0,0.0,0.0,0.0,0.0,0.0,1.0,13.14
0.0,0.0,0.0,0.0,0.0,0.0,0.0,1.0,13.16
0.0,0.0,0.0,0.0,0.0,0.0,0.0,1.0,13.2
0.0,0.0,0.0,0.0,0.0,0.0,0.0,1.0,13.23
0.0,0.0,0.0,0.0,0.0,0.0,0.0,1.0,13.26
0.0,0.0,0.0,0.0,0.0,0.0,0.0,1.0,13.3
0.0,0.0,0.0,0.0,0.0,0.0,0.0,1.0,13.33
0.0,0.0,0.0,0.0,0.0,0.0,0.0,1.0,13.37
0.0,0.0,0.0,0.0,0.0,0.0,0.0,1.0,13.42
0.0,0.0,0.0,0.0,0.0,0.0,0.0,1.0,13.45
0.0,0.0,0.0,0.0,0.0,0.0,0.0,1.0,13.48
0.0,0.0,0.0,0.0,0.0,0.0,0.0,1.0,13.5
0.0,0.0,0.0,0.0,0.0,0.0,0.0,1.0,13.52
0.0,0.0,0.0,0.0,0.0,0.0,0.0,1.0,13.55
0.0,0.0,0.0,0.0,0.0,0.0,0.0,1.0,13.59
0.0,0.0,0.0,0.0,0.0,0.0,0.0,1.0,13.63
0.0,0.0,0.0,0.0,0.0,0.0,0.0,1.0,13.66
0.0,0.0,0.0,0.0,0.0,0.0,0.0,1.0,13.69
0.0,0.0,0.0,0.0,0.0,0.0,0.0,1.0,13.73
0.0,0.0,0.0,0.0,0.0,0.0,0.0,1.0,13.77
0.0,0.0,0.0,0.0,0.0,0.0,0.0,1.0,13.81
0.0,0.0,0.0,0.0,0.0,0.0,0.0,1.0,13.84
0.0,0.0,0.0,0.0,0.0,0.0,0.0,1.0,13.86
0.0,0.0,0.0,0.0,0.0,0.0,0.0,1.0,13.89
0.0,0.0,0.0,0.0,0.0,0.0,0.0,1.0,13.92
0.0,0.0,0.0,0.0,0.0,0.0,0.0,1.0,13.95
0.0,0.0,0.0,0.0,0.0,0.0,0.0,1.0,13.97
0.0,0.0,0.0,0.0,0.0,0.0,0.0,1.0,14.0
0.0,0.0,0.0,0.0,0.0,0.0,0.0,1.0,14.03
0.0,0.0,0.0,0.0,0.0,0.0,0.0,1.0,14.07
0.0,0.0,0.0,0.0,0.0,0.0,0.0,1.0,14.09
0.0,0.0,0.0,0.0,0.0,0.0,0.0,1.0,14.12
0.0,0.0,0.0,0.0,0.0,0.0,0.0,1.0,14.15
0.0,0.0,0.0,0.0,0.0,0.0,0.0,1.0,14.19
0.0,0.0,0.0,0.0,0.0,0.0,0.0,1.0,14.22
0.0,0.0,0.0,0.0,0.0,0.0,0.0,1.0,14.26
0.0,0.0,0.0,0.0,0.0,0.0,0.0,1.0,14.28
0.0,0.0,0.0,0.0,0.0,0.0,0.0,1.0,14.32
0.0,0.0,0.0,0.0,0.0,0.0,0.0,1.0,14.34
0.0,0.0,0.0,0.0,0.0,0.0,0.0,1.0,14.37
0.0,0.0,0.0,0.0,0.0,0.0,0.0,1.0,14.4
0.0,0.0,0.0,0.0,0.0,0.0,0.0,1.0,14.43
0.0,0.0,0.0,0.0,0.0,0.0,0.0,1.0,14.45
0.0,0.0,0.0,0.0,0.0,0.0,0.0,1.0,14.49
0.0,0.0,0.0,0.0,0.0,0.0,0.0,1.0,14.52
0.0,0.0,0.0,0.0,0.0,0.0,0.0,1.0,14.55
0.0,0.0,0.0,0.0,0.0,0.0,0.0,1.0,14.58
0.0,0.0,0.0,0.0,0.0,0.0,0.0,1.0,14.61
0.0,0.0,0.0,0.0,0.0,0.0,0.0,1.0,14.64
0.0,0.0,0.0,0.0,0.0,0.0,0.0,1.0,14.67
0.0,0.0,0.0,0.0,0.0,0.0,0.0,1.0,14.69
0.0,0.0,0.0,0.0,0.0,0.0,0.0,1.0,14.73
0.0,0.0,0.0,0.0,0.0,0.0,0.0,1.0,14.75
0.0,0.0,0.0,0.0,0.0,0.0,0.0,1.0,14.79
0.0,0.0,0.0,0.0,0.0,0.0,0.0,1.0,14.82
0.0,0.0,0.0,0.0,0.0,0.0,0.0,1.0,14.84
0.0,0.0,0.0,0.0,0.0,0.0,0.0,1.0,14.87
0.0,0.0,0.0,0.0,0.0,0.0,0.0,1.0,14.91
0.0,0.0,0.0,0.0,0.0,0.0,0.0,1.0,14.94
0.0,0.0,0.0,0.0,0.0,0.0,0.0,1.0,14.97
0.0,0.0,0.0,0.0,0.0,0.0,0.0,1.0,15.02
0.0,0.0,0.0,0.0,0.0,0.0,0.0,1.0,15.04
0.0,0.0,0.0,0.0,0.0,0.0,0.0,1.0,15.08
0.0,0.0,0.0,0.0,0.0,0.0,0.0,1.0,15.1
0.0,0.0,0.0,0.0,0.0,0.0,0.0,1.0,15.14
0.0,0.0,0.0,0.0,0.0,0.0,0.0,1.0,15.17
0.0,0.0,0.0,0.0,0.0,0.0,0.0,1.0,15.2
0.0,0.0,0.0,0.0,0.0,0.0,0.0,1.0,15.24
0.0,0.0,0.0,0.0,0.0,0.0,0.0,1.0,15.27
0.0,0.0,0.0,0.0,0.0,0.0,0.0,1.0,15.29
0.0,0.0,0.0,0.0,0.0,0.0,0.0,1.0,15.32
0.0,0.0,0.0,0.0,0.0,0.0,0.0,1.0,15.34
0.0,0.0,0.0,0.0,0.0,0.0,0.0,1.0,15.36
0.0,0.0,0.0,0.0,0.0,0.0,0.0,1.0,15.4
0.0,0.0,0.0,0.0,0.0,0.0,0.0,1.0,15.43
0.0,0.0,0.0,0.0,0.0,0.0,0.0,1.0,15.48
0.0,0.0,0.0,0.0,0.0,0.0,0.0,1.0,15.51
0.0,0.0,0.0,0.0,0.0,0.0,0.0,1.0,15.55
0.0,0.0,0.0,0.0,0.0,0.0,0.0,1.0,15.59
0.0,0.0,0.0,0.0,0.0,0.0,0.0,1.0,15.63
0.0,0.0,0.0,0.0,0.0,0.0,0.0,1.0,15.65
0.0,0.0,0.0,0.0,0.0,0.0,0.0,1.0,15.68
0.0,0.0,0.0,0.0,0.0,0.0,0.0,1.0,15.71
0.0,0.0,0.0,0.0,0.0,0.0,0.0,1.0,15.75
0.0,0.0,0.0,0.0,0.0,0.0,0.0,1.0,15.77
0.0,0.0,0.0,0.0,0.0,0.0,0.0,1.0,15.81
0.0,0.0,0.0,0.0,0.0,0.0,0.0,1.0,15.84
0.0,0.0,0.0,0.0,0.0,0.0,0.0,1.0,15.86
0.0,0.0,0.0,0.0,0.0,0.0,0.0,1.0,15.89
0.0,0.0,0.0,0.0,0.0,0.0,0.0,1.0,15.93
0.0,0.0,0.0,0.0,0.0,0.0,0.0,1.0,15.96
0.0,0.0,0.0,0.0,0.0,0.0,0.0,1.0,16.0
0.0,0.0,0.0,0.0,0.0,0.0,0.0,1.0,16.02
0.0,0.0,0.0,0.0,0.0,0.0,0.0,1.0,16.05
0.0,0.0,0.0,0.0,0.0,0.0,0.0,1.0,16.08
0.0,0.0,0.0,0.0,0.0,0.0,0.0,1.0,16.13
0.0,0.0,0.0,0.0,0.0,0.0,0.0,1.0,16.15
0.0,0.0,0.0,0.0,0.0,0.0,0.0,1.0,16.18
0.0,0.0,0.0,0.0,0.0,0.0,0.0,1.0,16.21
0.0,0.0,0.0,0.0,0.0,0.0,0.0,1.0,16.24
0.0,0.0,0.0,0.0,0.0,0.0,0.0,1.0,16.27
0.0,0.0,0.0,0.0,0.0,0.0,0.0,1.0,16.3
0.0,0.0,0.0,0.0,0.0,0.0,0.0,1.0,16.32
0.0,0.0,0.0,0.0,0.0,0.0,0.0,1.0,16.34
0.0,0.0,0.0,0.0,0.0,0.0,0.0,1.0,16.37
0.0,0.0,0.0,0.0,0.0,0.0,0.0,1.0,16.41
0.0,0.0,0.0,0.0,0.0,0.0,0.0,1.0,16.43
0.0,0.0,0.0,0.0,0.0,0.0,0.0,1.0,16.46
0.0,0.0,0.0,0.0,0.0,0.0,0.0,1.0,16.5
0.0,0.0,0.0,0.0,0.0,0.0,0.0,1.0,16.53
0.0,0.0,0.0,0.0,0.0,0.0,0.0,1.0,16.55
0.0,0.0,0.0,0.0,0.0,0.0,0.0,1.0,16.58
0.0,0.0,0.0,0.0,0.0,0.0,0.0,1.0,16.62
0.0,0.0,0.0,0.0,0.0,0.0,0.0,1.0,16.65
0.0,0.0,0.0,0.0,0.0,0.0,0.0,1.0,16.68
0.0,0.0,0.0,0.0,0.0,0.0,0.0,1.0,16.7
0.0,0.0,0.0,0.0,0.0,0.0,0.0,1.0,16.73
0.0,0.0,0.0,0.0,0.0,0.0,0.0,1.0,16.77
0.0,0.0,0.0,0.0,0.0,0.0,0.0,1.0,16.79
0.0,0.0,0.0,0.0,0.0,0.0,0.0,1.0,16.82
0.0,0.0,0.0,0.0,0.0,0.0,0.0,1.0,16.86
0.0,0.0,0.0,0.0,0.0,0.0,0.0,1.0,16.89
0.0,0.0,0.0,0.0,0.0,0.0,0.0,1.0,16.91
0.0,0.0,0.0,0.0,0.0,0.0,0.0,1.0,16.94
0.0,0.0,0.0,0.0,0.0,0.0,0.0,1.0,16.96
0.0,0.0,0.0,0.0,0.0,0.0,0.0,1.0,16.99
0.0,0.0,0.0,0.0,0.0,0.0,0.0,1.0,17.02
0.0,0.0,0.0,0.0,0.0,0.0,0.0,1.0,17.05
0.0,0.0,0.0,0.0,0.0,0.0,0.0,1.0,17.09
0.0,0.0,0.0,0.0,0.0,0.0,0.0,1.0,17.13
0.0,0.0,0.0,0.0,0.0,0.0,0.0,1.0,17.15
0.0,0.0,0.0,0.0,0.0,0.0,0.0,1.0,17.19
0.0,0.0,0.0,0.0,0.0,0.0,0.0,1.0,17.22
0.0,0.0,0.0,0.0,0.0,0.0,0.0,1.0,17.25
0.0,0.0,0.0,0.0,0.0,0.0,0.0,1.0,17.27
0.0,0.0,0.0,0.0,0.0,0.0,0.0,1.0,17.3
0.0,0.0,0.0,0.0,0.0,0.0,0.0,1.0,17.34
0.0,0.0,0.0,0.0,0.0,0.0,0.0,1.0,17.37
0.0,0.0,0.0,0.0,0.0,0.0,0.0,1.0,17.39
0.0,0.0,0.0,0.0,0.0,0.0,0.0,1.0,17.42
0.0,0.0,0.0,0.0,0.0,0.0,0.0,1.0,17.46
0.0,0.0,0.0,0.0,0.0,0.0,0.0,1.0,17.49
0.0,0.0,0.0,0.0,0.0,0.0,0.0,1.0,17.53
0.0,0.0,0.0,0.0,0.0,0.0,0.0,1.0,17.55
0.0,0.0,0.0,0.0,0.0,0.0,0.0,1.0,17.58
0.0,0.0,0.0,0.0,0.0,0.0,0.0,1.0,17.62
0.0,0.0,0.0,0.0,0.0,0.0,0.0,1.0,17.66
0.0,0.0,0.0,0.0,0.0,0.0,0.0,1.0,17.69
0.0,0.0,0.0,0.0,0.0,0.0,0.0,1.0,17.73
0.0,0.0,0.0,0.0,0.0,0.0,0.0,1.0,17.75
0.0,0.0,0.0,0.0,0.0,0.0,0.0,1.0,17.79
0.0,0.0,0.0,0.0,0.0,0.0,0.0,1.0,17.81
0.0,0.0,0.0,0.0,0.0,0.0,0.0,1.0,17.84
0.0,0.0,0.0,0.0,0.0,0.0,0.0,1.0,17.87
0.0,0.0,0.0,0.0,0.0,0.0,0.0,1.0,17.9
0.0,0.0,0.0,0.0,0.0,0.0,0.0,1.0,17.94
0.0,0.0,0.0,0.0,0.0,0.0,0.0,1.0,17.97
0.0,0.0,0.0,0.0,0.0,0.0,0.0,1.0,18.0
0.0,0.0,0.0,0.0,0.0,0.0,0.0,1.0,18.02
0.0,0.0,0.0,0.0,0.0,0.0,0.0,1.0,18.05
0.0,0.0,0.0,0.0,0.0,0.0,0.0,1.0,18.09
0.0,0.0,0.0,0.0,0.0,0.0,0.0,1.0,18.11
0.0,0.0,0.0,0.0,0.0,0.0,0.0,1.0,18.15
0.0,0.0,0.0,0.0,0.0,0.0,0.0,1.0,18.19
0.0,0.0,0.0,0.0,0.0,0.0,0.0,1.0,18.22
0.0,0.0,0.0,0.0,0.0,0.0,0.0,1.0,18.24
0.0,0.0,0.0,0.0,0.0,0.0,0.0,1.0,18.29
0.0,0.0,0.0,0.0,0.0,0.0,0.0,1.0,18.34
0.0,0.0,0.0,0.0,0.0,0.0,0.0,1.0,18.37
0.0,0.0,0.0,0.0,0.0,0.0,0.0,1.0,18.4
0.0,0.0,0.0,0.0,0.0,0.0,0.0,1.0,18.43
0.0,0.0,0.0,0.0,0.0,0.0,0.0,1.0,18.46
0.0,0.0,0.0,0.0,0.0,0.0,0.0,1.0,18.5
0.0,0.0,0.0,0.0,0.0,0.0,0.0,1.0,18.52
0.0,0.0,0.0,0.0,0.0,0.0,0.0,1.0,18.56
0.0,0.0,0.0,0.0,0.0,0.0,0.0,1.0,18.59
0.0,0.0,0.0,0.0,0.0,0.0,0.0,1.0,18.62
0.0,0.0,0.0,0.0,0.0,0.0,0.0,1.0,18.66
0.0,0.0,0.0,0.0,0.0,0.0,0.0,1.0,18.69
0.0,0.0,0.0,0.0,0.0,0.0,0.0,1.0,18.72
0.0,0.0,0.0,0.0,0.0,0.0,0.0,1.0,18.75
0.0,0.0,0.0,0.0,0.0,0.0,0.0,1.0,18.79
0.0,0.0,0.0,0.0,0.0,0.0,0.0,1.0,18.82
0.0,0.0,0.0,0.0,0.0,0.0,0.0,1.0,18.84
0.0,0.0,0.0,0.0,0.0,0.0,0.0,1.0,18.86
0.0,0.0,0.0,0.0,0.0,0.0,0.0,1.0,18.89
0.0,0.0,0.0,0.0,0.0,0.0,0.0,1.0,18.91
0.0,0.0,0.0,0.0,0.0,0.0,0.0,1.0,18.94
0.0,0.0,0.0,0.0,0.0,0.0,0.0,1.0,18.96
0.0,0.0,0.0,0.0,0.0,0.0,0.0,1.0,19.0
0.0,0.0,0.0,0.0,0.0,0.0,0.0,1.0,19.04
0.0,0.0,0.0,0.0,0.0,0.0,0.0,1.0,19.06
0.0,0.0,0.0,0.0,0.0,0.0,0.0,1.0,19.09
0.0,0.0,0.0,0.0,0.0,0.0,0.0,1.0,19.13
0.0,0.0,0.0,0.0,0.0,0.0,0.0,1.0,19.17
0.0,0.0,0.0,0.0,0.0,0.0,0.0,1.0,19.21
0.0,0.0,0.0,0.0,0.0,0.0,0.0,1.0,19.25
0.0,0.0,0.0,0.0,0.0,0.0,0.0,1.0,19.27
0.0,0.0,0.0,0.0,0.0,0.0,0.0,1.0,19.29
0.0,0.0,0.0,0.0,0.0,0.0,0.0,1.0,19.33
0.0,0.0,0.0,0.0,0.0,0.0,0.0,1.0,19.36
0.0,0.0,0.0,0.0,0.0,0.0,0.0,1.0,19.38
0.0,0.0,0.0,0.0,0.0,0.0,0.0,1.0,19.42
0.0,0.0,0.0,0.0,0.0,0.0,0.0,1.0,19.44
0.0,0.0,0.0,0.0,0.0,0.0,0.0,1.0,19.47
0.0,0.0,0.0,0.0,0.0,0.0,0.0,1.0,19.51
0.0,0.0,0.0,0.0,0.0,0.0,0.0,1.0,19.55
0.0,0.0,0.0,0.0,0.0,0.0,0.0,1.0,19.58
0.0,0.0,0.0,0.0,0.0,0.0,0.0,1.0,19.61
0.0,0.0,0.0,0.0,0.0,0.0,0.0,1.0,19.63
0.0,0.0,0.0,0.0,0.0,0.0,0.0,1.0,19.67
0.0,0.0,0.0,0.0,0.0,0.0,0.0,1.0,19.7
0.0,0.0,0.0,0.0,0.0,0.0,0.0,1.0,19.72
0.0,0.0,0.0,0.0,0.0,0.0,0.0,1.0,19.75
0.0,0.0,0.0,0.0,0.0,0.0,0.0,1.0,19.78
0.0,0.0,0.0,0.0,0.0,0.0,0.0,1.0,19.8
0.0,0.0,0.0,0.0,0.0,0.0,0.0,1.0,19.83
0.0,0.0,0.0,0.0,0.0,0.0,0.0,1.0,19.86
0.0,0.0,0.0,0.0,0.0,0.0,0.0,1.0,19.89
0.0,0.0,0.0,0.0,0.0,0.0,0.0,1.0,19.92
0.0,0.0,0.0,0.0,0.0,0.0,0.0,1.0,19.95
0.0,0.0,0.0,0.0,0.0,0.0,0.0,1.0,19.99
0.0,0.0,0.0,0.0,0.0,0.0,0.0,1.0,20.04
0.0,0.0,0.0,0.0,0.0,0.0,0.0,1.0,20.06
0.0,0.0,0.0,0.0,0.0,0.0,0.0,1.0,20.1
0.0,0.0,0.0,0.0,0.0,0.0,0.0,1.0,20.13
0.0,0.0,0.0,0.0,0.0,0.0,0.0,1.0,20.17
0.0,0.0,0.0,0.0,0.0,0.0,0.0,1.0,20.2
0.0,0.0,0.0,0.0,0.0,0.0,0.0,1.0,20.22
0.0,0.0,0.0,0.0,0.0,0.0,0.0,1.0,20.25
0.0,0.0,0.0,0.0,0.0,0.0,0.0,1.0,20.27
0.0,0.0,0.0,0.0,0.0,0.0,0.0,1.0,20.3
0.0,0.0,0.0,0.0,0.0,0.0,0.0,1.0,20.33
0.0,0.0,0.0,0.0,0.0,0.0,0.0,1.0,20.36
0.0,0.0,0.0,0.0,0.0,0.0,0.0,1.0,20.4
0.0,0.0,0.0,0.0,0.0,0.0,0.0,1.0,20.43
0.0,0.0,0.0,0.0,0.0,0.0,0.0,1.0,20.46
0.0,0.0,0.0,0.0,0.0,0.0,0.0,1.0,20.49
0.0,0.0,0.0,0.0,0.0,0.0,0.0,1.0,20.52
0.0,0.0,0.0,0.0,0.0,0.0,0.0,1.0,20.55
0.0,0.0,0.0,0.0,0.0,0.0,0.0,1.0,20.58
0.0,0.0,0.0,0.0,0.0,0.0,0.0,1.0,20.6
0.0,0.0,0.0,0.0,0.0,0.0,0.0,1.0,20.63
0.0,0.0,0.0,0.0,0.0,0.0,0.0,1.0,20.67
0.0,0.0,0.0,0.0,0.0,0.0,0.0,1.0,20.71
0.0,0.0,0.0,0.0,0.0,0.0,0.0,1.0,20.74
0.0,0.0,0.0,0.0,0.0,0.0,0.0,1.0,20.77
0.0,0.0,0.0,0.0,0.0,0.0,0.0,1.0,20.8
0.0,0.0,0.0,0.0,0.0,0.0,0.0,1.0,20.82
0.0,0.0,0.0,0.0,0.0,0.0,0.0,1.0,20.85
0.0,0.0,0.0,0.0,0.0,0.0,0.0,1.0,20.88
0.0,0.0,0.0,0.0,0.0,0.0,0.0,1.0,20.9
0.0,0.0,0.0,0.0,0.0,0.0,0.0,1.0,20.93
0.0,0.0,0.0,0.0,0.0,0.0,0.0,1.0,20.95
0.0,0.0,0.0,0.0,0.0,0.0,0.0,1.0,20.98
0.0,0.0,0.0,0.0,0.0,0.0,0.0,1.0,21.0
0.0,0.0,0.0,0.0,0.0,0.0,0.0,1.0,21.03
0.0,0.0,0.0,0.0,0.0,0.0,0.0,1.0,21.07
0.0,0.0,0.0,0.0,0.0,0.0,0.0,1.0,21.11
0.0,0.0,0.0,0.0,0.0,0.0,0.0,1.0,21.13
0.0,0.0,0.0,0.0,0.0,0.0,0.0,1.0,21.17
0.0,0.0,0.0,0.0,0.0,0.0,0.0,1.0,21.2
0.0,0.0,0.0,0.0,0.0,0.0,0.0,1.0,21.23
0.0,0.0,0.0,0.0,0.0,0.0,0.0,1.0,21.26
0.0,0.0,0.0,0.0,0.0,0.0,0.0,1.0,21.3
0.0,0.0,0.0,0.0,0.0,0.0,0.0,1.0,21.34
0.0,0.0,0.0,0.0,0.0,0.0,0.0,1.0,21.38
0.0,0.0,0.0,0.0,0.0,0.0,0.0,1.0,21.4
0.0,0.0,0.0,0.0,0.0,0.0,0.0,1.0,21.44
0.0,0.0,0.0,0.0,0.0,0.0,0.0,1.0,21.48
0.0,0.0,0.0,0.0,0.0,0.0,0.0,1.0,21.5
0.0,0.0,0.0,0.0,0.0,0.0,0.0,1.0,21.54
0.0,0.0,0.0,0.0,0.0,0.0,0.0,1.0,21.56
0.0,0.0,0.0,0.0,0.0,0.0,0.0,1.0,21.6
0.0,0.0,0.0,0.0,0.0,0.0,0.0,1.0,21.64
0.0,0.0,0.0,0.0,0.0,0.0,0.0,1.0,21.66
0.0,0.0,0.0,0.0,0.0,0.0,0.0,1.0,21.69
0.0,0.0,0.0,0.0,0.0,0.0,0.0,1.0,21.72
0.0,0.0,0.0,0.0,0.0,0.0,0.0,1.0,21.75
0.0,0.0,0.0,0.0,0.0,0.0,0.0,1.0,21.78
0.0,0.0,0.0,0.0,0.0,0.0,0.0,1.0,21.82
0.0,0.0,0.0,0.0,0.0,0.0,0.0,1.0,21.86
0.0,0.0,1.0,0.0,0.0,0.0,0.0,1.0,21.89
0.0,0.0,1.0,0.0,0.0,0.0,0.0,1.0,21.92
0.0,0.0,1.0,1.0,0.0,0.0,0.0,1.0,21.96
0.0,0.0,1.0,1.0,0.0,0.0,0.0,1.0,22.0
0.0,0.0,1.0,1.0,0.0,0.0,0.0,1.0,22.03
0.0,0.0,1.0,1.0,0.0,0.0,0.0,1.0,22.05
0.0,0.0,1.0,1.0,0.0,0.0,0.0,1.0,22.08
0.0,0.0,1.0,1.0,0.0,0.0,0.0,1.0,22.11
0.0,0.0,1.0,1.0,0.0,0.0,0.0,1.0,22.14
0.0,0.0,1.0,1.0,0.0,0.0,0.0,1.0,22.17
0.0,0.0,1.0,1.0,0.0,0.0,0.0,1.0,22.2
0.0,0.0,1.0,1.0,0.0,0.0,0.0,1.0,22.22
0.0,0.0,1.0,1.0,0.0,0.0,0.0,1.0,22.26
0.0,0.0,1.0,1.0,0.0,0.0,0.0,1.0,22.28
0.0,0.0,1.0,1.0,0.0,0.0,0.0,1.0,22.3
0.0,0.0,1.0,1.0,0.0,0.0,0.0,1.0,22.34
0.0,0.0,1.0,1.0,0.0,0.0,0.0,1.0,22.39
0.0,0.0,1.0,1.0,0.0,0.0,0.0,1.0,22.42
0.0,0.0,1.0,1.0,0.0,0.0,0.0,1.0,22.45
0.0,0.0,1.0,1.0,0.0,0.0,0.0,1.0,22.48
0.0,0.0,1.0,1.0,0.0,0.0,0.0,1.0,22.52
0.0,0.0,1.0,1.0,0.0,0.0,0.0,1.0,22.55
0.0,0.0,1.0,1.0,0.0,0.0,0.0,1.0,22.58
0.0,0.0,1.0,1.0,0.0,0.0,0.0,1.0,22.6
0.0,0.0,1.0,1.0,0.0,0.0,0.0,1.0,22.63
0.0,0.0,1.0,1.0,0.0,0.0,0.0,1.0,22.66
0.0,0.0,1.0,1.0,0.0,0.0,0.0,1.0,22.69
0.0,0.0,1.0,1.0,0.0,0.0,0.0,1.0,22.71
0.0,0.0,1.0,1.0,0.0,0.0,0.0,1.0,22.74
0.0,0.0,1.0,1.0,0.0,0.0,0.0,1.0,22.77
0.0,0.0,1.0,1.0,0.0,0.0,0.0,1.0,22.79
0.0,0.0,1.0,1.0,0.0,0.0,0.0,1.0,22.81
0.0,0.0,1.0,1.0,0.0,0.0,0.0,1.0,22.84
0.0,0.0,1.0,1.0,0.0,0.0,0.0,1.0,22.86
0.0,0.0,1.0,1.0,0.0,0.0,0.0,1.0,22.89
0.0,0.0,1.0,1.0,0.0,0.0,0.0,1.0,22.92
0.0,0.0,1.0,1.0,0.0,0.0,0.0,1.0,22.95
0.0,0.0,1.0,1.0,0.0,0.0,0.0,1.0,22.99
0.0,0.0,1.0,1.0,0.0,0.0,0.0,1.0,23.02
0.0,0.0,1.0,1.0,0.0,0.0,0.0,1.0,23.05
0.0,0.0,1.0,1.0,0.0,0.0,0.0,1.0,23.07
0.0,0.0,1.0,1.0,0.0,0.0,0.0,1.0,23.11
0.0,0.0,1.0,1.0,0.0,0.0,0.0,1.0,23.14
0.0,0.0,1.0,1.0,0.0,0.0,0.0,1.0,23.18
0.0,0.0,1.0,1.0,0.0,0.0,0.0,1.0,23.21
0.0,0.0,1.0,1.0,0.0,0.0,0.0,1.0,23.25
0.0,0.0,1.0,1.0,0.0,0.0,0.0,1.0,23.28
0.0,0.0,1.0,1.0,0.0,0.0,0.0,1.0,23.3
0.0,0.0,1.0,1.0,0.0,0.0,0.0,1.0,23.33
0.0,0.0,1.0,1.0,0.0,0.0,0.0,1.0,23.36
0.0,0.0,1.0,1.0,0.0,0.0,0.0,1.0,23.39
0.0,0.0,1.0,1.0,0.0,0.0,0.0,1.0,23.43
0.0,0.0,1.0,1.0,0.0,0.0,0.0,1.0,23.46
0.0,0.0,1.0,1.0,0.0,0.0,0.0,1.0,23.48
0.0,0.0,1.0,1.0,0.0,0.0,0.0,1.0,23.51
0.0,0.0,1.0,1.0,0.0,0.0,0.0,1.0,23.54
0.0,0.0,1.0,1.0,0.0,0.0,0.0,1.0,23.58
0.0,0.0,1.0,1.0,0.0,0.0,0.0,1.0,23.62
0.0,0.0,1.0,1.0,0.0,0.0,0.0,1.0,23.65
0.0,0.0,1.0,1.0,0.0,0.0,0.0,1.0,23.67
0.0,0.0,1.0,1.0,0.0,0.0,0.0,1.0,23.7
0.0,0.0,1.0,1.0,0.0,0.0,0.0,1.0,23.73
0.0,0.0,1.0,1.0,0.0,0.0,0.0,1.0,23.76
0.0,0.0,1.0,1.0,0.0,0.0,0.0,1.0,23.79
0.0,0.0,1.0,1.0,0.0,0.0,0.0,1.0,23.82
0.0,0.0,1.0,1.0,0.0,0.0,0.0,1.0,23.86
0.0,0.0,1.0,1.0,0.0,0.0,0.0,1.0,23.89
0.0,0.0,1.0,1.0,0.0,0.0,0.0,1.0,23.92
0.0,0.0,1.0,1.0,0.0,0.0,0.0,1.0,23.96
0.0,0.0,1.0,1.0,0.0,0.0,0.0,1.0,23.99
0.0,0.0,1.0,1.0,0.0,0.0,0.0,1.0,24.02
0.0,0.0,1.0,1.0,0.0,0.0,0.0,1.0,24.04
0.0,0.0,1.0,1.0,0.0,0.0,0.0,1.0,24.07
0.0,0.0,1.0,1.0,0.0,0.0,0.0,1.0,24.09
0.0,0.0,1.0,1.0,0.0,0.0,0.0,1.0,24.13
0.0,0.0,1.0,1.0,0.0,0.0,0.0,1.0,24.15
0.0,0.0,1.0,1.0,0.0,0.0,0.0,1.0,24.19
0.0,0.0,1.0,1.0,0.0,0.0,0.0,1.0,24.22
0.0,0.0,1.0,1.0,0.0,0.0,0.0,1.0,24.25
0.0,0.0,1.0,1.0,0.0,0.0,0.0,1.0,24.29
0.0,0.0,1.0,1.0,0.0,0.0,0.0,1.0,24.33
0.0,0.0,1.0,1.0,0.0,0.0,0.0,1.0,24.36
0.0,0.0,1.0,1.0,0.0,0.0,0.0,1.0,24.39
0.0,0.0,1.0,1.0,0.0,0.0,0.0,1.0,24.42
0.0,0.0,1.0,1.0,0.0,0.0,0.0,1.0,24.46
0.0,0.0,1.0,1.0,0.0,0.0,0.0,1.0,24.49
0.0,0.0,1.0,1.0,0.0,0.0,0.0,1.0,24.51
0.0,0.0,1.0,1.0,0.0,0.0,0.0,1.0,24.56
0.0,0.0,1.0,1.0,0.0,0.0,0.0,1.0,24.62
0.0,0.0,1.0,1.0,0.0,0.0,0.0,1.0,24.65
0.0,0.0,1.0,1.0,0.0,0.0,0.0,1.0,24.68
0.0,0.0,1.0,1.0,0.0,0.0,0.0,1.0,24.7
0.0,0.0,1.0,1.0,0.0,0.0,0.0,1.0,24.72
0.0,0.0,1.0,1.0,0.0,0.0,0.0,1.0,24.77
0.0,0.0,1.0,1.0,0.0,0.0,0.0,1.0,24.8
0.0,0.0,1.0,1.0,0.0,0.0,0.0,1.0,24.82
0.0,0.0,1.0,1.0,0.0,0.0,0.0,1.0,24.84
0.0,0.0,1.0,1.0,0.0,0.0,0.0,1.0,24.88
0.0,0.0,1.0,1.0,0.0,0.0,0.0,1.0,24.92
0.0,0.0,1.0,1.0,0.0,0.0,0.0,1.0,24.96
0.0,0.0,1.0,1.0,0.0,0.0,0.0,1.0,24.99
0.0,0.0,1.0,1.0,0.0,0.0,0.0,1.0,25.01
0.0,0.0,1.0,1.0,0.0,0.0,0.0,1.0,25.04
0.0,0.0,1.0,1.0,0.0,0.0,0.0,1.0,25.07
0.0,0.0,1.0,1.0,0.0,0.0,0.0,1.0,25.1
0.0,1.0,1.0,1.0,0.0,0.0,0.0,1.0,25.13
0.0,1.0,1.0,1.0,0.0,0.0,0.0,1.0,25.16
0.0,1.0,1.0,1.0,0.0,0.0,0.0,1.0,25.19
0.0,1.0,1.0,1.0,0.0,0.0,0.0,1.0,25.21
0.0,1.0,1.0,1.0,0.0,0.0,0.0,1.0,25.25
0.0,1.0,1.0,1.0,0.0,0.0,0.0,1.0,25.28
0.0,1.0,1.0,1.0,0.0,0.0,0.0,1.0,25.3
0.0,1.0,1.0,1.0,0.0,0.0,0.0,1.0,25.33
0.0,1.0,1.0,1.0,0.0,0.0,0.0,1.0,25.37
0.0,1.0,1.0,1.0,0.0,0.0,0.0,1.0,25.39
0.0,1.0,1.0,1.0,0.0,0.0,0.0,1.0,25.42
0.0,1.0,1.0,1.0,0.0,0.0,0.0,1.0,25.45
0.0,1.0,1.0,1.0,0.0,0.0,0.0,1.0,25.48
0.0,1.0,1.0,1.0,0.0,0.0,0.0,1.0,25.51
0.0,1.0,1.0,1.0,0.0,0.0,0.0,1.0,25.53
0.0,1.0,1.0,1.0,0.0,0.0,0.0,1.0,25.57
0.0,1.0,1.0,1.0,0.0,0.0,0.0,1.0,25.6
0.0,1.0,1.0,1.0,0.0,0.0,0.0,1.0,25.63
0.0,1.0,1.0,1.0,0.0,0.0,0.0,1.0,25.68
0.0,1.0,1.0,1.0,0.0,0.0,0.0,1.0,25.73
0.0,1.0,1.0,1.0,0.0,0.0,0.0,1.0,25.76
0.0,1.0,1.0,1.0,0.0,0.0,0.0,1.0,25.8
0.0,1.0,1.0,1.0,0.0,0.0,0.0,1.0,25.83
0.0,1.0,1.0,1.0,0.0,0.0,0.0,1.0,25.88
0.0,1.0,1.0,1.0,0.0,0.0,0.0,1.0,25.91
0.0,1.0,1.0,1.0,0.0,0.0,0.0,1.0,25.95
0.0,1.0,1.0,1.0,0.0,0.0,0.0,1.0,25.98
0.0,1.0,1.0,1.0,0.0,0.0,0.0,1.0,26.02
0.0,1.0,1.0,1.0,0.0,0.0,0.0,1.0,26.06
0.0,1.0,1.0,1.0,0.0,0.0,0.0,1.0,26.11
0.0,1.0,1.0,1.0,0.0,0.0,0.0,1.0,26.14
0.0,1.0,1.0,1.0,0.0,0.0,0.0,1.0,26.18
0.0,1.0,1.0,1.0,0.0,0.0,0.0,1.0,26.23
0.0,1.0,1.0,1.0,0.0,0.0,0.0,1.0,26.26
0.0,1.0,1.0,1.0,0.0,0.0,0.0,1.0,26.28
0.0,1.0,1.0,1.0,0.0,0.0,0.0,1.0,26.32
0.0,1.0,1.0,1.0,0.0,0.0,0.0,1.0,26.35
0.0,1.0,1.0,1.0,0.0,0.0,0.0,1.0,26.38
0.0,1.0,1.0,1.0,0.0,0.0,0.0,1.0,26.41
0.0,1.0,1.0,1.0,0.0,0.0,0.0,1.0,26.45
0.0,1.0,1.0,1.0,0.0,0.0,0.0,1.0,26.49
0.0,1.0,1.0,1.0,0.0,0.0,0.0,1.0,26.53
0.0,1.0,1.0,1.0,0.0,0.0,0.0,1.0,26.56
0.0,1.0,1.0,1.0,0.0,0.0,0.0,1.0,26.59
0.0,1.0,1.0,1.0,0.0,0.0,0.0,1.0,26.63
0.0,1.0,1.0,1.0,0.0,0.0,0.0,1.0,26.66
0.0,1.0,1.0,1.0,0.0,0.0,0.0,1.0,26.7
0.0,1.0,1.0,1.0,0.0,0.0,0.0,1.0,26.75
0.0,1.0,1.0,1.0,0.0,0.0,0.0,1.0,26.78
0.0,1.0,1.0,1.0,0.0,0.0,0.0,1.0,26.81
0.0,1.0,1.0,1.0,0.0,0.0,0.0,1.0,26.83
0.0,1.0,1.0,1.0,0.0,0.0,0.0,1.0,26.86
0.0,1.0,1.0,1.0,0.0,0.0,0.0,1.0,26.88
0.0,1.0,1.0,1.0,0.0,0.0,0.0,1.0,26.92
0.0,1.0,1.0,1.0,0.0,0.0,0.0,1.0,26.95
0.0,1.0,1.0,1.0,0.0,0.0,0.0,1.0,26.97
0.0,1.0,1.0,1.0,0.0,0.0,0.0,1.0,27.02
0.0,1.0,1.0,1.0,0.0,0.0,0.0,1.0,27.05
0.0,1.0,1.0,1.0,0.0,0.0,0.0,1.0,27.09
0.0,1.0,1.0,1.0,0.0,0.0,0.0,1.0,27.12
0.0,1.0,1.0,1.0,0.0,0.0,0.0,1.0,27.15
0.0,1.0,1.0,1.0,0.0,0.0,0.0,1.0,27.2
0.0,1.0,1.0,1.0,0.0,0.0,0.0,1.0,27.24
0.0,1.0,1.0,1.0,0.0,0.0,0.0,1.0,27.28
0.0,1.0,1.0,1.0,0.0,0.0,0.0,1.0,27.31
0.0,1.0,1.0,1.0,0.0,0.0,0.0,1.0,27.34
0.0,1.0,1.0,1.0,0.0,0.0,0.0,1.0,27.36
0.0,1.0,1.0,1.0,0.0,0.0,0.0,1.0,27.4
0.0,1.0,1.0,1.0,0.0,0.0,0.0,1.0,27.42
0.0,1.0,1.0,1.0,0.0,0.0,0.0,1.0,27.45
0.0,1.0,1.0,1.0,0.0,0.0,0.0,1.0,27.47
0.0,1.0,1.0,1.0,0.0,0.0,0.0,1.0,27.5
0.0,1.0,1.0,1.0,0.0,0.0,0.0,1.0,27.53
0.0,1.0,1.0,1.0,0.0,0.0,0.0,1.0,27.56
0.0,1.0,1.0,1.0,0.0,0.0,0.0,1.0,27.6
0.0,1.0,1.0,1.0,0.0,0.0,0.0,1.0,27.64
0.0,1.0,1.0,1.0,0.0,0.0,0.0,1.0,27.66
0.0,1.0,1.0,1.0,0.0,0.0,0.0,1.0,27.69
0.0,1.0,1.0,1.0,0.0,0.0,0.0,1.0,27.72
0.0,1.0,1.0,1.0,0.0,0.0,0.0,1.0,27.75
0.0,1.0,1.0,1.0,0.0,0.0,0.0,1.0,27.78
0.0,1.0,1.0,1.0,0.0,0.0,0.0,1.0,27.81
0.0,1.0,1.0,1.0,0.0,0.0,0.0,1.0,27.84
0.0,1.0,1.0,1.0,0.0,0.0,0.0,1.0,27.86
0.0,1.0,1.0,1.0,0.0,0.0,0.0,1.0,27.89
0.0,1.0,1.0,1.0,0.0,0.0,0.0,1.0,27.94
0.0,1.0,1.0,1.0,0.0,0.0,0.0,1.0,27.97
0.0,1.0,1.0,1.0,0.0,0.0,0.0,1.0,28.0
0.0,1.0,1.0,1.0,0.0,0.0,0.0,1.0,28.04
0.0,1.0,1.0,1.0,0.0,0.0,0.0,1.0,28.08
0.0,1.0,1.0,1.0,0.0,0.0,0.0,1.0,28.12
0.0,1.0,1.0,1.0,0.0,0.0,0.0,1.0,28.15
0.0,1.0,1.0,1.0,0.0,0.0,0.0,1.0,28.18
0.0,1.0,1.0,1.0,0.0,0.0,0.0,1.0,28.21
0.0,1.0,1.0,1.0,0.0,0.0,0.0,1.0,28.24
0.0,1.0,1.0,1.0,0.0,0.0,0.0,1.0,28.27
0.0,1.0,1.0,1.0,0.0,0.0,0.0,1.0,28.3
0.0,1.0,1.0,1.0,0.0,0.0,0.0,1.0,28.34
0.0,1.0,1.0,1.0,0.0,0.0,0.0,1.0,28.39
0.0,1.0,1.0,1.0,0.0,0.0,0.0,1.0,28.43
0.0,1.0,1.0,1.0,0.0,0.0,0.0,1.0,28.47
0.0,1.0,1.0,1.0,0.0,0.0,0.0,1.0,28.5
0.0,1.0,1.0,1.0,0.0,0.0,0.0,1.0,28.56
0.0,1.0,1.0,1.0,0.0,0.0,0.0,1.0,28.58
0.0,1.0,1.0,1.0,0.0,0.0,0.0,1.0,28.63
0.0,1.0,1.0,1.0,0.0,0.0,0.0,1.0,28.66
0.0,1.0,1.0,1.0,0.0,0.0,0.0,1.0,28.7
0.0,1.0,1.0,1.0,0.0,0.0,0.0,1.0,28.72
0.0,1.0,1.0,1.0,0.0,0.0,0.0,1.0,28.77
0.0,1.0,1.0,1.0,0.0,0.0,0.0,1.0,28.81
0.0,1.0,1.0,1.0,0.0,0.0,0.0,1.0,28.85
0.0,1.0,1.0,1.0,0.0,0.0,0.0,1.0,28.89
0.0,1.0,1.0,1.0,0.0,0.0,0.0,1.0,28.93
0.0,1.0,1.0,1.0,0.0,0.0,0.0,1.0,28.95
0.0,1.0,1.0,1.0,0.0,0.0,0.0,1.0,28.97
0.0,1.0,1.0,1.0,0.0,0.0,0.0,1.0,29.0
0.0,1.0,1.0,1.0,0.0,0.0,0.0,1.0,29.03
0.0,1.0,1.0,1.0,0.0,0.0,0.0,1.0,29.06
0.0,1.0,1.0,1.0,0.0,0.0,0.0,1.0,29.09
0.0,1.0,1.0,1.0,0.0,0.0,0.0,1.0,29.12
0.0,1.0,1.0,1.0,0.0,0.0,0.0,1.0,29.15
0.0,1.0,1.0,1.0,0.0,0.0,0.0,1.0,29.18
0.0,1.0,1.0,1.0,0.0,0.0,0.0,1.0,29.21
0.0,1.0,1.0,1.0,0.0,0.0,0.0,1.0,29.27
0.0,1.0,1.0,1.0,0.0,0.0,0.0,1.0,29.3
0.0,1.0,1.0,1.0,0.0,0.0,0.0,1.0,29.35
0.0,1.0,1.0,1.0,0.0,0.0,0.0,1.0,29.37
0.0,1.0,1.0,1.0,0.0,0.0,0.0,1.0,29.39
0.0,1.0,1.0,1.0,0.0,0.0,0.0,1.0,29.42
0.0,1.0,1.0,1.0,0.0,0.0,0.0,1.0,29.45
0.0,1.0,1.0,1.0,0.0,0.0,0.0,1.0,29.48
0.0,1.0,1.0,1.0,0.0,0.0,0.0,1.0,29.51
0.0,1.0,1.0,1.0,0.0,0.0,0.0,1.0,29.54
0.0,1.0,1.0,1.0,0.0,0.0,0.0,1.0,29.57
0.0,1.0,1.0,1.0,0.0,0.0,0.0,1.0,29.61
0.0,1.0,1.0,1.0,0.0,0.0,0.0,1.0,29.65
0.0,1.0,1.0,1.0,0.0,0.0,0.0,1.0,29.7
0.0,1.0,1.0,1.0,0.0,0.0,0.0,1.0,29.74
0.0,1.0,1.0,1.0,0.0,0.0,0.0,1.0,29.77
0.0,1.0,1.0,1.0,0.0,0.0,0.0,1.0,29.81
0.0,1.0,1.0,1.0,0.0,0.0,0.0,1.0,29.84
0.0,1.0,1.0,1.0,0.0,0.0,0.0,1.0,29.88
0.0,1.0,1.0,1.0,0.0,0.0,0.0,1.0,29.92
0.0,1.0,1.0,1.0,0.0,0.0,0.0,1.0,29.95
0.0,1.0,1.0,1.0,0.0,0.0,0.0,1.0,29.98
0.0,1.0,1.0,1.0,0.0,0.0,0.0,1.0,30.01
0.0,1.0,1.0,1.0,0.0,0.0,0.0,1.0,30.03
0.0,1.0,1.0,1.0,0.0,0.0,0.0,1.0,30.08
0.0,1.0,1.0,1.0,0.0,0.0,0.0,1.0,30.11
0.0,1.0,1.0,0.0,0.0,0.0,0.0,1.0,30.13
0.0,1.0,1.0,0.0,0.0,0.0,0.0,1.0,30.16
0.0,1.0,1.0,0.0,0.0,0.0,0.0,1.0,30.19
0.0,1.0,1.0,0.0,0.0,0.0,0.0,1.0,30.23
0.0,1.0,1.0,0.0,0.0,0.0,0.0,1.0,30.25
0.0,1.0,1.0,0.0,0.0,0.0,0.0,1.0,30.28
0.0,1.0,1.0,0.0,0.0,0.0,0.0,1.0,30.3
0.0,1.0,1.0,0.0,0.0,0.0,0.0,1.0,30.33
0.0,1.0,1.0,0.0,0.0,0.0,0.0,1.0,30.35
0.0,1.0,1.0,0.0,0.0,0.0,0.0,1.0,30.39
0.0,1.0,1.0,0.0,0.0,0.0,0.0,1.0,30.41
0.0,1.0,1.0,0.0,0.0,0.0,0.0,1.0,30.44
0.0,1.0,1.0,0.0,0.0,0.0,0.0,1.0,30.48
0.0,1.0,1.0,1.0,0.0,0.0,0.0,1.0,30.52
0.0,1.0,1.0,1.0,0.0,0.0,0.0,1.0,30.55
0.0,1.0,1.0,1.0,0.0,0.0,0.0,1.0,30.57
0.0,1.0,1.0,1.0,0.0,0.0,0.0,1.0,30.59
0.0,1.0,1.0,1.0,0.0,0.0,0.0,1.0,30.62
0.0,1.0,1.0,1.0,0.0,0.0,0.0,1.0,30.64
0.0,1.0,1.0,1.0,0.0,0.0,0.0,1.0,30.67
0.0,1.0,1.0,1.0,0.0,0.0,0.0,1.0,30.69
0.0,1.0,1.0,1.0,0.0,0.0,0.0,1.0,30.73
0.0,1.0,1.0,1.0,0.0,0.0,0.0,1.0,30.77
0.0,1.0,1.0,1.0,0.0,0.0,0.0,1.0,30.79
0.0,1.0,1.0,1.0,0.0,0.0,0.0,1.0,30.83
0.0,1.0,1.0,1.0,0.0,0.0,0.0,1.0,30.86
0.0,1.0,1.0,1.0,0.0,0.0,0.0,1.0,30.88
0.0,1.0,1.0,1.0,0.0,0.0,0.0,1.0,30.92
0.0,1.0,1.0,1.0,0.0,0.0,0.0,1.0,30.97
0.0,1.0,1.0,1.0,0.0,0.0,0.0,1.0,31.0
0.0,1.0,1.0,1.0,0.0,0.0,0.0,1.0,31.02
0.0,1.0,1.0,1.0,0.0,0.0,0.0,1.0,31.06
0.0,1.0,1.0,1.0,0.0,0.0,0.0,1.0,31.09
0.0,1.0,1.0,1.0,0.0,0.0,0.0,1.0,31.13
0.0,1.0,1.0,1.0,0.0,0.0,0.0,1.0,31.15
0.0,1.0,1.0,1.0,0.0,0.0,0.0,1.0,31.18
0.0,1.0,1.0,1.0,0.0,0.0,0.0,1.0,31.2
0.0,1.0,1.0,1.0,0.0,0.0,0.0,1.0,31.24
0.0,1.0,1.0,1.0,0.0,0.0,0.0,1.0,31.27
0.0,1.0,1.0,1.0,0.0,0.0,0.0,1.0,31.3
0.0,1.0,1.0,1.0,0.0,0.0,0.0,1.0,31.32
0.0,1.0,1.0,1.0,0.0,0.0,0.0,1.0,31.35
0.0,1.0,1.0,1.0,0.0,0.0,0.0,1.0,31.4
0.0,1.0,1.0,1.0,0.0,0.0,0.0,1.0,31.43
0.0,1.0,1.0,1.0,0.0,0.0,0.0,1.0,31.47
0.0,1.0,1.0,1.0,0.0,0.0,0.0,1.0,31.51
0.0,1.0,1.0,1.0,0.0,0.0,0.0,1.0,31.55
0.0,1.0,1.0,1.0,0.0,0.0,0.0,1.0,31.58
0.0,1.0,1.0,1.0,0.0,0.0,0.0,1.0,31.62
0.0,1.0,1.0,1.0,0.0,0.0,0.0,1.0,31.65
0.0,1.0,1.0,1.0,0.0,0.0,0.0,1.0,31.68
0.0,1.0,1.0,1.0,0.0,0.0,0.0,1.0,31.72
0.0,1.0,1.0,1.0,0.0,0.0,0.0,1.0,31.75
0.0,1.0,1.0,1.0,0.0,0.0,0.0,1.0,31.78
0.0,1.0,1.0,1.0,0.0,0.0,0.0,1.0,31.81
0.0,1.0,1.0,1.0,0.0,0.0,0.0,1.0,31.83
0.0,1.0,1.0,1.0,0.0,0.0,0.0,1.0,31.86
0.0,1.0,1.0,1.0,0.0,0.0,0.0,1.0,31.9
0.0,1.0,1.0,1.0,0.0,0.0,0.0,1.0,31.93
