0.0,0.0,0.0,0.0,0.0,0.0,0.04
0.0,0.0,0.0,0.0,0.0,0.0,0.09
0.0,0.0,0.0,0.0,0.0,0.0,0.13
0.0,0.0,0.0,0.0,0.0,0.0,0.15
0.0,0.0,0.0,0.0,0.0,0.0,0.17
0.0,0.0,0.0,0.0,0.0,0.0,0.19
0.0,0.0,0.0,0.0,0.0,0.0,0.21
0.0,0.0,0.0,0.0,0.0,0.0,0.23
0.0,0.0,0.0,0.0,0.0,0.0,0.26
0.0,0.0,0.0,0.0,0.0,0.0,0.28
0.0,0.0,0.0,0.0,0.0,0.0,0.3
0.0,0.0,0.0,0.0,0.0,0.0,0.32
0.0,0.0,1.0,0.0,0.0,0.0,0.34
0.0,0.0,1.0,0.0,0.0,0.0,0.36
0.0,0.0,1.0,0.0,0.0,0.0,0.39
0.0,0.0,1.0,0.0,0.0,0.0,0.41
0.0,0.0,1.0,0.0,0.0,0.0,0.43
0.0,0.0,1.0,0.0,0.0,0.0,0.45
0.0,0.0,1.0,0.0,0.0,0.0,0.48
0.0,0.0,1.0,0.0,0.0,0.0,0.51
0.0,0.0,1.0,0.0,0.0,0.0,0.53
0.0,0.0,1.0,0.0,0.0,0.0,0.55
0.0,0.0,1.0,0.0,0.0,0.0,0.57
0.0,0.0,1.0,0.0,0.0,0.0,0.59
0.0,0.0,1.0,0.0,0.0,0.0,0.61
0.0,0.0,1.0,0.0,0.0,0.0,0.63
0.0,0.0,1.0,0.0,0.0,0.0,0.65
0.0,0.0,1.0,0.0,0.0,0.0,0.67
0.0,0.0,1.0,0.0,0.0,0.0,0.69
0.0,0.0,1.0,0.0,0.0,0.0,0.71
0.0,0.0,1.0,0.0,0.0,0.0,0.73
0.0,0.0,1.0,0.0,0.0,0.0,0.76
0.0,0.0,1.0,0.0,0.0,0.0,0.78
0.0,0.0,1.0,0.0,0.0,0.0,0.8
0.0,0.0,1.0,0.0,0.0,0.0,0.82
0.0,0.0,1.0,0.0,0.0,0.0,0.84
0.0,0.0,1.0,0.0,0.0,0.0,0.87
0.0,0.0,1.0,0.0,0.0,0.0,0.89
0.0,0.0,1.0,0.0,0.0,0.0,0.91
0.0,0.0,1.0,0.0,0.0,0.0,0.95
0.0,0.0,1.0,0.0,0.0,0.0,0.97
0.0,0.0,1.0,0.0,0.0,0.0,0.99
0.0,0.0,1.0,0.0,0.0,0.0,1.01
0.0,0.0,1.0,0.0,0.0,0.0,1.03
0.0,0.0,1.0,0.0,0.0,0.0,1.05
0.0,0.0,1.0,0.0,0.0,0.0,1.07
0.0,0.0,1.0,0.0,0.0,0.0,1.09
0.0,0.0,1.0,0.0,0.0,0.0,1.11
0.0,0.0,1.0,0.0,0.0,0.0,1.14
0.0,0.0,1.0,0.0,0.0,0.0,1.16
0.0,0.0,1.0,0.0,0.0,0.0,1.18
0.0,0.0,1.0,0.0,0.0,0.0,1.2
0.0,0.0,1.0,0.0,0.0,0.0,1.22
0.0,0.0,1.0,0.0,0.0,0.0,1.24
0.0,0.0,1.0,0.0,0.0,0.0,1.26
0.0,0.0,1.0,0.0,0.0,0.0,1.28
0.0,0.0,1.0,0.0,0.0,0.0,1.3
0.0,0.0,1.0,0.0,0.0,0.0,1.33
0.0,0.0,1.0,0.0,0.0,0.0,1.35
0.0,0.0,1.0,0.0,0.0,0.0,1.37
0.0,0.0,1.0,0.0,0.0,0.0,1.39
0.0,0.0,1.0,0.0,0.0,0.0,1.41
0.0,0.0,1.0,0.0,0.0,0.0,1.43
0.0,0.0,1.0,0.0,0.0,0.0,1.45
0.0,0.0,1.0,0.0,0.0,0.0,1.47
0.0,0.0,1.0,0.0,0.0,0.0,1.49
0.0,0.0,1.0,0.0,0.0,0.0,1.52
0.0,0.0,1.0,0.0,0.0,0.0,1.54
0.0,0.0,1.0,0.0,0.0,0.0,1.56
0.0,0.0,1.0,0.0,0.0,0.0,1.58
0.0,0.0,1.0,0.0,0.0,0.0,1.61
0.0,0.0,1.0,0.0,0.0,0.0,1.63
0.0,0.0,1.0,0.0,0.0,0.0,1.65
0.0,0.0,1.0,0.0,0.0,0.0,1.68
0.0,0.0,1.0,0.0,0.0,0.0,1.7
0.0,0.0,1.0,0.0,0.0,0.0,1.72
0.0,0.0,1.0,0.0,0.0,0.0,1.74
0.0,0.0,1.0,0.0,0.0,0.0,1.76
0.0,0.0,1.0,0.0,0.0,0.0,1.78
0.0,0.0,1.0,0.0,0.0,0.0,1.8
0.0,0.0,1.0,0.0,0.0,0.0,1.82
0.0,0.0,1.0,0.0,0.0,0.0,1.84
0.0,0.0,1.0,0.0,0.0,0.0,1.86
0.0,0.0,1.0,0.0,0.0,0.0,1.89
0.0,0.0,1.0,0.0,0.0,0.0,1.92
0.0,0.0,1.0,0.0,0.0,0.0,1.94
0.0,0.0,1.0,0.0,0.0,0.0,1.97
0.0,0.0,1.0,0.0,0.0,0.0,1.99
0.0,0.0,1.0,0.0,0.0,0.0,2.01
0.0,0.0,1.0,0.0,0.0,0.0,2.03
0.0,0.0,1.0,0.0,0.0,0.0,2.05
0.0,0.0,1.0,0.0,0.0,0.0,2.07
0.0,0.0,1.0,0.0,0.0,0.0,2.09
0.0,0.0,1.0,0.0,0.0,0.0,2.11
0.0,0.0,1.0,0.0,0.0,0.0,2.13
0.0,0.0,1.0,0.0,0.0,0.0,2.15
0.0,0.0,1.0,0.0,0.0,0.0,2.18
0.0,0.0,1.0,0.0,0.0,0.0,2.2
0.0,0.0,1.0,0.0,0.0,0.0,2.22
0.0,0.0,1.0,0.0,0.0,0.0,2.24
0.0,0.0,1.0,0.0,0.0,0.0,2.26
0.0,0.0,1.0,0.0,0.0,0.0,2.28
0.0,0.0,1.0,0.0,0.0,0.0,2.3
0.0,0.0,1.0,0.0,0.0,0.0,2.32
0.0,0.0,1.0,0.0,0.0,0.0,2.35
0.0,0.0,1.0,0.0,0.0,0.0,2.37
0.0,0.0,1.0,0.0,0.0,0.0,2.39
0.0,0.0,1.0,0.0,0.0,0.0,2.41
0.0,0.0,1.0,0.0,0.0,0.0,2.43
0.0,0.0,1.0,0.0,0.0,0.0,2.45
0.0,0.0,1.0,0.0,0.0,0.0,2.47
0.0,0.0,1.0,0.0,0.0,0.0,2.49
0.0,0.0,1.0,0.0,0.0,0.0,2.51
0.0,0.0,1.0,0.0,0.0,0.0,2.53
0.0,0.0,1.0,0.0,0.0,0.0,2.55
0.0,0.0,1.0,0.0,0.0,0.0,2.57
0.0,0.0,1.0,0.0,0.0,0.0,2.59
0.0,0.0,1.0,0.0,0.0,0.0,2.62
0.0,0.0,1.0,0.0,0.0,0.0,2.64
0.0,0.0,1.0,0.0,0.0,0.0,2.66
0.0,0.0,1.0,0.0,0.0,0.0,2.68
0.0,0.0,1.0,0.0,0.0,0.0,2.7
0.0,0.0,1.0,0.0,0.0,0.0,2.73
0.0,0.0,1.0,0.0,0.0,0.0,2.75
0.0,0.0,1.0,0.0,0.0,0.0,2.77
0.0,0.0,1.0,0.0,0.0,0.0,2.79
0.0,0.0,1.0,0.0,0.0,0.0,2.81
0.0,0.0,1.0,0.0,0.0,0.0,2.84
0.0,0.0,1.0,0.0,0.0,0.0,2.86
0.0,0.0,1.0,0.0,0.0,0.0,2.88
0.0,0.0,1.0,0.0,0.0,0.0,2.91
0.0,0.0,1.0,0.0,0.0,0.0,2.93
0.0,0.0,1.0,0.0,0.0,0.0,2.96
0.0,0.0,1.0,0.0,0.0,0.0,2.98
0.0,0.0,1.0,0.0,0.0,0.0,3.01
0.0,0.0,1.0,0.0,0.0,0.0,3.03
0.0,0.0,1.0,0.0,0.0,0.0,3.05
0.0,0.0,1.0,0.0,0.0,0.0,3.07
0.0,0.0,1.0,0.0,0.0,0.0,3.09
0.0,0.0,1.0,0.0,0.0,0.0,3.11
0.0,0.0,1.0,0.0,0.0,0.0,3.13
0.0,0.0,1.0,0.0,0.0,0.0,3.15
0.0,0.0,1.0,0.0,0.0,0.0,3.17
0.0,0.0,1.0,0.0,0.0,0.0,3.19
0.0,0.0,1.0,0.0,0.0,0.0,3.21
0.0,0.0,1.0,0.0,0.0,0.0,3.24
0.0,0.0,1.0,0.0,0.0,0.0,3.26
0.0,0.0,1.0,0.0,0.0,0.0,3.28
0.0,0.0,1.0,0.0,0.0,1.0,3.3
0.0,0.0,1.0,0.0,0.0,1.0,3.32
0.0,0.0,1.0,0.0,0.0,1.0,3.34
0.0,0.0,1.0,0.0,0.0,1.0,3.36
0.0,0.0,1.0,0.0,0.0,1.0,3.38
0.0,0.0,1.0,0.0,0.0,1.0,3.4
0.0,0.0,1.0,0.0,0.0,1.0,3.43
0.0,0.0,1.0,0.0,0.0,1.0,3.45
0.0,0.0,1.0,0.0,0.0,1.0,3.47
0.0,0.0,1.0,0.0,0.0,1.0,3.49
0.0,0.0,1.0,0.0,0.0,1.0,3.51
0.0,0.0,1.0,0.0,0.0,1.0,3.54
0.0,0.0,1.0,0.0,0.0,1.0,3.56
0.0,0.0,1.0,0.0,0.0,1.0,3.58
0.0,0.0,1.0,0.0,0.0,1.0,3.6
0.0,0.0,1.0,0.0,0.0,1.0,3.62
0.0,0.0,1.0,0.0,0.0,1.0,3.65
0.0,0.0,1.0,0.0,0.0,1.0,3.67
0.0,0.0,1.0,0.0,0.0,1.0,3.69
0.0,0.0,1.0,0.0,0.0,1.0,3.71
0.0,0.0,1.0,0.0,0.0,1.0,3.74
0.0,0.0,1.0,0.0,0.0,1.0,3.76
0.0,0.0,1.0,0.0,0.0,1.0,3.78
0.0,0.0,1.0,0.0,0.0,1.0,3.8
0.0,0.0,1.0,0.0,0.0,1.0,3.82
0.0,0.0,1.0,0.0,0.0,1.0,3.84
0.0,0.0,1.0,0.0,0.0,1.0,3.86
0.0,0.0,1.0,0.0,0.0,1.0,3.89
0.0,0.0,1.0,0.0,0.0,1.0,3.92
0.0,0.0,1.0,0.0,0.0,1.0,3.94
0.0,0.0,1.0,0.0,0.0,1.0,3.96
0.0,0.0,1.0,0.0,0.0,1.0,3.98
0.0,0.0,1.0,0.0,0.0,1.0,4.0
0.0,0.0,1.0,0.0,0.0,1.0,4.02
0.0,0.0,1.0,0.0,0.0,1.0,4.05
0.0,0.0,1.0,0.0,0.0,1.0,4.07
0.0,0.0,1.0,0.0,0.0,1.0,4.09
0.0,0.0,1.0,0.0,0.0,1.0,4.11
0.0,0.0,1.0,0.0,0.0,1.0,4.13
0.0,0.0,1.0,0.0,0.0,1.0,4.15
0.0,0.0,1.0,0.0,0.0,1.0,4.17
0.0,0.0,1.0,0.0,0.0,1.0,4.2
0.0,0.0,1.0,0.0,0.0,1.0,4.22
0.0,0.0,1.0,0.0,0.0,1.0,4.24
0.0,0.0,1.0,0.0,0.0,1.0,4.27
0.0,0.0,1.0,0.0,0.0,1.0,4.29
0.0,0.0,1.0,0.0,0.0,1.0,4.31
0.0,0.0,1.0,0.0,0.0,1.0,4.33
0.0,0.0,1.0,0.0,0.0,1.0,4.35
0.0,0.0,1.0,0.0,0.0,1.0,4.37
0.0,0.0,1.0,0.0,0.0,1.0,4.39
0.0,0.0,1.0,0.0,0.0,1.0,4.42
0.0,0.0,1.0,0.0,0.0,1.0,4.44
0.0,0.0,1.0,0.0,0.0,1.0,4.46
0.0,0.0,1.0,0.0,0.0,1.0,4.48
0.0,0.0,1.0,0.0,0.0,1.0,4.5
0.0,0.0,1.0,0.0,0.0,1.0,4.52
0.0,0.0,1.0,0.0,0.0,1.0,4.55
0.0,0.0,1.0,0.0,0.0,1.0,4.57
0.0,0.0,1.0,0.0,0.0,1.0,4.59
0.0,0.0,1.0,0.0,0.0,1.0,4.61
0.0,0.0,1.0,0.0,0.0,1.0,4.63
0.0,0.0,1.0,0.0,0.0,1.0,4.65
0.0,0.0,1.0,0.0,0.0,1.0,4.67
0.0,0.0,1.0,0.0,0.0,1.0,4.7
0.0,0.0,1.0,0.0,0.0,1.0,4.73
0.0,0.0,1.0,0.0,0.0,1.0,4.75
0.0,0.0,1.0,0.0,0.0,1.0,4.77
0.0,0.0,1.0,0.0,0.0,1.0,4.79
0.0,0.0,1.0,0.0,0.0,1.0,4.81
0.0,0.0,1.0,0.0,0.0,1.0,4.84
0.0,0.0,1.0,0.0,0.0,1.0,4.86
0.0,0.0,1.0,0.0,0.0,1.0,4.88
0.0,0.0,1.0,0.0,0.0,1.0,4.9
0.0,0.0,1.0,0.0,0.0,1.0,4.92
0.0,0.0,1.0,0.0,0.0,1.0,4.94
0.0,0.0,1.0,0.0,0.0,1.0,4.96
0.0,0.0,1.0,0.0,0.0,1.0,4.98
0.0,0.0,1.0,0.0,0.0,1.0,5.0
0.0,0.0,1.0,0.0,0.0,1.0,5.02
0.0,0.0,1.0,0.0,0.0,1.0,5.04
0.0,0.0,1.0,0.0,0.0,1.0,5.06
0.0,0.0,1.0,0.0,0.0,1.0,5.08
0.0,0.0,1.0,0.0,0.0,1.0,5.11
0.0,0.0,1.0,0.0,0.0,1.0,5.13
0.0,0.0,1.0,0.0,0.0,1.0,5.15
0.0,0.0,1.0,0.0,0.0,1.0,5.18
0.0,0.0,1.0,0.0,0.0,1.0,5.2
0.0,0.0,1.0,0.0,0.0,1.0,5.22
0.0,0.0,1.0,0.0,0.0,1.0,5.24
0.0,0.0,1.0,0.0,0.0,1.0,5.26
0.0,0.0,1.0,0.0,0.0,1.0,5.29
0.0,0.0,1.0,0.0,0.0,1.0,5.31
0.0,0.0,1.0,0.0,0.0,1.0,5.33
0.0,0.0,1.0,0.0,0.0,1.0,5.35
0.0,0.0,1.0,0.0,0.0,1.0,5.37
0.0,0.0,1.0,0.0,0.0,1.0,5.39
0.0,0.0,1.0,0.0,0.0,1.0,5.41
0.0,0.0,1.0,0.0,0.0,1.0,5.43
0.0,0.0,1.0,0.0,0.0,0.0,5.45
0.0,0.0,1.0,0.0,0.0,0.0,5.47
0.0,0.0,1.0,0.0,0.0,0.0,5.49
0.0,0.0,1.0,0.0,0.0,0.0,5.51
0.0,0.0,1.0,0.0,0.0,0.0,5.53
0.0,0.0,1.0,0.0,0.0,0.0,5.56
0.0,0.0,1.0,0.0,0.0,0.0,5.58
0.0,0.0,1.0,0.0,0.0,0.0,5.6
0.0,0.0,1.0,0.0,0.0,0.0,5.62
0.0,0.0,1.0,0.0,0.0,0.0,5.64
0.0,0.0,1.0,0.0,0.0,0.0,5.66
0.0,0.0,1.0,0.0,0.0,0.0,5.69
0.0,0.0,1.0,0.0,0.0,0.0,5.71
0.0,0.0,1.0,0.0,0.0,0.0,5.73
0.0,0.0,1.0,0.0,0.0,0.0,5.75
0.0,0.0,1.0,0.0,0.0,0.0,5.77
0.0,0.0,1.0,0.0,0.0,0.0,5.79
0.0,0.0,1.0,0.0,0.0,0.0,5.82
0.0,0.0,1.0,0.0,0.0,0.0,5.84
0.0,0.0,1.0,0.0,0.0,0.0,5.86
0.0,0.0,1.0,0.0,0.0,0.0,5.88
0.0,0.0,1.0,0.0,0.0,0.0,5.9
0.0,0.0,1.0,0.0,0.0,0.0,5.92
0.0,0.0,1.0,0.0,0.0,0.0,5.94
0.0,0.0,1.0,0.0,0.0,0.0,5.96
0.0,0.0,1.0,0.0,0.0,0.0,5.98
0.0,0.0,1.0,0.0,0.0,0.0,6.0
0.0,0.0,1.0,0.0,0.0,0.0,6.02
0.0,0.0,1.0,0.0,0.0,0.0,6.04
0.0,0.0,1.0,0.0,0.0,0.0,6.06
0.0,0.0,1.0,0.0,0.0,0.0,6.08
0.0,0.0,1.0,0.0,0.0,0.0,6.11
0.0,0.0,1.0,0.0,0.0,0.0,6.13
0.0,0.0,1.0,0.0,0.0,0.0,6.15
0.0,0.0,1.0,0.0,0.0,0.0,6.18
0.0,0.0,1.0,0.0,0.0,0.0,6.2
0.0,0.0,1.0,0.0,0.0,0.0,6.23
0.0,0.0,1.0,0.0,0.0,0.0,6.25
0.0,0.0,1.0,0.0,0.0,0.0,6.28
0.0,0.0,1.0,0.0,0.0,0.0,6.3
0.0,0.0,1.0,0.0,0.0,0.0,6.32
0.0,0.0,1.0,0.0,0.0,0.0,6.34
0.0,0.0,1.0,0.0,0.0,0.0,6.36
0.0,0.0,1.0,0.0,0.0,0.0,6.39
0.0,0.0,1.0,0.0,0.0,0.0,6.41
0.0,0.0,1.0,0.0,0.0,0.0,6.43
0.0,0.0,1.0,0.0,0.0,0.0,6.45
0.0,0.0,1.0,0.0,0.0,0.0,6.47
0.0,0.0,1.0,0.0,0.0,0.0,6.49
0.0,0.0,1.0,0.0,0.0,0.0,6.51
0.0,0.0,1.0,0.0,0.0,0.0,6.53
0.0,0.0,1.0,0.0,0.0,0.0,6.55
0.0,0.0,1.0,0.0,0.0,0.0,6.57
0.0,0.0,1.0,0.0,0.0,0.0,6.59
0.0,0.0,1.0,0.0,0.0,0.0,6.61
0.0,0.0,1.0,0.0,0.0,0.0,6.63
0.0,0.0,1.0,0.0,0.0,0.0,6.65
0.0,0.0,1.0,0.0,0.0,0.0,6.68
0.0,0.0,1.0,0.0,0.0,0.0,6.7
0.0,0.0,1.0,0.0,0.0,0.0,6.72
0.0,0.0,1.0,0.0,0.0,0.0,6.74
0.0,0.0,1.0,0.0,0.0,0.0,6.76
0.0,0.0,1.0,0.0,0.0,0.0,6.78
0.0,0.0,1.0,0.0,0.0,0.0,6.81
0.0,0.0,1.0,0.0,0.0,0.0,6.83
0.0,0.0,1.0,0.0,0.0,0.0,6.85
0.0,0.0,1.0,0.0,0.0,0.0,6.87
0.0,0.0,1.0,0.0,0.0,0.0,6.89
0.0,0.0,1.0,0.0,0.0,0.0,6.91
0.0,0.0,1.0,0.0,0.0,0.0,6.93
0.0,0.0,1.0,0.0,0.0,0.0,6.95
0.0,1.0,1.0,0.0,0.0,0.0,6.97
0.0,1.0,1.0,0.0,0.0,0.0,6.99
0.0,1.0,1.0,0.0,0.0,0.0,7.02
0.0,1.0,1.0,0.0,0.0,0.0,7.04
0.0,1.0,1.0,0.0,0.0,0.0,7.06
0.0,1.0,1.0,0.0,0.0,0.0,7.08
0.0,1.0,1.0,0.0,0.0,0.0,7.1
0.0,1.0,1.0,0.0,0.0,0.0,7.12
0.0,1.0,1.0,0.0,0.0,0.0,7.14
0.0,1.0,1.0,0.0,0.0,0.0,7.16
0.0,1.0,1.0,0.0,0.0,0.0,7.18
0.0,1.0,1.0,0.0,0.0,0.0,7.2
0.0,1.0,1.0,0.0,0.0,0.0,7.23
0.0,1.0,1.0,0.0,0.0,0.0,7.25
0.0,1.0,1.0,0.0,0.0,0.0,7.27
0.0,1.0,1.0,0.0,0.0,0.0,7.29
0.0,1.0,1.0,0.0,0.0,0.0,7.32
0.0,1.0,1.0,0.0,0.0,0.0,7.34
0.0,1.0,1.0,0.0,0.0,0.0,7.36
0.0,1.0,1.0,0.0,0.0,0.0,7.38
0.0,1.0,1.0,0.0,0.0,0.0,7.4
0.0,1.0,1.0,0.0,0.0,0.0,7.42
0.0,1.0,1.0,0.0,0.0,0.0,7.44
0.0,1.0,1.0,0.0,0.0,0.0,7.46
0.0,1.0,1.0,0.0,0.0,0.0,7.49
0.0,1.0,1.0,0.0,0.0,0.0,7.51
0.0,1.0,1.0,0.0,0.0,0.0,7.53
0.0,1.0,1.0,0.0,0.0,0.0,7.55
0.0,1.0,1.0,0.0,0.0,0.0,7.57
0.0,1.0,1.0,0.0,0.0,0.0,7.59
0.0,1.0,1.0,0.0,0.0,0.0,7.61
0.0,1.0,1.0,0.0,0.0,0.0,7.63
0.0,1.0,1.0,0.0,0.0,0.0,7.66
0.0,1.0,1.0,0.0,0.0,0.0,7.68
0.0,1.0,1.0,0.0,0.0,0.0,7.7
0.0,1.0,1.0,0.0,0.0,0.0,7.72
0.0,1.0,1.0,0.0,0.0,0.0,7.74
0.0,1.0,1.0,0.0,0.0,0.0,7.76
0.0,1.0,1.0,0.0,0.0,0.0,7.78
0.0,1.0,1.0,0.0,0.0,0.0,7.8
0.0,1.0,1.0,0.0,0.0,0.0,7.82
0.0,1.0,1.0,0.0,0.0,0.0,7.84
0.0,1.0,1.0,0.0,0.0,0.0,7.86
0.0,1.0,1.0,0.0,0.0,0.0,7.88
0.0,1.0,1.0,0.0,0.0,0.0,7.91
0.0,1.0,1.0,0.0,0.0,0.0,7.93
0.0,1.0,1.0,0.0,0.0,0.0,7.95
0.0,1.0,1.0,0.0,0.0,0.0,7.97
0.0,1.0,1.0,0.0,0.0,0.0,7.99
0.0,1.0,1.0,0.0,0.0,0.0,8.01
0.0,1.0,1.0,0.0,0.0,0.0,8.03
0.0,1.0,1.0,0.0,0.0,0.0,8.05
0.0,1.0,1.0,0.0,0.0,0.0,8.07
0.0,1.0,1.0,0.0,0.0,0.0,8.09
0.0,1.0,1.0,0.0,0.0,0.0,8.11
0.0,1.0,1.0,0.0,0.0,0.0,8.14
0.0,1.0,1.0,0.0,0.0,0.0,8.16
0.0,1.0,1.0,0.0,0.0,0.0,8.18
0.0,1.0,1.0,0.0,0.0,0.0,8.2
0.0,1.0,1.0,0.0,0.0,0.0,8.22
0.0,1.0,1.0,0.0,0.0,0.0,8.24
0.0,1.0,1.0,0.0,0.0,0.0,8.26
0.0,1.0,1.0,0.0,0.0,0.0,8.29
0.0,1.0,1.0,0.0,0.0,0.0,8.31
0.0,1.0,1.0,0.0,0.0,0.0,8.33
0.0,1.0,1.0,0.0,0.0,0.0,8.35
0.0,1.0,1.0,0.0,0.0,0.0,8.39
0.0,1.0,1.0,0.0,0.0,0.0,8.41
0.0,1.0,1.0,0.0,0.0,0.0,8.43
0.0,1.0,1.0,0.0,0.0,0.0,8.45
0.0,1.0,1.0,0.0,0.0,0.0,8.47
0.0,1.0,1.0,0.0,0.0,0.0,8.5
0.0,1.0,1.0,0.0,0.0,0.0,8.52
0.0,1.0,1.0,0.0,0.0,0.0,8.54
0.0,1.0,1.0,0.0,0.0,0.0,8.56
0.0,1.0,1.0,0.0,0.0,0.0,8.58
0.0,1.0,1.0,0.0,0.0,0.0,8.6
0.0,1.0,1.0,0.0,0.0,0.0,8.63
0.0,1.0,1.0,0.0,0.0,0.0,8.65
0.0,1.0,1.0,0.0,0.0,0.0,8.67
0.0,1.0,1.0,0.0,0.0,0.0,8.69
0.0,1.0,1.0,0.0,0.0,0.0,8.71
0.0,1.0,1.0,0.0,0.0,0.0,8.73
0.0,1.0,1.0,0.0,0.0,0.0,8.75
0.0,1.0,1.0,0.0,0.0,0.0,8.77
0.0,1.0,1.0,0.0,0.0,0.0,8.79
0.0,1.0,1.0,0.0,0.0,0.0,8.81
0.0,1.0,1.0,0.0,0.0,0.0,8.83
0.0,1.0,1.0,0.0,0.0,0.0,8.85
0.0,1.0,1.0,0.0,0.0,0.0,8.87
0.0,1.0,1.0,0.0,0.0,0.0,8.89
0.0,1.0,1.0,0.0,0.0,0.0,8.92
0.0,1.0,1.0,0.0,0.0,0.0,8.94
0.0,1.0,1.0,0.0,0.0,0.0,8.96
0.0,1.0,1.0,0.0,0.0,0.0,8.98
0.0,1.0,1.0,0.0,0.0,0.0,9.0
0.0,1.0,1.0,0.0,0.0,0.0,9.02
0.0,1.0,1.0,0.0,0.0,0.0,9.04
0.0,1.0,1.0,0.0,0.0,0.0,9.06
0.0,1.0,1.0,0.0,0.0,0.0,9.08
0.0,1.0,1.0,0.0,0.0,0.0,9.1
0.0,1.0,1.0,0.0,0.0,0.0,9.12
0.0,1.0,0.0,0.0,0.0,0.0,9.15
0.0,1.0,0.0,0.0,0.0,0.0,9.17
0.0,1.0,0.0,0.0,0.0,0.0,9.19
0.0,1.0,0.0,0.0,0.0,0.0,9.22
0.0,1.0,0.0,0.0,0.0,0.0,9.24
0.0,1.0,0.0,0.0,0.0,0.0,9.26
0.0,1.0,0.0,0.0,0.0,0.0,9.28
0.0,1.0,0.0,0.0,0.0,0.0,9.3
0.0,1.0,0.0,0.0,0.0,0.0,9.32
0.0,1.0,0.0,0.0,0.0,0.0,9.34
0.0,1.0,0.0,0.0,0.0,0.0,9.36
0.0,1.0,0.0,0.0,0.0,0.0,9.38
0.0,1.0,0.0,0.0,0.0,0.0,9.4
0.0,1.0,0.0,0.0,0.0,0.0,9.42
0.0,1.0,0.0,0.0,0.0,0.0,9.44
0.0,1.0,0.0,0.0,0.0,0.0,9.46
0.0,1.0,0.0,0.0,0.0,0.0,9.48
0.0,1.0,0.0,0.0,0.0,0.0,9.51
0.0,1.0,0.0,0.0,0.0,0.0,9.53
0.0,1.0,0.0,0.0,0.0,0.0,9.55
0.0,1.0,0.0,0.0,0.0,0.0,9.57
0.0,1.0,0.0,0.0,0.0,0.0,9.59
0.0,1.0,0.0,0.0,0.0,0.0,9.61
0.0,1.0,0.0,0.0,0.0,0.0,9.63
0.0,1.0,0.0,0.0,0.0,0.0,9.65
0.0,1.0,0.0,0.0,0.0,0.0,9.67
0.0,1.0,0.0,0.0,0.0,0.0,9.69
0.0,1.0,0.0,0.0,0.0,0.0,9.71
0.0,1.0,0.0,0.0,0.0,0.0,9.73
0.0,1.0,0.0,0.0,0.0,0.0,9.76
0.0,1.0,0.0,0.0,0.0,0.0,9.78
0.0,1.0,0.0,0.0,0.0,0.0,9.8
0.0,1.0,0.0,0.0,0.0,0.0,9.82
0.0,1.0,0.0,0.0,0.0,0.0,9.84
0.0,1.0,0.0,0.0,0.0,0.0,9.86
0.0,1.0,0.0,0.0,0.0,0.0,9.88
0.0,1.0,0.0,0.0,0.0,0.0,9.91
0.0,1.0,0.0,0.0,0.0,0.0,9.93
0.0,1.0,0.0,0.0,0.0,0.0,9.95
0.0,1.0,0.0,0.0,0.0,0.0,9.97
0.0,1.0,0.0,0.0,0.0,0.0,9.99
0.0,1.0,0.0,0.0,0.0,0.0,10.01
0.0,1.0,0.0,0.0,0.0,0.0,10.03
0.0,1.0,0.0,0.0,0.0,0.0,10.05
0.0,1.0,0.0,0.0,0.0,0.0,10.07
0.0,1.0,0.0,0.0,0.0,0.0,10.09
0.0,1.0,0.0,0.0,0.0,0.0,10.11
0.0,1.0,0.0,0.0,0.0,0.0,10.13
0.0,1.0,0.0,0.0,0.0,0.0,10.15
0.0,1.0,0.0,0.0,0.0,0.0,10.17
0.0,1.0,0.0,0.0,0.0,0.0,10.19
0.0,1.0,0.0,0.0,0.0,0.0,10.21
0.0,1.0,0.0,0.0,0.0,0.0,10.23
0.0,1.0,0.0,0.0,0.0,0.0,10.25
0.0,1.0,0.0,0.0,0.0,0.0,10.27
0.0,1.0,0.0,0.0,0.0,0.0,10.29
0.0,1.0,0.0,0.0,0.0,0.0,10.31
0.0,1.0,0.0,0.0,0.0,0.0,10.33
0.0,1.0,0.0,0.0,0.0,0.0,10.36
0.0,1.0,0.0,0.0,0.0,0.0,10.38
0.0,1.0,0.0,0.0,0.0,0.0,10.4
0.0,1.0,0.0,0.0,0.0,0.0,10.42
0.0,1.0,0.0,0.0,0.0,0.0,10.44
0.0,1.0,0.0,0.0,0.0,0.0,10.46
0.0,1.0,0.0,0.0,0.0,0.0,10.48
0.0,1.0,0.0,0.0,0.0,0.0,10.5
0.0,1.0,0.0,0.0,0.0,0.0,10.52
0.0,1.0,0.0,0.0,0.0,0.0,10.54
0.0,1.0,0.0,0.0,0.0,0.0,10.56
0.0,1.0,0.0,0.0,0.0,0.0,10.58
0.0,1.0,0.0,0.0,0.0,0.0,10.6
0.0,1.0,0.0,0.0,0.0,0.0,10.62
0.0,1.0,0.0,0.0,0.0,0.0,10.64
0.0,1.0,0.0,0.0,0.0,0.0,10.66
0.0,1.0,0.0,0.0,0.0,0.0,10.68
0.0,1.0,0.0,0.0,0.0,0.0,10.7
0.0,1.0,0.0,0.0,0.0,0.0,10.72
0.0,1.0,0.0,0.0,0.0,0.0,10.74
0.0,1.0,0.0,0.0,0.0,0.0,10.77
0.0,1.0,0.0,0.0,0.0,0.0,10.79
0.0,1.0,0.0,0.0,0.0,0.0,10.81
0.0,1.0,0.0,0.0,0.0,0.0,10.83
0.0,1.0,0.0,0.0,0.0,0.0,10.85
0.0,1.0,0.0,0.0,0.0,0.0,10.87
0.0,1.0,0.0,0.0,0.0,0.0,10.89
0.0,1.0,0.0,0.0,0.0,0.0,10.91
0.0,1.0,0.0,0.0,0.0,0.0,10.94
0.0,1.0,0.0,0.0,0.0,0.0,10.96
0.0,1.0,0.0,0.0,0.0,0.0,10.98
0.0,1.0,0.0,0.0,0.0,0.0,11.0
0.0,1.0,0.0,0.0,0.0,0.0,11.02
0.0,1.0,0.0,0.0,0.0,0.0,11.04
0.0,1.0,0.0,0.0,0.0,0.0,11.06
0.0,1.0,0.0,0.0,0.0,0.0,11.09
0.0,1.0,0.0,0.0,0.0,0.0,11.11
0.0,1.0,0.0,0.0,0.0,0.0,11.13
0.0,1.0,0.0,0.0,0.0,0.0,11.15
0.0,1.0,0.0,0.0,0.0,0.0,11.17
0.0,1.0,0.0,0.0,0.0,0.0,11.19
0.0,1.0,0.0,0.0,0.0,0.0,11.21
0.0,1.0,0.0,0.0,0.0,0.0,11.23
0.0,1.0,0.0,0.0,0.0,0.0,11.25
0.0,1.0,0.0,0.0,0.0,0.0,11.27
0.0,1.0,0.0,0.0,0.0,0.0,11.29
0.0,1.0,0.0,0.0,0.0,0.0,11.31
0.0,1.0,0.0,0.0,0.0,0.0,11.34
0.0,1.0,0.0,0.0,0.0,0.0,11.37
0.0,1.0,0.0,0.0,0.0,0.0,11.39
0.0,1.0,0.0,0.0,0.0,0.0,11.41
0.0,1.0,0.0,0.0,0.0,0.0,11.43
0.0,1.0,0.0,0.0,0.0,0.0,11.46
0.0,1.0,0.0,0.0,0.0,0.0,11.48
0.0,1.0,0.0,0.0,0.0,0.0,11.5
0.0,1.0,0.0,0.0,0.0,0.0,11.52
0.0,1.0,0.0,0.0,0.0,0.0,11.54
0.0,1.0,0.0,0.0,0.0,0.0,11.56
0.0,1.0,0.0,0.0,0.0,0.0,11.59
0.0,1.0,0.0,0.0,0.0,0.0,11.61
0.0,1.0,0.0,0.0,0.0,0.0,11.63
0.0,1.0,0.0,0.0,0.0,0.0,11.65
0.0,1.0,0.0,0.0,0.0,0.0,11.67
0.0,1.0,0.0,0.0,0.0,0.0,11.69
0.0,1.0,0.0,0.0,0.0,0.0,11.71
0.0,1.0,0.0,0.0,0.0,0.0,11.73
0.0,1.0,0.0,0.0,0.0,0.0,11.75
0.0,1.0,0.0,0.0,0.0,0.0,11.77
0.0,1.0,0.0,0.0,0.0,0.0,11.79
0.0,1.0,0.0,0.0,0.0,0.0,11.82
0.0,1.0,0.0,0.0,0.0,0.0,11.84
0.0,1.0,0.0,0.0,0.0,0.0,11.86
0.0,1.0,0.0,0.0,0.0,0.0,11.88
0.0,1.0,0.0,0.0,0.0,0.0,11.9
0.0,1.0,0.0,0.0,0.0,0.0,11.92
0.0,1.0,0.0,0.0,0.0,0.0,11.94
0.0,1.0,0.0,0.0,0.0,0.0,11.96
0.0,1.0,0.0,0.0,0.0,0.0,11.98
0.0,1.0,0.0,0.0,0.0,0.0,12.01
0.0,1.0,0.0,0.0,0.0,0.0,12.03
0.0,1.0,0.0,0.0,0.0,0.0,12.05
0.0,1.0,0.0,0.0,0.0,0.0,12.07
0.0,1.0,0.0,0.0,0.0,0.0,12.09
0.0,1.0,0.0,0.0,0.0,0.0,12.11
0.0,1.0,0.0,0.0,0.0,0.0,12.13
0.0,1.0,0.0,0.0,0.0,0.0,12.15
0.0,1.0,0.0,0.0,0.0,0.0,12.17
0.0,1.0,0.0,0.0,0.0,0.0,12.19
0.0,1.0,0.0,0.0,0.0,0.0,12.21
0.0,1.0,0.0,0.0,0.0,0.0,12.23
0.0,1.0,0.0,0.0,0.0,0.0,12.25
0.0,1.0,0.0,0.0,0.0,0.0,12.27
0.0,1.0,0.0,0.0,0.0,0.0,12.3
0.0,1.0,0.0,0.0,0.0,0.0,12.32
0.0,1.0,0.0,0.0,0.0,0.0,12.34
0.0,1.0,0.0,0.0,0.0,0.0,12.36
0.0,1.0,0.0,0.0,0.0,0.0,12.38
0.0,1.0,0.0,0.0,0.0,0.0,12.4
0.0,1.0,0.0,0.0,0.0,0.0,12.42
0.0,1.0,0.0,0.0,0.0,0.0,12.45
0.0,1.0,0.0,0.0,0.0,0.0,12.47
0.0,1.0,0.0,0.0,0.0,0.0,12.49
0.0,1.0,0.0,0.0,0.0,0.0,12.51
0.0,1.0,0.0,0.0,0.0,0.0,12.53
0.0,1.0,0.0,0.0,0.0,0.0,12.55
0.0,1.0,0.0,0.0,0.0,0.0,12.57
0.0,1.0,0.0,0.0,0.0,0.0,12.59
0.0,1.0,0.0,0.0,0.0,0.0,12.61
0.0,1.0,0.0,0.0,0.0,0.0,12.63
0.0,1.0,0.0,0.0,0.0,0.0,12.65
0.0,1.0,0.0,0.0,0.0,0.0,12.68
0.0,1.0,0.0,0.0,0.0,0.0,12.7
0.0,1.0,0.0,0.0,0.0,0.0,12.72
0.0,1.0,0.0,0.0,0.0,0.0,12.74
0.0,1.0,0.0,0.0,0.0,0.0,12.76
0.0,1.0,0.0,0.0,0.0,0.0,12.78
0.0,1.0,0.0,0.0,0.0,0.0,12.8
0.0,1.0,0.0,0.0,0.0,0.0,12.82
0.0,1.0,0.0,0.0,0.0,0.0,12.84
0.0,1.0,0.0,0.0,0.0,0.0,12.86
0.0,1.0,0.0,0.0,0.0,0.0,12.88
0.0,1.0,0.0,0.0,0.0,0.0,12.9
0.0,1.0,0.0,0.0,0.0,0.0,12.92
0.0,1.0,0.0,0.0,0.0,0.0,12.95
0.0,1.0,0.0,0.0,0.0,0.0,12.97
0.0,1.0,0.0,0.0,0.0,0.0,12.99
0.0,1.0,0.0,0.0,0.0,0.0,13.01
0.0,1.0,0.0,0.0,0.0,0.0,13.03
0.0,1.0,0.0,0.0,0.0,0.0,13.05
0.0,1.0,0.0,0.0,0.0,0.0,13.07
0.0,1.0,0.0,0.0,0.0,0.0,13.09
0.0,1.0,0.0,0.0,0.0,0.0,13.11
0.0,1.0,0.0,0.0,0.0,0.0,13.13
0.0,1.0,0.0,0.0,0.0,0.0,13.15
0.0,1.0,0.0,0.0,0.0,0.0,13.17
0.0,1.0,0.0,0.0,0.0,0.0,13.2
0.0,1.0,0.0,0.0,0.0,0.0,13.22
0.0,1.0,0.0,0.0,0.0,0.0,13.24
0.0,1.0,0.0,0.0,0.0,0.0,13.26
0.0,1.0,0.0,0.0,0.0,0.0,13.28
0.0,1.0,0.0,0.0,0.0,0.0,13.3
0.0,1.0,0.0,0.0,0.0,0.0,13.32
0.0,1.0,0.0,0.0,0.0,0.0,13.34
0.0,1.0,0.0,0.0,0.0,0.0,13.36
0.0,1.0,0.0,0.0,0.0,0.0,13.38
0.0,1.0,0.0,0.0,0.0,0.0,13.4
0.0,1.0,0.0,0.0,0.0,0.0,13.42
0.0,1.0,0.0,0.0,0.0,0.0,13.44
0.0,1.0,0.0,0.0,0.0,0.0,13.47
0.0,1.0,0.0,0.0,0.0,0.0,13.49
0.0,1.0,0.0,0.0,0.0,0.0,13.52
0.0,1.0,0.0,0.0,0.0,0.0,13.54
0.0,1.0,0.0,0.0,0.0,0.0,13.56
0.0,1.0,0.0,0.0,0.0,0.0,13.58
0.0,1.0,0.0,0.0,0.0,0.0,13.6
0.0,1.0,0.0,0.0,0.0,0.0,13.62
0.0,1.0,0.0,0.0,0.0,0.0,13.64
0.0,1.0,0.0,0.0,0.0,0.0,13.66
0.0,1.0,0.0,0.0,0.0,0.0,13.69
0.0,1.0,0.0,0.0,0.0,0.0,13.71
0.0,1.0,0.0,0.0,0.0,0.0,13.73
0.0,1.0,0.0,0.0,0.0,0.0,13.75
0.0,1.0,0.0,0.0,0.0,0.0,13.77
0.0,1.0,0.0,0.0,0.0,0.0,13.79
0.0,1.0,0.0,0.0,0.0,0.0,13.81
0.0,1.0,0.0,0.0,0.0,0.0,13.83
0.0,1.0,0.0,0.0,0.0,0.0,13.86
0.0,1.0,0.0,0.0,0.0,0.0,13.88
0.0,1.0,0.0,0.0,0.0,0.0,13.9
0.0,1.0,0.0,0.0,0.0,0.0,13.92
0.0,1.0,0.0,0.0,0.0,0.0,13.94
0.0,1.0,0.0,0.0,0.0,0.0,13.96
0.0,1.0,0.0,0.0,0.0,0.0,13.98
0.0,1.0,0.0,0.0,0.0,0.0,14.0
0.0,1.0,0.0,0.0,0.0,0.0,14.02
0.0,1.0,0.0,0.0,0.0,0.0,14.04
0.0,1.0,0.0,0.0,0.0,0.0,14.07
0.0,1.0,0.0,0.0,0.0,0.0,14.09
0.0,1.0,0.0,0.0,0.0,0.0,14.11
0.0,1.0,0.0,0.0,0.0,0.0,14.13
0.0,1.0,0.0,0.0,0.0,0.0,14.15
0.0,1.0,0.0,0.0,0.0,0.0,14.18
0.0,1.0,0.0,0.0,0.0,0.0,14.2
0.0,1.0,0.0,0.0,0.0,0.0,14.22
0.0,1.0,0.0,0.0,0.0,0.0,14.24
0.0,1.0,0.0,0.0,0.0,0.0,14.26
0.0,1.0,0.0,0.0,0.0,0.0,14.28
0.0,1.0,0.0,0.0,0.0,0.0,14.31
0.0,1.0,0.0,0.0,0.0,0.0,14.33
0.0,1.0,0.0,0.0,0.0,0.0,14.35
0.0,1.0,0.0,0.0,0.0,0.0,14.37
0.0,1.0,0.0,0.0,0.0,0.0,14.39
0.0,1.0,0.0,0.0,0.0,0.0,14.42
0.0,1.0,0.0,0.0,0.0,0.0,14.44
0.0,1.0,0.0,0.0,0.0,0.0,14.46
0.0,1.0,0.0,0.0,0.0,0.0,14.48
0.0,1.0,0.0,0.0,0.0,0.0,14.5
0.0,1.0,0.0,0.0,0.0,0.0,14.52
0.0,1.0,0.0,0.0,0.0,0.0,14.54
0.0,1.0,0.0,0.0,0.0,0.0,14.56
0.0,1.0,0.0,0.0,0.0,0.0,14.58
0.0,1.0,0.0,0.0,0.0,0.0,14.61
0.0,1.0,0.0,0.0,0.0,0.0,14.63
0.0,1.0,0.0,0.0,0.0,0.0,14.65
0.0,1.0,0.0,0.0,0.0,0.0,14.67
0.0,1.0,0.0,0.0,0.0,0.0,14.69
0.0,1.0,0.0,0.0,0.0,0.0,14.71
0.0,1.0,0.0,0.0,0.0,0.0,14.73
0.0,1.0,0.0,0.0,0.0,0.0,14.75
0.0,1.0,0.0,0.0,0.0,0.0,14.78
0.0,1.0,0.0,0.0,0.0,0.0,14.8
0.0,1.0,0.0,0.0,0.0,0.0,14.82
0.0,1.0,0.0,0.0,0.0,0.0,14.84
0.0,1.0,0.0,0.0,0.0,0.0,14.86
0.0,1.0,0.0,0.0,0.0,0.0,14.88
0.0,1.0,0.0,0.0,0.0,0.0,14.9
0.0,1.0,0.0,0.0,0.0,0.0,14.92
0.0,1.0,0.0,0.0,0.0,0.0,14.94
0.0,1.0,0.0,0.0,0.0,0.0,14.96
0.0,1.0,0.0,0.0,0.0,0.0,14.99
0.0,1.0,0.0,0.0,0.0,0.0,15.01
0.0,1.0,0.0,0.0,0.0,0.0,15.03
0.0,1.0,0.0,0.0,0.0,0.0,15.05
0.0,1.0,0.0,0.0,0.0,0.0,15.07
0.0,1.0,0.0,0.0,0.0,0.0,15.09
0.0,1.0,0.0,0.0,0.0,0.0,15.11
0.0,1.0,0.0,0.0,0.0,0.0,15.13
0.0,1.0,0.0,0.0,0.0,0.0,15.16
0.0,1.0,0.0,0.0,0.0,0.0,15.19
0.0,1.0,0.0,0.0,0.0,0.0,15.21
0.0,1.0,0.0,0.0,0.0,0.0,15.23
0.0,1.0,0.0,0.0,0.0,0.0,15.25
0.0,1.0,0.0,0.0,0.0,0.0,15.27
0.0,1.0,0.0,0.0,0.0,0.0,15.29
0.0,1.0,0.0,0.0,0.0,0.0,15.32
0.0,1.0,0.0,0.0,0.0,0.0,15.34
0.0,1.0,0.0,0.0,0.0,0.0,15.36
0.0,1.0,0.0,0.0,0.0,0.0,15.38
0.0,1.0,0.0,0.0,0.0,0.0,15.4
0.0,1.0,0.0,0.0,0.0,0.0,15.43
0.0,1.0,0.0,0.0,0.0,0.0,15.46
0.0,1.0,0.0,0.0,0.0,0.0,15.49
0.0,1.0,0.0,0.0,0.0,0.0,15.51
0.0,1.0,0.0,0.0,0.0,0.0,15.54
0.0,1.0,0.0,0.0,0.0,0.0,15.56
0.0,1.0,0.0,0.0,0.0,0.0,15.58
0.0,1.0,0.0,0.0,0.0,0.0,15.6
0.0,1.0,0.0,0.0,0.0,0.0,15.62
0.0,1.0,0.0,0.0,0.0,0.0,15.64
0.0,1.0,0.0,0.0,0.0,0.0,15.67
0.0,1.0,0.0,0.0,0.0,0.0,15.69
0.0,1.0,0.0,0.0,0.0,0.0,15.71
0.0,1.0,0.0,0.0,0.0,0.0,15.73
0.0,1.0,0.0,0.0,0.0,0.0,15.75
0.0,1.0,0.0,0.0,0.0,0.0,15.77
0.0,1.0,0.0,0.0,0.0,0.0,15.79
0.0,1.0,0.0,0.0,0.0,0.0,15.82
0.0,1.0,0.0,0.0,0.0,0.0,15.84
0.0,1.0,0.0,0.0,0.0,0.0,15.86
0.0,1.0,0.0,0.0,0.0,0.0,15.88
0.0,1.0,0.0,0.0,0.0,0.0,15.9
0.0,1.0,0.0,0.0,0.0,0.0,15.92
0.0,1.0,0.0,0.0,0.0,0.0,15.94
0.0,1.0,0.0,0.0,0.0,0.0,15.96
0.0,1.0,0.0,0.0,0.0,0.0,15.99
0.0,1.0,0.0,0.0,0.0,0.0,16.01
0.0,1.0,0.0,0.0,0.0,0.0,16.03
0.0,1.0,0.0,0.0,0.0,0.0,16.05
0.0,1.0,0.0,0.0,0.0,0.0,16.07
0.0,1.0,0.0,0.0,0.0,0.0,16.09
0.0,1.0,0.0,0.0,0.0,0.0,16.12
0.0,1.0,0.0,0.0,0.0,0.0,16.14
0.0,1.0,0.0,0.0,0.0,0.0,16.16
0.0,1.0,0.0,0.0,0.0,0.0,16.19
0.0,1.0,0.0,0.0,0.0,0.0,16.21
0.0,1.0,0.0,0.0,0.0,0.0,16.23
0.0,1.0,0.0,0.0,0.0,0.0,16.25
0.0,1.0,0.0,0.0,0.0,0.0,16.27
0.0,1.0,0.0,0.0,0.0,0.0,16.29
0.0,1.0,0.0,0.0,0.0,0.0,16.31
0.0,1.0,0.0,0.0,0.0,0.0,16.33
0.0,1.0,0.0,0.0,0.0,0.0,16.36
0.0,1.0,0.0,0.0,0.0,0.0,16.38
0.0,1.0,0.0,0.0,0.0,0.0,16.4
0.0,1.0,0.0,0.0,0.0,0.0,16.42
0.0,1.0,0.0,0.0,0.0,0.0,16.44
0.0,1.0,0.0,0.0,0.0,0.0,16.46
0.0,1.0,0.0,0.0,0.0,0.0,16.48
0.0,1.0,0.0,0.0,0.0,0.0,16.5
0.0,1.0,0.0,0.0,0.0,0.0,16.53
0.0,1.0,0.0,0.0,0.0,0.0,16.56
0.0,1.0,0.0,0.0,0.0,0.0,16.58
0.0,1.0,0.0,0.0,0.0,0.0,16.6
0.0,1.0,0.0,0.0,0.0,0.0,16.62
0.0,1.0,0.0,0.0,0.0,0.0,16.65
0.0,1.0,0.0,0.0,0.0,0.0,16.67
0.0,1.0,0.0,0.0,0.0,0.0,16.69
0.0,1.0,0.0,0.0,0.0,0.0,16.71
0.0,1.0,0.0,0.0,0.0,0.0,16.73
0.0,1.0,0.0,0.0,0.0,0.0,16.75
0.0,1.0,0.0,0.0,0.0,0.0,16.77
0.0,1.0,0.0,0.0,0.0,0.0,16.8
0.0,1.0,0.0,0.0,0.0,0.0,16.82
0.0,1.0,0.0,0.0,0.0,0.0,16.84
0.0,1.0,0.0,0.0,0.0,0.0,16.86
0.0,1.0,0.0,0.0,0.0,0.0,16.88
0.0,1.0,0.0,0.0,0.0,0.0,16.91
0.0,1.0,0.0,0.0,0.0,0.0,16.93
0.0,1.0,0.0,0.0,0.0,0.0,16.95
0.0,1.0,0.0,0.0,0.0,0.0,16.98
0.0,1.0,0.0,0.0,0.0,0.0,17.0
0.0,1.0,0.0,0.0,0.0,0.0,17.03
0.0,1.0,0.0,0.0,0.0,0.0,17.05
0.0,1.0,0.0,0.0,0.0,0.0,17.07
0.0,1.0,0.0,0.0,0.0,0.0,17.09
0.0,1.0,0.0,0.0,0.0,0.0,17.11
0.0,1.0,0.0,0.0,0.0,0.0,17.13
0.0,1.0,0.0,0.0,0.0,0.0,17.15
0.0,1.0,0.0,0.0,0.0,0.0,17.17
0.0,1.0,0.0,0.0,0.0,0.0,17.2
0.0,1.0,0.0,0.0,0.0,0.0,17.22
0.0,1.0,0.0,0.0,0.0,0.0,17.24
0.0,1.0,0.0,0.0,0.0,0.0,17.26
0.0,1.0,0.0,0.0,0.0,0.0,17.28
0.0,1.0,0.0,0.0,0.0,0.0,17.3
0.0,1.0,0.0,0.0,0.0,0.0,17.34
0.0,1.0,0.0,0.0,0.0,0.0,17.36
0.0,1.0,0.0,0.0,0.0,0.0,17.38
0.0,1.0,0.0,0.0,0.0,0.0,17.4
0.0,1.0,0.0,0.0,0.0,0.0,17.42
0.0,1.0,0.0,0.0,0.0,0.0,17.44
0.0,1.0,0.0,0.0,0.0,0.0,17.47
0.0,1.0,0.0,0.0,0.0,0.0,17.49
0.0,1.0,0.0,0.0,0.0,0.0,17.51
0.0,1.0,0.0,0.0,0.0,0.0,17.53
0.0,1.0,0.0,0.0,0.0,0.0,17.55
0.0,1.0,0.0,0.0,0.0,0.0,17.57
0.0,1.0,0.0,0.0,0.0,0.0,17.59
0.0,1.0,0.0,0.0,0.0,0.0,17.62
0.0,1.0,0.0,0.0,0.0,0.0,17.64
0.0,1.0,0.0,0.0,0.0,0.0,17.67
0.0,1.0,0.0,0.0,0.0,0.0,17.69
0.0,1.0,0.0,0.0,0.0,0.0,17.71
0.0,1.0,0.0,0.0,0.0,0.0,17.74
0.0,1.0,0.0,0.0,0.0,0.0,17.76
0.0,1.0,0.0,0.0,0.0,0.0,17.78
0.0,1.0,0.0,0.0,0.0,0.0,17.8
0.0,1.0,0.0,0.0,0.0,0.0,17.82
0.0,1.0,0.0,0.0,0.0,0.0,17.84
0.0,1.0,0.0,0.0,0.0,0.0,17.86
0.0,1.0,0.0,0.0,0.0,0.0,17.88
0.0,1.0,0.0,0.0,0.0,0.0,17.9
0.0,1.0,0.0,0.0,0.0,0.0,17.92
0.0,1.0,0.0,0.0,0.0,0.0,17.95
0.0,1.0,0.0,0.0,0.0,0.0,17.97
0.0,1.0,0.0,0.0,0.0,0.0,17.99
0.0,1.0,0.0,0.0,0.0,0.0,18.01
0.0,1.0,0.0,0.0,0.0,0.0,18.03
0.0,1.0,0.0,0.0,0.0,0.0,18.06
0.0,1.0,0.0,0.0,0.0,0.0,18.08
0.0,1.0,0.0,0.0,0.0,0.0,18.1
0.0,1.0,0.0,0.0,0.0,0.0,18.12
0.0,1.0,0.0,0.0,0.0,0.0,18.14
0.0,1.0,0.0,0.0,0.0,0.0,18.16
0.0,1.0,0.0,0.0,0.0,0.0,18.19
0.0,1.0,0.0,0.0,0.0,0.0,18.22
0.0,1.0,0.0,0.0,0.0,0.0,18.24
0.0,1.0,0.0,0.0,0.0,0.0,18.27
0.0,1.0,0.0,0.0,0.0,0.0,18.3
0.0,1.0,0.0,0.0,0.0,0.0,18.32
0.0,1.0,0.0,0.0,0.0,0.0,18.34
0.0,1.0,0.0,0.0,0.0,0.0,18.36
0.0,1.0,0.0,0.0,0.0,0.0,18.38
0.0,1.0,0.0,0.0,0.0,0.0,18.4
0.0,1.0,0.0,0.0,0.0,0.0,18.43
0.0,1.0,0.0,0.0,0.0,0.0,18.45
0.0,1.0,0.0,0.0,0.0,0.0,18.47
0.0,1.0,0.0,0.0,0.0,0.0,18.49
0.0,1.0,0.0,0.0,0.0,0.0,18.51
0.0,1.0,0.0,0.0,0.0,0.0,18.53
0.0,1.0,0.0,0.0,0.0,0.0,18.55
0.0,1.0,0.0,0.0,0.0,0.0,18.57
0.0,1.0,0.0,0.0,0.0,0.0,18.59
0.0,1.0,0.0,0.0,0.0,0.0,18.62
0.0,1.0,0.0,0.0,0.0,0.0,18.64
0.0,1.0,0.0,0.0,0.0,0.0,18.66
0.0,1.0,0.0,0.0,0.0,0.0,18.68
0.0,1.0,0.0,0.0,0.0,0.0,18.7
0.0,1.0,0.0,0.0,0.0,0.0,18.72
0.0,1.0,0.0,0.0,0.0,0.0,18.74
0.0,1.0,0.0,0.0,0.0,0.0,18.76
0.0,1.0,0.0,0.0,0.0,0.0,18.78
0.0,1.0,0.0,0.0,0.0,0.0,18.8
0.0,1.0,0.0,0.0,0.0,0.0,18.83
0.0,1.0,0.0,0.0,0.0,0.0,18.85
0.0,1.0,0.0,0.0,0.0,0.0,18.87
0.0,1.0,0.0,0.0,0.0,0.0,18.89
0.0,1.0,0.0,0.0,0.0,0.0,18.91
0.0,1.0,0.0,0.0,0.0,0.0,18.93
0.0,1.0,0.0,0.0,0.0,0.0,18.95
0.0,1.0,0.0,0.0,0.0,0.0,18.98
0.0,1.0,0.0,0.0,0.0,0.0,19.0
0.0,1.0,0.0,0.0,0.0,0.0,19.02
0.0,1.0,0.0,0.0,0.0,0.0,19.04
0.0,1.0,0.0,0.0,0.0,0.0,19.06
0.0,1.0,0.0,0.0,0.0,0.0,19.08
0.0,1.0,0.0,0.0,0.0,0.0,19.1
0.0,1.0,0.0,0.0,0.0,0.0,19.12
0.0,1.0,0.0,0.0,0.0,0.0,19.14
0.0,1.0,0.0,0.0,0.0,0.0,19.16
0.0,1.0,0.0,0.0,0.0,0.0,19.19
0.0,1.0,0.0,0.0,0.0,0.0,19.21
0.0,1.0,0.0,0.0,0.0,0.0,19.23
0.0,1.0,0.0,0.0,0.0,0.0,19.25
0.0,1.0,0.0,0.0,0.0,0.0,19.27
0.0,1.0,0.0,0.0,0.0,0.0,19.29
0.0,1.0,0.0,0.0,0.0,0.0,19.31
0.0,1.0,0.0,0.0,0.0,0.0,19.33
0.0,1.0,0.0,0.0,0.0,0.0,19.35
0.0,1.0,0.0,0.0,0.0,0.0,19.37
0.0,1.0,0.0,0.0,0.0,0.0,19.39
0.0,1.0,0.0,0.0,0.0,0.0,19.41
0.0,1.0,0.0,0.0,0.0,0.0,19.44
0.0,1.0,0.0,0.0,0.0,0.0,19.46
0.0,1.0,0.0,0.0,0.0,0.0,19.48
0.0,1.0,0.0,0.0,0.0,0.0,19.5
0.0,1.0,0.0,0.0,0.0,0.0,19.52
0.0,1.0,0.0,0.0,0.0,0.0,19.54
0.0,1.0,0.0,0.0,0.0,0.0,19.56
0.0,1.0,0.0,0.0,0.0,0.0,19.58
0.0,1.0,0.0,0.0,0.0,0.0,19.61
0.0,1.0,0.0,0.0,0.0,0.0,19.63
0.0,1.0,0.0,0.0,0.0,0.0,19.65
0.0,1.0,0.0,0.0,0.0,0.0,19.67
0.0,1.0,0.0,0.0,0.0,0.0,19.69
0.0,1.0,0.0,0.0,0.0,0.0,19.72
0.0,1.0,0.0,0.0,0.0,0.0,19.74
0.0,1.0,0.0,0.0,0.0,0.0,19.76
0.0,1.0,0.0,0.0,0.0,0.0,19.79
0.0,1.0,0.0,0.0,0.0,0.0,19.81
0.0,1.0,0.0,0.0,0.0,0.0,19.83
0.0,1.0,0.0,0.0,0.0,0.0,19.85
0.0,1.0,0.0,0.0,0.0,0.0,19.88
0.0,1.0,0.0,0.0,0.0,0.0,19.9
0.0,1.0,0.0,0.0,0.0,0.0,19.92
0.0,1.0,0.0,0.0,0.0,0.0,19.94
0.0,1.0,0.0,0.0,0.0,0.0,19.96
0.0,1.0,0.0,0.0,0.0,0.0,19.98
0.0,1.0,0.0,0.0,0.0,0.0,20.0
0.0,1.0,0.0,0.0,0.0,0.0,20.04
0.0,1.0,0.0,0.0,0.0,0.0,20.06
0.0,1.0,0.0,0.0,0.0,0.0,20.08
0.0,1.0,0.0,0.0,0.0,0.0,20.1
0.0,1.0,0.0,0.0,0.0,0.0,20.12
0.0,1.0,0.0,0.0,0.0,0.0,20.14
0.0,1.0,0.0,0.0,0.0,0.0,20.17
0.0,1.0,0.0,0.0,0.0,0.0,20.19
0.0,1.0,0.0,0.0,0.0,0.0,20.22
0.0,1.0,0.0,0.0,0.0,0.0,20.24
0.0,1.0,0.0,0.0,0.0,0.0,20.26
0.0,1.0,0.0,0.0,0.0,0.0,20.28
0.0,1.0,0.0,0.0,0.0,0.0,20.3
0.0,1.0,0.0,0.0,0.0,0.0,20.32
0.0,1.0,0.0,0.0,0.0,0.0,20.34
0.0,1.0,0.0,0.0,0.0,0.0,20.36
0.0,1.0,0.0,0.0,0.0,0.0,20.38
0.0,1.0,0.0,0.0,0.0,0.0,20.4
0.0,1.0,0.0,0.0,0.0,0.0,20.42
0.0,1.0,0.0,0.0,0.0,0.0,20.45
0.0,1.0,0.0,0.0,0.0,0.0,20.47
0.0,1.0,0.0,0.0,0.0,0.0,20.49
0.0,1.0,0.0,0.0,0.0,0.0,20.51
0.0,1.0,0.0,0.0,0.0,0.0,20.53
0.0,1.0,0.0,0.0,0.0,0.0,20.55
0.0,1.0,0.0,0.0,0.0,0.0,20.57
0.0,1.0,0.0,0.0,0.0,0.0,20.59
0.0,1.0,0.0,0.0,0.0,0.0,20.62
0.0,1.0,0.0,0.0,0.0,0.0,20.64
0.0,1.0,0.0,0.0,0.0,0.0,20.66
0.0,1.0,0.0,0.0,0.0,0.0,20.68
0.0,1.0,0.0,0.0,0.0,0.0,20.7
0.0,1.0,0.0,0.0,0.0,0.0,20.73
0.0,1.0,0.0,0.0,0.0,0.0,20.75
0.0,1.0,0.0,0.0,0.0,0.0,20.77
0.0,1.0,0.0,0.0,0.0,0.0,20.79
0.0,1.0,0.0,0.0,0.0,0.0,20.82
0.0,1.0,0.0,0.0,0.0,0.0,20.84
0.0,1.0,0.0,0.0,0.0,0.0,20.86
0.0,1.0,0.0,0.0,0.0,0.0,20.88
0.0,1.0,0.0,0.0,0.0,0.0,20.91
0.0,1.0,0.0,0.0,0.0,0.0,20.93
0.0,1.0,0.0,0.0,0.0,0.0,20.95
0.0,1.0,0.0,0.0,0.0,0.0,20.97
0.0,1.0,0.0,0.0,0.0,0.0,20.99
0.0,1.0,0.0,0.0,0.0,0.0,21.01
0.0,1.0,0.0,0.0,0.0,0.0,21.04
0.0,1.0,0.0,0.0,0.0,0.0,21.06
0.0,1.0,0.0,0.0,0.0,0.0,21.08
0.0,1.0,0.0,0.0,0.0,0.0,21.1
0.0,1.0,0.0,0.0,0.0,0.0,21.12
0.0,1.0,0.0,0.0,0.0,0.0,21.15
0.0,1.0,0.0,0.0,0.0,0.0,21.17
0.0,1.0,0.0,0.0,0.0,0.0,21.19
0.0,1.0,0.0,0.0,0.0,0.0,21.21
0.0,1.0,0.0,0.0,0.0,0.0,21.23
0.0,1.0,0.0,0.0,0.0,0.0,21.25
0.0,1.0,0.0,0.0,0.0,0.0,21.27
0.0,1.0,0.0,0.0,0.0,0.0,21.3
0.0,1.0,0.0,0.0,0.0,0.0,21.32
0.0,1.0,0.0,0.0,0.0,0.0,21.35
0.0,1.0,0.0,0.0,0.0,0.0,21.37
0.0,1.0,0.0,0.0,0.0,0.0,21.39
0.0,1.0,0.0,0.0,0.0,0.0,21.41
0.0,1.0,0.0,0.0,0.0,0.0,21.44
0.0,1.0,0.0,0.0,0.0,0.0,21.46
0.0,1.0,0.0,0.0,0.0,0.0,21.48
0.0,1.0,0.0,0.0,0.0,0.0,21.5
0.0,1.0,0.0,0.0,0.0,0.0,21.52
0.0,1.0,0.0,0.0,0.0,0.0,21.55
0.0,1.0,0.0,0.0,0.0,0.0,21.57
0.0,1.0,0.0,0.0,0.0,0.0,21.59
0.0,1.0,0.0,0.0,0.0,0.0,21.61
