0.0,0.0,0.0,0.0,0.0,0.0,0.0,0.15
0.0,0.0,0.0,0.0,0.0,0.0,0.0,0.27
0.0,0.0,0.0,0.0,0.0,0.0,0.0,0.38
0.0,0.0,0.0,0.0,0.0,0.0,0.0,0.5
0.0,0.0,0.0,0.0,0.0,0.0,0.0,0.62
0.0,1.0,0.0,0.0,0.0,0.0,0.0,0.73
0.0,1.0,0.0,0.0,0.0,0.0,0.0,0.84
0.0,1.0,0.0,0.0,0.0,0.0,0.0,0.96
0.0,1.0,0.0,0.0,0.0,0.0,0.0,1.07
0.0,1.0,0.0,0.0,0.0,0.0,0.0,1.19
0.0,1.0,0.0,0.0,0.0,0.0,0.0,1.3
0.0,1.0,0.0,0.0,0.0,0.0,0.0,1.42
0.0,1.0,0.0,0.0,0.0,0.0,0.0,1.55
0.0,1.0,0.0,0.0,0.0,0.0,0.0,1.67
0.0,1.0,0.0,0.0,0.0,0.0,0.0,1.78
0.0,1.0,0.0,0.0,0.0,0.0,0.0,1.9
0.0,1.0,0.0,0.0,0.0,0.0,0.0,2.03
0.0,1.0,0.0,0.0,0.0,0.0,0.0,2.15
0.0,1.0,0.0,0.0,0.0,0.0,0.0,2.26
0.0,1.0,0.0,0.0,0.0,0.0,0.0,2.39
0.0,1.0,0.0,0.0,0.0,0.0,0.0,2.51
0.0,1.0,0.0,0.0,0.0,0.0,0.0,2.63
0.0,1.0,0.0,0.0,0.0,0.0,0.0,2.74
0.0,1.0,0.0,0.0,0.0,0.0,0.0,2.86
0.0,1.0,0.0,0.0,0.0,0.0,0.0,2.98
0.0,1.0,0.0,0.0,0.0,0.0,0.0,3.1
0.0,1.0,0.0,0.0,0.0,0.0,0.0,3.21
0.0,1.0,0.0,0.0,0.0,0.0,0.0,3.33
0.0,1.0,0.0,0.0,0.0,0.0,0.0,3.45
0.0,1.0,0.0,0.0,0.0,0.0,0.0,3.57
0.0,1.0,0.0,0.0,0.0,0.0,0.0,3.69
0.0,1.0,0.0,0.0,0.0,0.0,0.0,3.81
0.0,1.0,0.0,0.0,0.0,0.0,0.0,3.93
0.0,1.0,0.0,0.0,0.0,0.0,0.0,4.08
0.0,1.0,0.0,0.0,0.0,0.0,0.0,4.2
0.0,1.0,0.0,0.0,0.0,0.0,0.0,4.32
0.0,1.0,0.0,0.0,0.0,0.0,0.0,4.43
0.0,1.0,0.0,0.0,0.0,0.0,0.0,4.54
0.0,1.0,0.0,0.0,0.0,0.0,0.0,4.66
0.0,1.0,0.0,0.0,0.0,0.0,0.0,4.78
0.0,1.0,0.0,0.0,0.0,0.0,0.0,4.9
0.0,1.0,0.0,0.0,0.0,0.0,0.0,5.01
0.0,1.0,0.0,0.0,0.0,0.0,0.0,5.13
0.0,1.0,0.0,0.0,0.0,0.0,0.0,5.25
0.0,1.0,0.0,0.0,0.0,0.0,0.0,5.37
0.0,1.0,0.0,0.0,0.0,0.0,0.0,5.49
0.0,1.0,0.0,0.0,0.0,0.0,0.0,5.6
0.0,1.0,0.0,0.0,0.0,0.0,0.0,5.72
0.0,1.0,0.0,0.0,0.0,0.0,0.0,5.83
0.0,1.0,0.0,0.0,0.0,0.0,0.0,5.96
0.0,1.0,0.0,0.0,0.0,0.0,0.0,6.07
0.0,1.0,0.0,0.0,0.0,0.0,0.0,6.21
0.0,1.0,0.0,0.0,0.0,0.0,0.0,6.32
0.0,1.0,0.0,0.0,0.0,0.0,0.0,6.44
0.0,1.0,0.0,0.0,0.0,0.0,0.0,6.57
0.0,1.0,0.0,0.0,0.0,0.0,0.0,6.68
0.0,1.0,0.0,0.0,0.0,0.0,0.0,6.79
0.0,1.0,0.0,0.0,0.0,0.0,0.0,6.92
0.0,1.0,0.0,0.0,0.0,0.0,0.0,7.03
0.0,1.0,0.0,0.0,0.0,0.0,0.0,7.15
0.0,1.0,0.0,0.0,0.0,0.0,0.0,7.26
0.0,1.0,0.0,0.0,0.0,0.0,0.0,7.38
0.0,1.0,0.0,0.0,0.0,0.0,0.0,7.5
0.0,1.0,0.0,0.0,0.0,0.0,0.0,7.62
0.0,1.0,0.0,0.0,0.0,0.0,0.0,7.73
0.0,1.0,0.0,0.0,0.0,0.0,0.0,7.86
0.0,1.0,0.0,0.0,0.0,0.0,0.0,7.99
0.0,1.0,0.0,0.0,0.0,0.0,0.0,8.1
0.0,1.0,0.0,0.0,0.0,0.0,0.0,8.21
0.0,1.0,0.0,0.0,0.0,0.0,0.0,8.33
0.0,1.0,0.0,0.0,0.0,0.0,0.0,8.45
0.0,1.0,0.0,0.0,0.0,0.0,0.0,8.57
0.0,1.0,0.0,0.0,0.0,0.0,0.0,8.69
0.0,1.0,0.0,0.0,0.0,0.0,0.0,8.81
0.0,1.0,0.0,0.0,0.0,0.0,0.0,8.93
0.0,1.0,0.0,0.0,0.0,0.0,0.0,9.06
0.0,1.0,0.0,0.0,0.0,0.0,0.0,9.17
0.0,1.0,0.0,0.0,0.0,0.0,0.0,9.29
0.0,1.0,0.0,0.0,0.0,0.0,0.0,9.4
0.0,1.0,0.0,0.0,0.0,0.0,0.0,9.52
0.0,1.0,0.0,0.0,0.0,0.0,0.0,9.64
0.0,1.0,0.0,0.0,0.0,0.0,0.0,9.78
0.0,1.0,0.0,0.0,0.0,0.0,0.0,9.89
0.0,1.0,0.0,0.0,0.0,0.0,0.0,10.01
0.0,1.0,0.0,0.0,0.0,0.0,0.0,10.12
0.0,1.0,0.0,0.0,0.0,0.0,0.0,10.23
0.0,1.0,0.0,0.0,0.0,0.0,0.0,10.35
0.0,1.0,0.0,0.0,0.0,0.0,0.0,10.46
0.0,1.0,0.0,0.0,0.0,0.0,0.0,10.58
0.0,1.0,0.0,0.0,0.0,0.0,0.0,10.71
0.0,1.0,0.0,0.0,0.0,0.0,0.0,10.82
0.0,1.0,0.0,0.0,0.0,0.0,0.0,10.94
0.0,1.0,0.0,0.0,0.0,0.0,0.0,11.07
0.0,1.0,0.0,0.0,0.0,0.0,0.0,11.19
0.0,1.0,0.0,0.0,0.0,0.0,0.0,11.31
0.0,1.0,0.0,0.0,0.0,0.0,0.0,11.42
0.0,1.0,0.0,0.0,0.0,0.0,0.0,11.56
0.0,1.0,0.0,0.0,0.0,0.0,0.0,11.68
0.0,1.0,0.0,0.0,0.0,0.0,0.0,11.82
0.0,1.0,0.0,0.0,0.0,0.0,0.0,11.94
0.0,1.0,0.0,0.0,0.0,0.0,0.0,12.05
0.0,1.0,0.0,0.0,0.0,0.0,0.0,12.17
0.0,1.0,0.0,0.0,0.0,0.0,0.0,12.29
0.0,1.0,0.0,0.0,0.0,0.0,0.0,12.41
0.0,1.0,0.0,0.0,0.0,0.0,0.0,12.52
0.0,1.0,0.0,0.0,0.0,0.0,0.0,12.64
0.0,1.0,0.0,0.0,0.0,0.0,0.0,12.75
0.0,1.0,0.0,0.0,0.0,0.0,0.0,12.87
0.0,1.0,0.0,0.0,0.0,0.0,0.0,12.99
0.0,1.0,0.0,0.0,0.0,0.0,0.0,13.1
0.0,1.0,0.0,0.0,0.0,0.0,0.0,13.24
0.0,1.0,0.0,0.0,0.0,0.0,0.0,13.36
0.0,1.0,0.0,0.0,0.0,0.0,0.0,13.47
0.0,1.0,0.0,0.0,0.0,0.0,0.0,13.59
0.0,1.0,0.0,0.0,0.0,0.0,0.0,13.71
0.0,1.0,0.0,0.0,0.0,0.0,0.0,13.86
0.0,1.0,0.0,0.0,0.0,0.0,0.0,13.97
0.0,1.0,0.0,0.0,0.0,0.0,0.0,14.09
0.0,1.0,0.0,0.0,0.0,0.0,0.0,14.2
0.0,1.0,0.0,0.0,0.0,0.0,0.0,14.32
0.0,1.0,0.0,0.0,0.0,0.0,0.0,14.43
0.0,1.0,0.0,0.0,0.0,0.0,0.0,14.55
0.0,1.0,0.0,0.0,0.0,0.0,0.0,14.67
0.0,1.0,0.0,0.0,0.0,0.0,0.0,14.8
0.0,1.0,0.0,0.0,0.0,0.0,0.0,14.91
0.0,1.0,0.0,0.0,0.0,0.0,0.0,15.02
0.0,1.0,0.0,0.0,0.0,0.0,0.0,15.17
0.0,1.0,0.0,0.0,0.0,0.0,0.0,15.29
0.0,1.0,0.0,0.0,0.0,0.0,0.0,15.42
0.0,1.0,0.0,0.0,0.0,0.0,0.0,15.53
0.0,1.0,0.0,0.0,0.0,0.0,0.0,15.65
0.0,1.0,0.0,0.0,0.0,0.0,0.0,15.79
0.0,1.0,0.0,0.0,0.0,0.0,0.0,15.9
0.0,1.0,0.0,0.0,0.0,0.0,0.0,16.02
0.0,1.0,0.0,0.0,0.0,0.0,0.0,16.13
0.0,1.0,0.0,0.0,0.0,0.0,0.0,16.24
0.0,1.0,0.0,0.0,0.0,0.0,0.0,16.37
0.0,1.0,0.0,0.0,0.0,0.0,0.0,16.48
0.0,1.0,0.0,0.0,0.0,0.0,0.0,16.6
0.0,1.0,0.0,0.0,0.0,0.0,0.0,16.71
0.0,1.0,0.0,0.0,0.0,0.0,0.0,16.83
0.0,1.0,0.0,0.0,0.0,0.0,0.0,16.95
0.0,1.0,0.0,0.0,0.0,0.0,0.0,17.08
0.0,1.0,0.0,0.0,0.0,0.0,0.0,17.2
0.0,1.0,0.0,0.0,0.0,0.0,0.0,17.31
0.0,1.0,0.0,0.0,0.0,0.0,0.0,17.42
0.0,1.0,0.0,0.0,0.0,0.0,0.0,17.54
0.0,1.0,0.0,0.0,0.0,0.0,0.0,17.66
0.0,1.0,0.0,0.0,0.0,0.0,0.0,17.78
0.0,1.0,0.0,0.0,0.0,0.0,0.0,17.91
0.0,1.0,0.0,0.0,0.0,0.0,0.0,18.03
0.0,1.0,0.0,0.0,0.0,0.0,0.0,18.14
0.0,1.0,0.0,0.0,0.0,0.0,0.0,18.26
0.0,1.0,0.0,0.0,0.0,0.0,0.0,18.37
0.0,1.0,0.0,0.0,0.0,0.0,0.0,18.48
0.0,1.0,0.0,0.0,0.0,0.0,0.0,18.6
0.0,1.0,0.0,0.0,0.0,0.0,0.0,18.71
0.0,1.0,0.0,0.0,0.0,0.0,0.0,18.82
0.0,1.0,0.0,0.0,0.0,0.0,0.0,18.98
0.0,1.0,0.0,0.0,0.0,0.0,0.0,19.1
0.0,1.0,0.0,0.0,0.0,0.0,0.0,19.22
0.0,1.0,0.0,0.0,0.0,0.0,0.0,19.35
0.0,1.0,0.0,0.0,0.0,0.0,0.0,19.46
0.0,1.0,0.0,0.0,0.0,0.0,0.0,19.58
0.0,1.0,0.0,0.0,0.0,0.0,0.0,19.69
0.0,1.0,0.0,0.0,0.0,0.0,0.0,19.81
0.0,1.0,0.0,0.0,0.0,0.0,0.0,19.94
0.0,1.0,0.0,0.0,0.0,0.0,0.0,20.07
0.0,1.0,0.0,0.0,0.0,0.0,0.0,20.18
0.0,1.0,0.0,0.0,0.0,0.0,0.0,20.3
0.0,1.0,0.0,0.0,0.0,0.0,0.0,20.43
0.0,1.0,0.0,0.0,0.0,0.0,0.0,20.55
0.0,1.0,0.0,0.0,0.0,0.0,0.0,20.68
0.0,1.0,0.0,0.0,0.0,0.0,0.0,20.8
0.0,1.0,0.0,0.0,0.0,1.0,0.0,20.91
0.0,1.0,0.0,0.0,0.0,1.0,0.0,21.05
0.0,1.0,0.0,0.0,0.0,1.0,0.0,21.16
0.0,1.0,0.0,0.0,0.0,1.0,0.0,21.37
0.0,1.0,0.0,0.0,0.0,1.0,0.0,21.49
0.0,1.0,0.0,0.0,0.0,1.0,0.0,21.6
0.0,1.0,0.0,0.0,0.0,1.0,0.0,21.72
0.0,1.0,0.0,0.0,0.0,1.0,0.0,21.83
0.0,1.0,0.0,0.0,0.0,1.0,0.0,21.94
0.0,1.0,0.0,0.0,0.0,0.0,0.0,22.06
0.0,1.0,0.0,0.0,0.0,0.0,0.0,22.17
0.0,1.0,0.0,0.0,0.0,0.0,0.0,22.28
0.0,1.0,0.0,0.0,0.0,0.0,0.0,22.41
0.0,1.0,0.0,0.0,0.0,0.0,0.0,22.52
0.0,1.0,0.0,0.0,0.0,0.0,0.0,22.65
0.0,1.0,0.0,0.0,0.0,0.0,0.0,22.77
0.0,1.0,0.0,0.0,0.0,0.0,0.0,22.89
0.0,1.0,0.0,0.0,0.0,0.0,0.0,23.0
0.0,1.0,0.0,0.0,0.0,0.0,0.0,23.12
0.0,1.0,0.0,0.0,0.0,0.0,0.0,23.23
0.0,1.0,0.0,0.0,0.0,0.0,0.0,23.36
0.0,1.0,0.0,0.0,0.0,0.0,0.0,23.47
0.0,1.0,0.0,0.0,0.0,0.0,0.0,23.59
0.0,1.0,0.0,0.0,0.0,0.0,0.0,23.7
0.0,1.0,0.0,0.0,0.0,0.0,0.0,23.82
0.0,1.0,0.0,0.0,0.0,0.0,0.0,23.94
0.0,1.0,0.0,0.0,0.0,0.0,0.0,24.06
0.0,1.0,0.0,0.0,0.0,0.0,0.0,24.19
0.0,1.0,0.0,0.0,0.0,0.0,0.0,24.3
0.0,1.0,0.0,0.0,0.0,0.0,0.0,24.41
0.0,1.0,0.0,0.0,0.0,0.0,0.0,24.54
0.0,1.0,0.0,0.0,0.0,0.0,0.0,24.66
0.0,1.0,0.0,0.0,0.0,0.0,0.0,24.77
0.0,1.0,0.0,0.0,0.0,0.0,0.0,24.9
0.0,1.0,0.0,0.0,0.0,0.0,0.0,25.01
0.0,1.0,0.0,0.0,0.0,0.0,0.0,25.13
0.0,1.0,0.0,0.0,0.0,0.0,0.0,25.25
0.0,1.0,0.0,0.0,0.0,0.0,0.0,25.38
0.0,1.0,0.0,0.0,0.0,0.0,0.0,25.5
0.0,1.0,0.0,0.0,0.0,0.0,0.0,25.61
0.0,1.0,0.0,0.0,0.0,0.0,0.0,25.73
0.0,1.0,0.0,0.0,0.0,0.0,0.0,25.85
0.0,1.0,0.0,0.0,0.0,0.0,0.0,25.96
0.0,1.0,0.0,0.0,0.0,0.0,0.0,26.08
0.0,1.0,0.0,0.0,0.0,0.0,0.0,26.21
0.0,1.0,0.0,0.0,0.0,0.0,0.0,26.36
0.0,1.0,0.0,0.0,0.0,0.0,0.0,26.47
0.0,1.0,0.0,0.0,0.0,0.0,0.0,26.59
0.0,1.0,0.0,0.0,0.0,0.0,0.0,26.71
0.0,1.0,0.0,0.0,0.0,0.0,0.0,26.84
0.0,1.0,0.0,0.0,0.0,0.0,0.0,26.96
0.0,1.0,0.0,0.0,0.0,0.0,0.0,27.07
0.0,1.0,0.0,0.0,0.0,0.0,0.0,27.18
0.0,1.0,0.0,0.0,0.0,0.0,0.0,27.3
0.0,1.0,0.0,0.0,0.0,0.0,0.0,27.41
0.0,1.0,0.0,0.0,0.0,0.0,0.0,27.53
0.0,1.0,0.0,0.0,0.0,0.0,0.0,27.66
0.0,1.0,0.0,0.0,0.0,0.0,0.0,27.77
0.0,1.0,0.0,0.0,0.0,0.0,0.0,27.9
0.0,1.0,0.0,0.0,0.0,0.0,0.0,28.02
0.0,1.0,0.0,0.0,0.0,0.0,0.0,28.13
0.0,1.0,0.0,0.0,0.0,0.0,0.0,28.25
0.0,1.0,0.0,0.0,0.0,0.0,0.0,28.38
0.0,1.0,0.0,0.0,0.0,0.0,0.0,28.5
0.0,1.0,0.0,0.0,0.0,0.0,0.0,28.61
0.0,1.0,0.0,0.0,0.0,0.0,0.0,28.73
0.0,1.0,0.0,0.0,0.0,0.0,0.0,28.85
0.0,1.0,0.0,0.0,0.0,0.0,0.0,28.97
0.0,1.0,0.0,0.0,0.0,0.0,0.0,29.09
0.0,1.0,0.0,0.0,0.0,0.0,0.0,29.2
0.0,1.0,0.0,0.0,0.0,0.0,0.0,29.34
0.0,1.0,0.0,0.0,0.0,0.0,0.0,29.46
0.0,1.0,0.0,0.0,0.0,0.0,0.0,29.58
0.0,1.0,0.0,0.0,0.0,0.0,0.0,29.7
0.0,1.0,0.0,0.0,0.0,0.0,0.0,29.82
0.0,1.0,0.0,0.0,0.0,0.0,0.0,29.94
0.0,1.0,0.0,0.0,0.0,0.0,0.0,30.05
0.0,1.0,0.0,0.0,0.0,0.0,0.0,30.17
0.0,1.0,0.0,0.0,0.0,0.0,0.0,30.29
0.0,1.0,0.0,0.0,0.0,0.0,0.0,30.41
0.0,1.0,0.0,0.0,0.0,0.0,0.0,30.52
0.0,1.0,0.0,0.0,0.0,0.0,0.0,30.63
0.0,1.0,0.0,0.0,0.0,0.0,0.0,30.74
0.0,1.0,0.0,0.0,0.0,0.0,0.0,30.87
0.0,1.0,0.0,0.0,0.0,0.0,0.0,31.0
0.0,1.0,0.0,0.0,0.0,0.0,0.0,31.11
0.0,1.0,0.0,0.0,0.0,0.0,0.0,31.25
0.0,1.0,0.0,0.0,0.0,0.0,0.0,31.36
0.0,1.0,0.0,0.0,0.0,0.0,0.0,31.48
0.0,1.0,0.0,0.0,0.0,0.0,0.0,31.61
0.0,1.0,0.0,0.0,0.0,0.0,0.0,31.72
0.0,1.0,0.0,0.0,0.0,0.0,0.0,31.85
0.0,1.0,0.0,0.0,0.0,0.0,0.0,31.97
0.0,1.0,0.0,0.0,0.0,0.0,0.0,32.08
0.0,1.0,0.0,0.0,0.0,0.0,0.0,32.2
0.0,1.0,0.0,0.0,0.0,0.0,0.0,32.31
0.0,1.0,0.0,0.0,0.0,0.0,0.0,32.43
0.0,1.0,0.0,0.0,0.0,0.0,0.0,32.54
0.0,1.0,0.0,0.0,0.0,0.0,0.0,32.66
0.0,1.0,0.0,0.0,0.0,0.0,0.0,32.79
0.0,1.0,0.0,0.0,0.0,0.0,0.0,32.9
0.0,1.0,0.0,0.0,0.0,0.0,0.0,33.02
0.0,1.0,0.0,0.0,0.0,0.0,0.0,33.13
0.0,1.0,0.0,0.0,0.0,0.0,0.0,33.25
0.0,1.0,0.0,0.0,0.0,0.0,0.0,33.38
0.0,1.0,0.0,0.0,0.0,0.0,0.0,33.5
0.0,1.0,0.0,0.0,0.0,0.0,0.0,33.62
0.0,1.0,0.0,0.0,0.0,0.0,0.0,33.74
0.0,1.0,0.0,0.0,0.0,0.0,0.0,33.87
0.0,1.0,0.0,0.0,0.0,0.0,0.0,33.98
0.0,1.0,0.0,0.0,0.0,0.0,0.0,34.1
0.0,1.0,0.0,0.0,0.0,0.0,0.0,34.21
0.0,1.0,0.0,0.0,0.0,0.0,0.0,34.36
0.0,1.0,0.0,0.0,0.0,0.0,0.0,34.47
0.0,1.0,0.0,0.0,0.0,0.0,0.0,34.58
0.0,1.0,0.0,0.0,0.0,0.0,0.0,34.71
0.0,1.0,0.0,0.0,0.0,0.0,0.0,34.83
0.0,1.0,0.0,0.0,0.0,0.0,0.0,34.95
0.0,1.0,0.0,0.0,0.0,0.0,0.0,35.06
0.0,1.0,0.0,0.0,0.0,0.0,0.0,35.18
0.0,1.0,0.0,0.0,0.0,0.0,0.0,35.3
0.0,1.0,0.0,0.0,0.0,0.0,0.0,35.42
0.0,1.0,0.0,0.0,0.0,0.0,0.0,35.54
0.0,1.0,0.0,0.0,0.0,0.0,0.0,35.65
0.0,1.0,0.0,0.0,0.0,0.0,0.0,35.77
0.0,1.0,0.0,0.0,0.0,0.0,0.0,35.9
0.0,1.0,0.0,0.0,0.0,0.0,0.0,36.03
0.0,1.0,0.0,0.0,0.0,0.0,0.0,36.15
0.0,1.0,0.0,0.0,0.0,0.0,0.0,36.26
0.0,1.0,0.0,0.0,0.0,0.0,0.0,36.38
0.0,1.0,0.0,0.0,0.0,0.0,0.0,36.49
0.0,1.0,0.0,0.0,0.0,0.0,0.0,36.62
0.0,1.0,0.0,0.0,0.0,0.0,0.0,36.73
0.0,1.0,0.0,0.0,0.0,0.0,0.0,36.85
0.0,1.0,0.0,0.0,0.0,0.0,0.0,36.99
0.0,1.0,0.0,0.0,0.0,0.0,0.0,37.1
0.0,1.0,0.0,0.0,0.0,0.0,0.0,37.22
0.0,1.0,0.0,0.0,0.0,0.0,0.0,37.36
0.0,1.0,0.0,0.0,0.0,0.0,0.0,37.47
0.0,1.0,0.0,0.0,0.0,0.0,0.0,37.58
0.0,1.0,0.0,0.0,0.0,0.0,0.0,37.69
0.0,1.0,0.0,0.0,0.0,0.0,0.0,37.81
0.0,1.0,0.0,0.0,0.0,0.0,0.0,37.94
0.0,1.0,0.0,0.0,0.0,0.0,0.0,38.06
0.0,1.0,0.0,0.0,0.0,0.0,0.0,38.19
0.0,1.0,0.0,0.0,0.0,0.0,0.0,38.3
0.0,1.0,0.0,0.0,0.0,0.0,0.0,38.42
0.0,1.0,0.0,0.0,0.0,0.0,0.0,38.53
0.0,1.0,0.0,0.0,0.0,0.0,0.0,38.66
0.0,1.0,0.0,0.0,0.0,0.0,0.0,38.8
0.0,1.0,0.0,0.0,0.0,0.0,0.0,38.93
0.0,1.0,0.0,0.0,0.0,0.0,0.0,39.05
0.0,1.0,0.0,0.0,0.0,0.0,0.0,39.17
0.0,1.0,0.0,0.0,0.0,0.0,0.0,39.28
0.0,1.0,0.0,0.0,0.0,0.0,0.0,39.41
0.0,1.0,0.0,0.0,0.0,0.0,0.0,39.53
0.0,1.0,0.0,0.0,0.0,0.0,0.0,39.64
0.0,1.0,0.0,0.0,0.0,0.0,0.0,39.77
0.0,1.0,0.0,0.0,0.0,0.0,0.0,39.88
0.0,1.0,0.0,0.0,0.0,0.0,0.0,40.0
0.0,1.0,0.0,0.0,0.0,0.0,0.0,40.11
0.0,1.0,0.0,0.0,0.0,0.0,0.0,40.23
0.0,1.0,0.0,0.0,0.0,0.0,0.0,40.34
0.0,1.0,0.0,0.0,0.0,0.0,0.0,40.45
0.0,1.0,0.0,0.0,0.0,0.0,0.0,40.57
0.0,1.0,0.0,0.0,0.0,0.0,0.0,40.68
0.0,1.0,0.0,0.0,0.0,0.0,0.0,40.79
0.0,1.0,0.0,0.0,0.0,0.0,0.0,40.91
0.0,1.0,0.0,0.0,0.0,0.0,0.0,41.02
0.0,1.0,0.0,0.0,0.0,0.0,0.0,41.14
0.0,1.0,0.0,0.0,0.0,0.0,0.0,41.26
0.0,1.0,0.0,0.0,0.0,0.0,0.0,41.38
0.0,1.0,0.0,0.0,0.0,0.0,0.0,41.5
0.0,1.0,0.0,0.0,0.0,0.0,0.0,41.62
0.0,1.0,0.0,0.0,0.0,0.0,0.0,41.73
0.0,1.0,0.0,0.0,0.0,0.0,0.0,41.86
0.0,1.0,0.0,0.0,0.0,0.0,0.0,41.97
0.0,1.0,0.0,0.0,0.0,0.0,0.0,42.12
0.0,1.0,0.0,0.0,0.0,0.0,0.0,42.23
0.0,1.0,0.0,0.0,0.0,0.0,0.0,42.34
0.0,1.0,0.0,0.0,0.0,0.0,0.0,42.45
0.0,1.0,0.0,0.0,0.0,0.0,0.0,42.56
0.0,1.0,0.0,0.0,0.0,0.0,0.0,42.68
0.0,1.0,0.0,0.0,0.0,0.0,0.0,42.79
0.0,1.0,0.0,0.0,0.0,0.0,0.0,42.9
0.0,1.0,0.0,0.0,0.0,0.0,0.0,43.02
0.0,1.0,0.0,0.0,0.0,0.0,0.0,43.13
0.0,1.0,0.0,0.0,0.0,0.0,0.0,43.25
0.0,1.0,0.0,0.0,0.0,0.0,0.0,43.38
0.0,1.0,0.0,0.0,0.0,0.0,0.0,43.5
0.0,1.0,0.0,0.0,0.0,0.0,0.0,43.61
0.0,1.0,0.0,0.0,0.0,0.0,0.0,43.73
0.0,1.0,0.0,0.0,0.0,0.0,0.0,43.85
0.0,1.0,0.0,0.0,0.0,0.0,0.0,43.97
0.0,1.0,0.0,0.0,0.0,0.0,0.0,44.07
0.0,1.0,0.0,0.0,0.0,0.0,0.0,44.19
0.0,1.0,0.0,0.0,0.0,0.0,0.0,44.3
0.0,1.0,0.0,0.0,0.0,0.0,0.0,44.42
0.0,1.0,0.0,0.0,0.0,0.0,0.0,44.55
0.0,1.0,0.0,0.0,0.0,0.0,0.0,44.66
0.0,1.0,0.0,0.0,0.0,0.0,0.0,44.78
0.0,1.0,0.0,0.0,0.0,0.0,0.0,44.9
0.0,1.0,0.0,0.0,0.0,0.0,0.0,45.01
0.0,1.0,0.0,0.0,0.0,0.0,0.0,45.12
0.0,1.0,0.0,0.0,0.0,0.0,0.0,45.25
0.0,1.0,0.0,0.0,0.0,0.0,0.0,45.37
0.0,1.0,0.0,0.0,0.0,0.0,0.0,45.48
0.0,1.0,0.0,0.0,0.0,0.0,0.0,45.59
0.0,1.0,0.0,0.0,0.0,0.0,0.0,45.74
0.0,1.0,0.0,0.0,0.0,0.0,0.0,45.86
0.0,1.0,0.0,0.0,0.0,0.0,0.0,45.97
0.0,1.0,0.0,0.0,0.0,0.0,0.0,46.08
0.0,1.0,0.0,0.0,0.0,0.0,0.0,46.2
0.0,1.0,0.0,0.0,0.0,0.0,0.0,46.31
0.0,1.0,0.0,0.0,0.0,0.0,0.0,46.42
0.0,1.0,0.0,0.0,0.0,0.0,0.0,46.54
0.0,1.0,0.0,0.0,0.0,0.0,0.0,46.65
0.0,1.0,0.0,0.0,0.0,0.0,0.0,46.77
0.0,1.0,0.0,0.0,0.0,0.0,0.0,46.89
0.0,1.0,0.0,0.0,0.0,0.0,0.0,47.01
0.0,1.0,0.0,0.0,0.0,0.0,0.0,47.14
0.0,1.0,0.0,0.0,0.0,0.0,0.0,47.27
0.0,1.0,0.0,0.0,0.0,0.0,0.0,47.38
0.0,1.0,0.0,0.0,0.0,0.0,0.0,47.5
0.0,1.0,0.0,0.0,0.0,0.0,0.0,47.61
0.0,1.0,0.0,0.0,0.0,0.0,0.0,47.73
0.0,1.0,0.0,0.0,0.0,0.0,0.0,47.86
0.0,1.0,0.0,0.0,0.0,0.0,0.0,47.98
0.0,1.0,0.0,0.0,0.0,0.0,0.0,48.1
0.0,1.0,0.0,0.0,0.0,0.0,0.0,48.22
0.0,1.0,0.0,0.0,0.0,0.0,0.0,48.34
0.0,1.0,0.0,0.0,0.0,0.0,0.0,48.47
0.0,1.0,0.0,0.0,0.0,0.0,0.0,48.58
0.0,1.0,0.0,0.0,0.0,0.0,0.0,48.69
0.0,1.0,0.0,0.0,0.0,0.0,0.0,48.81
0.0,1.0,0.0,0.0,0.0,0.0,0.0,48.92
0.0,1.0,0.0,0.0,0.0,0.0,0.0,49.04
0.0,1.0,0.0,0.0,0.0,0.0,0.0,49.16
0.0,1.0,0.0,0.0,0.0,0.0,0.0,49.29
0.0,1.0,0.0,0.0,0.0,0.0,0.0,49.41
0.0,1.0,0.0,0.0,0.0,0.0,0.0,49.53
0.0,1.0,0.0,0.0,0.0,0.0,0.0,49.69
0.0,1.0,0.0,0.0,0.0,0.0,0.0,49.8
0.0,1.0,0.0,0.0,0.0,0.0,0.0,49.91
0.0,1.0,0.0,0.0,0.0,0.0,0.0,50.03
0.0,1.0,0.0,0.0,0.0,0.0,0.0,50.16
0.0,1.0,0.0,0.0,0.0,0.0,0.0,50.27
0.0,1.0,0.0,0.0,0.0,0.0,0.0,50.39
0.0,1.0,0.0,0.0,0.0,0.0,0.0,50.5
0.0,1.0,0.0,0.0,0.0,0.0,0.0,50.62
0.0,1.0,0.0,0.0,0.0,0.0,0.0,50.75
0.0,1.0,0.0,0.0,0.0,0.0,0.0,50.87
0.0,1.0,0.0,0.0,0.0,0.0,0.0,51.0
0.0,1.0,0.0,0.0,0.0,0.0,0.0,51.11
0.0,1.0,0.0,0.0,0.0,0.0,0.0,51.23
0.0,1.0,0.0,0.0,0.0,0.0,0.0,51.35
0.0,1.0,0.0,0.0,0.0,0.0,0.0,51.47
0.0,1.0,0.0,0.0,0.0,0.0,0.0,51.58
0.0,1.0,0.0,0.0,0.0,0.0,0.0,51.69
0.0,1.0,0.0,0.0,0.0,0.0,0.0,51.8
0.0,1.0,0.0,0.0,0.0,0.0,0.0,51.93
0.0,1.0,0.0,0.0,0.0,0.0,0.0,52.05
0.0,1.0,0.0,0.0,0.0,0.0,0.0,52.17
0.0,1.0,0.0,0.0,0.0,0.0,0.0,52.3
0.0,1.0,0.0,0.0,0.0,0.0,0.0,52.41
0.0,1.0,0.0,0.0,0.0,0.0,0.0,52.53
0.0,1.0,0.0,0.0,0.0,0.0,0.0,52.66
0.0,1.0,0.0,0.0,0.0,0.0,0.0,52.8
0.0,1.0,0.0,0.0,0.0,0.0,0.0,52.91
0.0,1.0,0.0,0.0,0.0,0.0,0.0,53.02
0.0,1.0,0.0,0.0,0.0,0.0,0.0,53.13
0.0,1.0,0.0,0.0,0.0,0.0,0.0,53.25
0.0,1.0,0.0,0.0,0.0,0.0,0.0,53.37
0.0,1.0,0.0,0.0,0.0,0.0,0.0,53.48
0.0,1.0,0.0,0.0,0.0,0.0,0.0,53.59
0.0,1.0,0.0,0.0,0.0,0.0,0.0,53.7
0.0,1.0,0.0,0.0,0.0,0.0,0.0,53.81
0.0,1.0,0.0,0.0,0.0,0.0,0.0,53.92
0.0,1.0,0.0,0.0,0.0,0.0,0.0,54.04
0.0,1.0,0.0,0.0,0.0,0.0,0.0,54.16
0.0,1.0,0.0,0.0,0.0,0.0,0.0,54.27
0.0,1.0,0.0,0.0,0.0,0.0,0.0,54.38
0.0,1.0,0.0,0.0,0.0,0.0,0.0,54.5
0.0,1.0,0.0,0.0,0.0,0.0,0.0,54.62
0.0,1.0,0.0,0.0,0.0,0.0,0.0,54.73
0.0,1.0,0.0,0.0,0.0,0.0,0.0,54.86
0.0,1.0,0.0,0.0,0.0,0.0,0.0,54.99
0.0,1.0,0.0,0.0,0.0,0.0,0.0,55.1
0.0,1.0,0.0,0.0,0.0,0.0,0.0,55.22
0.0,1.0,0.0,0.0,0.0,0.0,0.0,55.33
0.0,1.0,0.0,0.0,0.0,0.0,0.0,55.45
0.0,1.0,0.0,0.0,0.0,0.0,0.0,55.56
0.0,1.0,0.0,0.0,0.0,0.0,0.0,55.68
0.0,1.0,0.0,0.0,0.0,0.0,0.0,55.81
0.0,1.0,0.0,0.0,0.0,0.0,0.0,55.95
0.0,1.0,0.0,0.0,0.0,0.0,0.0,56.07
0.0,1.0,0.0,0.0,0.0,0.0,0.0,56.19
0.0,1.0,0.0,0.0,0.0,0.0,0.0,56.31
0.0,1.0,0.0,0.0,0.0,0.0,0.0,56.42
0.0,1.0,0.0,0.0,0.0,0.0,0.0,56.54
0.0,1.0,0.0,0.0,0.0,0.0,0.0,56.65
0.0,1.0,0.0,0.0,0.0,0.0,0.0,56.76
0.0,1.0,0.0,0.0,0.0,0.0,0.0,56.88
0.0,1.0,0.0,0.0,0.0,0.0,0.0,57.03
0.0,1.0,0.0,0.0,0.0,0.0,0.0,57.15
0.0,1.0,0.0,0.0,0.0,0.0,0.0,57.25
0.0,1.0,0.0,0.0,0.0,0.0,0.0,57.38
0.0,1.0,0.0,0.0,0.0,0.0,0.0,57.5
0.0,1.0,0.0,0.0,0.0,0.0,0.0,57.61
0.0,1.0,0.0,0.0,0.0,0.0,0.0,57.74
0.0,1.0,0.0,0.0,0.0,0.0,0.0,57.87
0.0,1.0,0.0,0.0,0.0,0.0,0.0,57.99
0.0,1.0,0.0,0.0,0.0,0.0,0.0,58.13
0.0,1.0,0.0,0.0,0.0,0.0,0.0,58.24
0.0,1.0,0.0,0.0,0.0,0.0,0.0,58.37
0.0,1.0,0.0,0.0,0.0,0.0,0.0,58.48
0.0,1.0,0.0,0.0,0.0,0.0,0.0,58.6
0.0,1.0,0.0,0.0,0.0,0.0,0.0,58.71
0.0,1.0,0.0,0.0,0.0,0.0,0.0,58.84
0.0,1.0,0.0,0.0,0.0,0.0,0.0,58.95
0.0,1.0,0.0,0.0,0.0,0.0,0.0,59.07
0.0,1.0,0.0,0.0,0.0,0.0,0.0,59.19
0.0,1.0,0.0,0.0,0.0,0.0,0.0,59.31
0.0,1.0,0.0,0.0,0.0,0.0,0.0,59.44
0.0,1.0,0.0,0.0,0.0,0.0,0.0,59.56
0.0,1.0,0.0,0.0,0.0,0.0,0.0,59.67
0.0,1.0,0.0,0.0,0.0,0.0,0.0,59.79
0.0,1.0,0.0,0.0,0.0,0.0,0.0,59.9
0.0,1.0,0.0,0.0,0.0,0.0,0.0,60.01
0.0,1.0,0.0,0.0,0.0,0.0,0.0,60.13
0.0,1.0,0.0,0.0,0.0,0.0,0.0,60.26
0.0,1.0,0.0,0.0,0.0,0.0,0.0,60.37
0.0,1.0,0.0,0.0,0.0,0.0,0.0,60.48
0.0,1.0,0.0,0.0,0.0,0.0,0.0,60.59
0.0,1.0,0.0,0.0,0.0,0.0,0.0,60.7
0.0,1.0,0.0,0.0,0.0,0.0,0.0,60.82
0.0,1.0,0.0,0.0,0.0,0.0,0.0,60.93
0.0,1.0,0.0,0.0,0.0,0.0,0.0,61.04
0.0,1.0,0.0,0.0,0.0,0.0,0.0,61.15
0.0,1.0,0.0,0.0,0.0,0.0,0.0,61.27
0.0,1.0,0.0,0.0,0.0,0.0,0.0,61.38
0.0,1.0,0.0,0.0,0.0,0.0,0.0,61.51
0.0,1.0,0.0,0.0,0.0,0.0,0.0,61.64
0.0,1.0,0.0,0.0,0.0,0.0,0.0,61.76
0.0,1.0,0.0,0.0,0.0,0.0,0.0,61.87
0.0,1.0,0.0,0.0,0.0,0.0,0.0,61.99
0.0,1.0,0.0,0.0,0.0,0.0,0.0,62.11
0.0,1.0,0.0,0.0,0.0,0.0,0.0,62.22
0.0,1.0,0.0,0.0,0.0,0.0,0.0,62.34
0.0,1.0,0.0,0.0,0.0,0.0,0.0,62.46
0.0,1.0,0.0,0.0,0.0,0.0,0.0,62.57
0.0,1.0,0.0,0.0,0.0,0.0,0.0,62.68
0.0,1.0,0.0,0.0,0.0,0.0,0.0,62.8
0.0,1.0,0.0,0.0,0.0,0.0,0.0,62.92
0.0,1.0,0.0,0.0,0.0,0.0,0.0,63.05
0.0,1.0,0.0,0.0,0.0,0.0,0.0,63.17
0.0,1.0,0.0,0.0,0.0,0.0,0.0,63.28
0.0,1.0,0.0,0.0,0.0,0.0,0.0,63.39
0.0,1.0,0.0,0.0,0.0,0.0,0.0,63.5
0.0,1.0,0.0,0.0,0.0,0.0,0.0,63.62
0.0,1.0,0.0,0.0,0.0,0.0,0.0,63.75
0.0,1.0,0.0,0.0,0.0,0.0,0.0,63.87
0.0,1.0,0.0,0.0,0.0,0.0,0.0,63.98
0.0,1.0,0.0,0.0,0.0,0.0,0.0,64.11
0.0,1.0,0.0,0.0,0.0,0.0,0.0,64.22
0.0,1.0,0.0,0.0,0.0,0.0,0.0,64.33
0.0,1.0,0.0,0.0,0.0,0.0,0.0,64.45
0.0,1.0,0.0,0.0,0.0,0.0,0.0,64.57
0.0,1.0,0.0,0.0,0.0,0.0,0.0,64.7
0.0,1.0,0.0,0.0,0.0,0.0,0.0,64.82
0.0,1.0,0.0,0.0,0.0,0.0,0.0,64.94
0.0,1.0,0.0,0.0,0.0,0.0,0.0,65.05
0.0,1.0,0.0,0.0,0.0,0.0,0.0,65.17
0.0,1.0,0.0,0.0,0.0,0.0,0.0,65.29
0.0,1.0,0.0,0.0,0.0,0.0,0.0,65.41
0.0,1.0,0.0,0.0,0.0,0.0,0.0,65.53
0.0,1.0,0.0,0.0,0.0,0.0,0.0,65.64
0.0,1.0,0.0,0.0,0.0,0.0,0.0,65.76
0.0,1.0,0.0,0.0,0.0,0.0,0.0,65.88
0.0,1.0,0.0,0.0,0.0,0.0,0.0,66.0
0.0,1.0,0.0,0.0,0.0,0.0,0.0,66.11
0.0,1.0,0.0,0.0,0.0,0.0,0.0,66.22
0.0,1.0,0.0,0.0,0.0,0.0,0.0,66.37
0.0,1.0,0.0,0.0,0.0,0.0,0.0,66.47
0.0,1.0,0.0,0.0,0.0,0.0,0.0,66.6
0.0,1.0,0.0,0.0,0.0,0.0,0.0,66.71
0.0,1.0,0.0,0.0,0.0,0.0,0.0,66.83
0.0,1.0,0.0,0.0,0.0,0.0,0.0,66.94
0.0,1.0,0.0,0.0,0.0,0.0,0.0,67.06
0.0,1.0,0.0,0.0,0.0,0.0,0.0,67.17
0.0,1.0,0.0,0.0,0.0,0.0,0.0,67.28
0.0,1.0,0.0,0.0,0.0,0.0,0.0,67.4
0.0,1.0,0.0,0.0,0.0,0.0,0.0,67.51
0.0,1.0,0.0,0.0,0.0,0.0,0.0,67.63
0.0,1.0,0.0,0.0,0.0,0.0,0.0,67.75
0.0,1.0,0.0,0.0,0.0,0.0,0.0,67.9
0.0,1.0,0.0,0.0,0.0,0.0,0.0,68.03
0.0,1.0,0.0,0.0,0.0,0.0,0.0,68.15
0.0,1.0,0.0,0.0,0.0,0.0,0.0,68.28
0.0,1.0,0.0,0.0,0.0,0.0,0.0,68.4
0.0,1.0,0.0,0.0,0.0,0.0,0.0,68.51
0.0,1.0,0.0,0.0,0.0,0.0,0.0,68.63
0.0,1.0,0.0,0.0,0.0,0.0,0.0,68.74
0.0,1.0,0.0,0.0,0.0,0.0,0.0,68.86
0.0,1.0,0.0,0.0,0.0,0.0,0.0,68.99
0.0,1.0,0.0,0.0,0.0,0.0,0.0,69.11
0.0,1.0,0.0,0.0,0.0,0.0,0.0,69.22
0.0,1.0,0.0,0.0,0.0,0.0,0.0,69.35
0.0,1.0,0.0,0.0,0.0,0.0,0.0,69.46
0.0,1.0,0.0,0.0,0.0,0.0,0.0,69.58
0.0,1.0,0.0,0.0,0.0,0.0,0.0,69.69
0.0,1.0,0.0,0.0,0.0,0.0,0.0,69.8
0.0,1.0,0.0,0.0,0.0,0.0,0.0,69.93
0.0,1.0,0.0,0.0,0.0,0.0,0.0,70.05
0.0,1.0,0.0,0.0,0.0,0.0,0.0,70.16
0.0,1.0,0.0,0.0,0.0,0.0,0.0,70.28
0.0,1.0,0.0,0.0,0.0,0.0,0.0,70.41
0.0,1.0,0.0,0.0,0.0,0.0,0.0,70.52
0.0,1.0,0.0,0.0,0.0,0.0,0.0,70.64
0.0,1.0,0.0,0.0,0.0,0.0,0.0,70.77
0.0,1.0,0.0,0.0,0.0,0.0,0.0,70.88
0.0,1.0,0.0,0.0,0.0,0.0,0.0,70.99
0.0,1.0,0.0,0.0,0.0,0.0,0.0,71.11
0.0,1.0,0.0,0.0,0.0,0.0,0.0,71.23
0.0,1.0,0.0,0.0,0.0,0.0,0.0,71.35
0.0,1.0,0.0,0.0,0.0,0.0,0.0,71.46
0.0,1.0,0.0,0.0,0.0,0.0,0.0,71.58
0.0,1.0,0.0,0.0,0.0,0.0,0.0,71.7
0.0,1.0,0.0,0.0,0.0,0.0,0.0,71.84
0.0,1.0,0.0,0.0,0.0,0.0,0.0,71.97
0.0,1.0,0.0,0.0,0.0,0.0,0.0,72.09
0.0,1.0,0.0,0.0,0.0,0.0,0.0,72.2
0.0,1.0,0.0,0.0,0.0,0.0,0.0,72.32
0.0,1.0,0.0,0.0,0.0,0.0,0.0,72.43
0.0,1.0,0.0,0.0,0.0,0.0,0.0,72.55
0.0,1.0,0.0,0.0,0.0,0.0,0.0,72.66
0.0,1.0,0.0,0.0,0.0,0.0,0.0,72.79
0.0,1.0,0.0,0.0,0.0,0.0,0.0,72.9
0.0,1.0,0.0,0.0,0.0,0.0,0.0,73.03
0.0,1.0,0.0,0.0,0.0,0.0,0.0,73.15
0.0,1.0,0.0,0.0,0.0,0.0,0.0,73.27
0.0,1.0,0.0,0.0,0.0,0.0,0.0,73.38
0.0,1.0,0.0,0.0,0.0,0.0,0.0,73.5
0.0,1.0,0.0,0.0,0.0,0.0,0.0,73.62
0.0,1.0,0.0,0.0,0.0,0.0,0.0,73.73
0.0,1.0,0.0,0.0,0.0,0.0,0.0,73.85
0.0,1.0,0.0,0.0,0.0,0.0,0.0,73.96
0.0,1.0,0.0,0.0,0.0,0.0,0.0,74.09
0.0,1.0,0.0,0.0,0.0,0.0,0.0,74.21
0.0,1.0,0.0,0.0,0.0,0.0,0.0,74.32
0.0,1.0,0.0,0.0,0.0,0.0,0.0,74.45
0.0,1.0,0.0,0.0,0.0,0.0,0.0,74.56
0.0,1.0,0.0,0.0,0.0,0.0,0.0,74.67
0.0,1.0,0.0,0.0,0.0,0.0,0.0,74.79
0.0,1.0,0.0,0.0,0.0,0.0,0.0,74.9
0.0,1.0,0.0,0.0,0.0,0.0,0.0,75.02
0.0,1.0,0.0,0.0,0.0,0.0,0.0,75.14
0.0,1.0,0.0,0.0,0.0,0.0,0.0,75.27
0.0,1.0,0.0,0.0,0.0,0.0,0.0,75.39
0.0,1.0,0.0,0.0,0.0,0.0,0.0,75.52
0.0,1.0,0.0,0.0,0.0,0.0,0.0,75.63
0.0,1.0,0.0,0.0,0.0,0.0,0.0,75.75
0.0,1.0,0.0,0.0,0.0,0.0,0.0,75.87
0.0,1.0,0.0,0.0,0.0,0.0,0.0,75.99
0.0,1.0,0.0,0.0,0.0,0.0,0.0,76.1
0.0,1.0,0.0,0.0,0.0,0.0,0.0,76.22
0.0,1.0,0.0,0.0,0.0,0.0,0.0,76.35
0.0,1.0,0.0,0.0,0.0,0.0,0.0,76.46
0.0,1.0,0.0,0.0,0.0,0.0,0.0,76.58
0.0,1.0,0.0,0.0,0.0,0.0,0.0,76.69
0.0,1.0,0.0,0.0,0.0,0.0,0.0,76.81
0.0,1.0,0.0,0.0,0.0,0.0,0.0,76.92
0.0,1.0,0.0,0.0,0.0,0.0,0.0,77.04
0.0,1.0,0.0,0.0,0.0,0.0,0.0,77.16
0.0,1.0,0.0,0.0,0.0,0.0,0.0,77.28
0.0,1.0,0.0,0.0,0.0,0.0,0.0,77.4
0.0,1.0,0.0,0.0,0.0,0.0,0.0,77.51
0.0,1.0,0.0,0.0,0.0,0.0,0.0,77.64
0.0,1.0,0.0,0.0,0.0,0.0,0.0,77.77
0.0,1.0,0.0,0.0,0.0,0.0,0.0,77.88
0.0,1.0,0.0,0.0,0.0,0.0,0.0,78.01
0.0,1.0,0.0,0.0,0.0,0.0,0.0,78.13
0.0,1.0,0.0,0.0,0.0,0.0,0.0,78.24
0.0,1.0,0.0,0.0,0.0,0.0,0.0,78.36
0.0,1.0,0.0,0.0,0.0,0.0,0.0,78.47
0.0,1.0,0.0,0.0,0.0,0.0,0.0,78.59
0.0,1.0,0.0,0.0,0.0,0.0,0.0,78.7
0.0,1.0,0.0,0.0,0.0,0.0,0.0,78.81
0.0,1.0,0.0,0.0,0.0,0.0,0.0,78.93
0.0,1.0,0.0,0.0,0.0,0.0,0.0,79.05
0.0,1.0,0.0,0.0,0.0,0.0,0.0,79.19
0.0,1.0,0.0,0.0,0.0,0.0,0.0,79.3
0.0,1.0,0.0,0.0,0.0,0.0,0.0,79.42
0.0,1.0,0.0,0.0,0.0,0.0,0.0,79.53
0.0,1.0,0.0,0.0,0.0,0.0,0.0,79.68
0.0,1.0,0.0,0.0,0.0,0.0,0.0,79.8
0.0,1.0,0.0,0.0,0.0,0.0,0.0,79.92
0.0,1.0,0.0,0.0,0.0,0.0,0.0,80.05
0.0,1.0,0.0,0.0,0.0,0.0,0.0,80.17
0.0,1.0,0.0,0.0,0.0,0.0,0.0,80.28
0.0,1.0,0.0,0.0,0.0,0.0,0.0,80.41
0.0,1.0,0.0,0.0,0.0,0.0,0.0,80.52
0.0,1.0,0.0,0.0,0.0,0.0,0.0,80.64
0.0,1.0,0.0,0.0,0.0,0.0,0.0,80.76
0.0,1.0,0.0,0.0,0.0,0.0,0.0,80.88
0.0,1.0,0.0,0.0,0.0,0.0,0.0,81.02
0.0,1.0,0.0,0.0,0.0,0.0,0.0,81.14
0.0,1.0,0.0,0.0,0.0,0.0,0.0,81.26
0.0,1.0,0.0,0.0,0.0,0.0,0.0,81.38
0.0,1.0,0.0,0.0,0.0,0.0,0.0,81.51
0.0,1.0,0.0,0.0,0.0,0.0,0.0,81.62
0.0,1.0,0.0,0.0,0.0,0.0,0.0,81.74
0.0,1.0,0.0,0.0,0.0,0.0,0.0,81.85
0.0,1.0,0.0,0.0,0.0,0.0,0.0,81.96
0.0,1.0,0.0,0.0,0.0,0.0,0.0,82.08
0.0,1.0,0.0,0.0,0.0,0.0,0.0,82.21
0.0,1.0,0.0,0.0,0.0,0.0,0.0,82.32
0.0,1.0,0.0,0.0,0.0,0.0,0.0,82.45
0.0,1.0,0.0,0.0,0.0,0.0,0.0,82.58
0.0,1.0,0.0,0.0,0.0,0.0,0.0,82.69
0.0,1.0,0.0,0.0,0.0,0.0,0.0,82.8
0.0,1.0,0.0,0.0,0.0,0.0,0.0,82.92
0.0,1.0,0.0,0.0,0.0,0.0,0.0,83.04
0.0,1.0,0.0,0.0,0.0,0.0,0.0,83.15
0.0,1.0,0.0,0.0,0.0,0.0,0.0,83.27
0.0,1.0,0.0,0.0,0.0,0.0,0.0,83.39
0.0,1.0,0.0,0.0,0.0,0.0,0.0,83.5
0.0,1.0,0.0,0.0,0.0,0.0,0.0,83.61
0.0,1.0,0.0,0.0,0.0,0.0,0.0,83.73
0.0,1.0,0.0,0.0,0.0,0.0,0.0,83.84
0.0,1.0,0.0,0.0,0.0,0.0,0.0,83.96
0.0,1.0,0.0,0.0,0.0,0.0,0.0,84.07
0.0,1.0,0.0,0.0,0.0,0.0,0.0,84.19
0.0,1.0,0.0,0.0,0.0,0.0,0.0,84.3
0.0,1.0,0.0,0.0,0.0,0.0,0.0,84.41
0.0,1.0,0.0,0.0,0.0,0.0,0.0,84.53
0.0,1.0,0.0,0.0,0.0,0.0,0.0,84.66
0.0,1.0,0.0,0.0,0.0,0.0,0.0,84.77
0.0,1.0,0.0,0.0,0.0,0.0,0.0,84.9
0.0,1.0,0.0,0.0,0.0,0.0,0.0,85.03
0.0,1.0,0.0,0.0,0.0,0.0,0.0,85.17
0.0,1.0,0.0,0.0,0.0,0.0,0.0,85.3
0.0,1.0,0.0,0.0,0.0,0.0,0.0,85.42
0.0,1.0,0.0,0.0,0.0,0.0,0.0,85.56
0.0,1.0,0.0,0.0,0.0,0.0,0.0,85.7
0.0,1.0,0.0,0.0,0.0,0.0,0.0,85.84
0.0,1.0,0.0,0.0,0.0,0.0,0.0,85.96
0.0,1.0,0.0,0.0,0.0,0.0,0.0,86.07
0.0,1.0,0.0,0.0,0.0,0.0,0.0,86.2
0.0,1.0,0.0,0.0,0.0,0.0,0.0,86.31
0.0,1.0,0.0,0.0,0.0,0.0,0.0,86.44
0.0,1.0,0.0,0.0,0.0,0.0,0.0,86.56
0.0,1.0,0.0,0.0,0.0,0.0,0.0,86.67
0.0,1.0,0.0,0.0,0.0,0.0,0.0,86.79
0.0,1.0,0.0,0.0,0.0,0.0,0.0,86.91
0.0,1.0,0.0,0.0,0.0,0.0,0.0,87.03
0.0,1.0,0.0,0.0,0.0,0.0,0.0,87.15
0.0,1.0,0.0,0.0,0.0,0.0,0.0,87.27
0.0,1.0,0.0,0.0,0.0,0.0,0.0,87.41
0.0,1.0,0.0,0.0,0.0,0.0,0.0,87.52
0.0,1.0,0.0,0.0,0.0,0.0,0.0,87.63
0.0,1.0,0.0,0.0,0.0,0.0,0.0,87.75
0.0,1.0,0.0,0.0,0.0,0.0,0.0,87.86
0.0,1.0,0.0,0.0,0.0,0.0,0.0,87.98
0.0,1.0,0.0,0.0,0.0,0.0,0.0,88.1
0.0,1.0,0.0,0.0,0.0,0.0,0.0,88.22
0.0,1.0,0.0,0.0,0.0,0.0,0.0,88.34
0.0,1.0,0.0,0.0,0.0,0.0,0.0,88.45
0.0,1.0,0.0,0.0,0.0,0.0,0.0,88.59
0.0,1.0,0.0,0.0,0.0,0.0,0.0,88.7
0.0,1.0,0.0,0.0,0.0,0.0,0.0,88.83
0.0,1.0,0.0,0.0,0.0,0.0,0.0,88.94
0.0,1.0,0.0,0.0,0.0,0.0,0.0,89.05
0.0,1.0,0.0,0.0,0.0,0.0,0.0,89.17
0.0,1.0,0.0,0.0,0.0,0.0,0.0,89.28
0.0,1.0,0.0,0.0,0.0,0.0,0.0,89.4
0.0,1.0,0.0,0.0,0.0,0.0,0.0,89.52
0.0,1.0,0.0,0.0,0.0,0.0,0.0,89.65
0.0,1.0,0.0,0.0,0.0,0.0,0.0,89.76
0.0,1.0,0.0,0.0,0.0,0.0,0.0,89.88
0.0,1.0,0.0,0.0,0.0,0.0,0.0,89.99
0.0,1.0,0.0,0.0,0.0,0.0,0.0,90.1
0.0,1.0,0.0,0.0,0.0,0.0,0.0,90.21
0.0,1.0,0.0,0.0,0.0,0.0,0.0,90.34
0.0,1.0,0.0,0.0,0.0,0.0,0.0,90.45
0.0,1.0,0.0,0.0,0.0,0.0,0.0,90.57
0.0,1.0,0.0,0.0,0.0,0.0,0.0,90.69
0.0,1.0,0.0,0.0,0.0,0.0,0.0,90.8
0.0,1.0,0.0,0.0,0.0,0.0,0.0,90.92
0.0,1.0,0.0,0.0,0.0,0.0,0.0,91.03
0.0,1.0,0.0,0.0,0.0,0.0,0.0,91.14
1.0,1.0,0.0,0.0,0.0,0.0,0.0,91.26
1.0,1.0,0.0,0.0,0.0,0.0,0.0,91.38
1.0,1.0,0.0,0.0,0.0,0.0,0.0,91.5
1.0,1.0,0.0,0.0,0.0,0.0,0.0,91.62
1.0,1.0,0.0,0.0,0.0,0.0,0.0,91.73
1.0,1.0,0.0,0.0,0.0,0.0,0.0,91.86
1.0,1.0,0.0,0.0,0.0,0.0,0.0,91.97
1.0,1.0,0.0,0.0,0.0,0.0,0.0,92.08
1.0,1.0,0.0,0.0,0.0,0.0,0.0,92.2
1.0,1.0,0.0,0.0,0.0,0.0,0.0,92.32
1.0,1.0,0.0,0.0,0.0,0.0,0.0,92.44
1.0,1.0,0.0,0.0,0.0,0.0,0.0,92.57
1.0,1.0,0.0,0.0,0.0,0.0,0.0,92.7
0.0,1.0,0.0,0.0,0.0,0.0,0.0,92.82
0.0,1.0,0.0,0.0,0.0,0.0,0.0,92.94
0.0,1.0,0.0,0.0,0.0,0.0,0.0,93.05
0.0,1.0,0.0,0.0,0.0,0.0,0.0,93.18
0.0,1.0,0.0,0.0,0.0,0.0,0.0,93.31
0.0,1.0,0.0,0.0,0.0,0.0,0.0,93.42
0.0,1.0,0.0,0.0,0.0,0.0,0.0,93.54
0.0,1.0,0.0,0.0,0.0,0.0,0.0,93.65
0.0,1.0,0.0,0.0,0.0,0.0,0.0,93.78
0.0,1.0,0.0,0.0,0.0,0.0,0.0,93.89
0.0,1.0,0.0,0.0,0.0,0.0,0.0,94.0
0.0,1.0,0.0,0.0,0.0,0.0,0.0,94.13
0.0,1.0,0.0,0.0,0.0,0.0,0.0,94.25
0.0,1.0,0.0,0.0,0.0,0.0,0.0,94.37
0.0,1.0,0.0,0.0,0.0,0.0,0.0,94.49
0.0,1.0,0.0,0.0,0.0,0.0,0.0,94.61
0.0,1.0,0.0,0.0,0.0,0.0,0.0,94.73
0.0,1.0,0.0,0.0,0.0,0.0,0.0,94.86
0.0,1.0,0.0,0.0,0.0,0.0,0.0,94.99
0.0,1.0,0.0,0.0,0.0,0.0,0.0,95.12
0.0,1.0,0.0,0.0,0.0,0.0,0.0,95.24
0.0,1.0,0.0,0.0,0.0,0.0,0.0,95.36
0.0,1.0,0.0,0.0,0.0,0.0,0.0,95.47
0.0,1.0,0.0,0.0,0.0,0.0,0.0,95.58
0.0,1.0,0.0,0.0,0.0,0.0,0.0,95.7
0.0,1.0,0.0,0.0,0.0,0.0,0.0,95.82
0.0,1.0,0.0,0.0,0.0,0.0,0.0,95.94
0.0,1.0,0.0,0.0,0.0,0.0,0.0,96.06
0.0,1.0,0.0,0.0,0.0,0.0,0.0,96.17
0.0,1.0,0.0,0.0,0.0,0.0,0.0,96.29
0.0,1.0,0.0,0.0,0.0,0.0,0.0,96.41
0.0,1.0,0.0,0.0,0.0,0.0,0.0,96.52
0.0,1.0,0.0,0.0,0.0,0.0,0.0,96.64
0.0,1.0,0.0,0.0,0.0,0.0,0.0,96.75
0.0,1.0,0.0,0.0,0.0,0.0,0.0,96.88
0.0,1.0,0.0,0.0,0.0,0.0,0.0,96.99
0.0,1.0,0.0,0.0,0.0,0.0,0.0,97.11
0.0,1.0,0.0,0.0,0.0,0.0,0.0,97.24
0.0,1.0,0.0,0.0,0.0,0.0,0.0,97.36
0.0,1.0,0.0,0.0,0.0,0.0,0.0,97.48
0.0,1.0,0.0,0.0,0.0,0.0,0.0,97.6
0.0,1.0,0.0,0.0,0.0,0.0,0.0,97.71
0.0,1.0,0.0,0.0,0.0,0.0,0.0,97.83
0.0,1.0,0.0,0.0,0.0,0.0,0.0,97.95
0.0,1.0,0.0,0.0,0.0,0.0,0.0,98.07
0.0,1.0,0.0,0.0,0.0,0.0,0.0,98.18
0.0,1.0,0.0,0.0,0.0,0.0,0.0,98.3
0.0,1.0,0.0,0.0,0.0,0.0,0.0,98.42
0.0,1.0,0.0,0.0,0.0,0.0,0.0,98.53
0.0,1.0,0.0,0.0,0.0,0.0,0.0,98.65
0.0,1.0,0.0,0.0,0.0,0.0,0.0,98.78
0.0,1.0,0.0,0.0,0.0,0.0,0.0,98.89
0.0,1.0,0.0,0.0,0.0,0.0,0.0,99.0
0.0,1.0,0.0,0.0,0.0,0.0,0.0,99.12
0.0,1.0,0.0,0.0,0.0,0.0,0.0,99.23
0.0,1.0,0.0,0.0,0.0,0.0,0.0,99.35
0.0,1.0,0.0,0.0,0.0,0.0,0.0,99.47
0.0,1.0,0.0,0.0,0.0,0.0,0.0,99.58
0.0,1.0,0.0,0.0,0.0,0.0,0.0,99.72
0.0,1.0,0.0,0.0,0.0,0.0,0.0,99.83
0.0,1.0,0.0,0.0,0.0,0.0,0.0,99.95
0.0,1.0,0.0,0.0,0.0,0.0,0.0,100.06
0.0,1.0,0.0,0.0,0.0,0.0,0.0,100.17
0.0,1.0,0.0,0.0,0.0,0.0,0.0,100.29
0.0,1.0,0.0,0.0,0.0,0.0,0.0,100.41
0.0,1.0,0.0,0.0,0.0,0.0,0.0,100.52
0.0,1.0,0.0,0.0,0.0,0.0,0.0,100.64
0.0,1.0,0.0,0.0,0.0,0.0,0.0,100.78
0.0,1.0,0.0,0.0,0.0,0.0,0.0,100.9
0.0,1.0,0.0,0.0,0.0,0.0,0.0,101.01
0.0,1.0,0.0,0.0,0.0,0.0,0.0,101.13
0.0,1.0,0.0,0.0,0.0,0.0,0.0,101.25
0.0,1.0,0.0,0.0,0.0,0.0,0.0,101.36
0.0,1.0,0.0,0.0,0.0,0.0,0.0,101.48
0.0,1.0,0.0,0.0,0.0,0.0,0.0,101.6
0.0,1.0,0.0,0.0,0.0,0.0,0.0,101.72
0.0,1.0,0.0,0.0,0.0,0.0,0.0,101.89
0.0,1.0,0.0,0.0,0.0,0.0,0.0,102.01
0.0,1.0,0.0,0.0,0.0,0.0,0.0,102.12
0.0,1.0,0.0,0.0,0.0,0.0,0.0,102.24
0.0,1.0,0.0,0.0,0.0,0.0,0.0,102.35
0.0,1.0,0.0,0.0,0.0,0.0,0.0,102.46
0.0,1.0,0.0,0.0,0.0,0.0,0.0,102.58
0.0,1.0,0.0,0.0,0.0,0.0,0.0,102.69
0.0,1.0,0.0,0.0,0.0,0.0,0.0,102.81
0.0,1.0,0.0,0.0,0.0,0.0,0.0,102.92
0.0,1.0,0.0,0.0,0.0,0.0,0.0,103.04
0.0,1.0,0.0,0.0,0.0,0.0,0.0,103.16
0.0,1.0,0.0,0.0,0.0,0.0,0.0,103.28
0.0,1.0,0.0,0.0,0.0,0.0,0.0,103.41
0.0,1.0,0.0,0.0,0.0,0.0,0.0,103.52
0.0,1.0,0.0,0.0,0.0,0.0,0.0,103.64
0.0,1.0,0.0,0.0,0.0,0.0,0.0,103.76
0.0,1.0,0.0,0.0,0.0,0.0,0.0,103.88
0.0,1.0,0.0,0.0,0.0,0.0,0.0,103.99
0.0,1.0,0.0,0.0,0.0,0.0,0.0,104.12
0.0,1.0,0.0,0.0,0.0,0.0,0.0,104.24
0.0,1.0,0.0,0.0,0.0,0.0,0.0,104.36
0.0,1.0,0.0,0.0,0.0,0.0,0.0,104.47
0.0,1.0,0.0,0.0,0.0,0.0,0.0,104.58
0.0,1.0,0.0,0.0,0.0,0.0,0.0,104.71
0.0,1.0,0.0,0.0,0.0,0.0,0.0,104.83
0.0,1.0,0.0,0.0,0.0,0.0,0.0,104.95
0.0,1.0,0.0,0.0,0.0,0.0,0.0,105.08
0.0,1.0,0.0,0.0,0.0,0.0,0.0,105.21
0.0,1.0,0.0,0.0,0.0,0.0,0.0,105.33
0.0,1.0,0.0,0.0,0.0,0.0,0.0,105.44
0.0,1.0,0.0,0.0,0.0,0.0,0.0,105.56
0.0,1.0,0.0,0.0,0.0,0.0,0.0,105.67
0.0,1.0,0.0,0.0,0.0,0.0,0.0,105.79
0.0,1.0,0.0,0.0,0.0,0.0,0.0,105.9
0.0,1.0,0.0,0.0,0.0,0.0,0.0,106.01
0.0,1.0,0.0,0.0,0.0,0.0,0.0,106.14
0.0,1.0,0.0,0.0,0.0,0.0,0.0,106.25
0.0,1.0,0.0,0.0,0.0,0.0,0.0,106.36
0.0,1.0,0.0,0.0,0.0,0.0,0.0,106.48
0.0,1.0,0.0,0.0,0.0,0.0,0.0,106.61
0.0,1.0,0.0,0.0,0.0,0.0,0.0,106.72
0.0,1.0,0.0,0.0,0.0,0.0,0.0,106.83
0.0,1.0,0.0,0.0,0.0,0.0,0.0,106.95
0.0,1.0,0.0,0.0,0.0,0.0,0.0,107.06
0.0,1.0,0.0,0.0,0.0,0.0,0.0,107.19
0.0,1.0,0.0,0.0,0.0,0.0,0.0,107.3
0.0,1.0,0.0,0.0,0.0,0.0,0.0,107.42
0.0,1.0,0.0,0.0,0.0,0.0,0.0,107.54
0.0,1.0,0.0,0.0,0.0,0.0,0.0,107.66
0.0,1.0,0.0,0.0,0.0,0.0,0.0,107.77
0.0,1.0,0.0,0.0,0.0,0.0,0.0,107.89
0.0,1.0,0.0,0.0,0.0,0.0,0.0,108.01
0.0,1.0,0.0,0.0,0.0,0.0,0.0,108.14
0.0,1.0,0.0,0.0,0.0,0.0,0.0,108.25
0.0,1.0,0.0,0.0,0.0,0.0,0.0,108.37
0.0,1.0,0.0,0.0,0.0,0.0,0.0,108.47
0.0,1.0,0.0,0.0,0.0,0.0,0.0,108.59
0.0,1.0,0.0,0.0,0.0,0.0,0.0,108.7
0.0,1.0,0.0,0.0,0.0,0.0,0.0,108.83
0.0,1.0,0.0,0.0,0.0,0.0,0.0,108.94
0.0,1.0,0.0,0.0,0.0,0.0,0.0,109.06
0.0,1.0,0.0,0.0,0.0,0.0,0.0,109.17
0.0,1.0,0.0,0.0,0.0,0.0,0.0,109.28
0.0,1.0,0.0,0.0,0.0,0.0,0.0,109.4
0.0,1.0,0.0,0.0,0.0,0.0,0.0,109.51
0.0,1.0,0.0,0.0,0.0,0.0,0.0,109.65
0.0,1.0,0.0,0.0,0.0,0.0,0.0,109.77
0.0,1.0,0.0,0.0,0.0,0.0,0.0,109.88
0.0,1.0,0.0,0.0,0.0,0.0,0.0,110.0
0.0,1.0,0.0,0.0,0.0,0.0,0.0,110.11
0.0,1.0,0.0,0.0,0.0,0.0,0.0,110.23
0.0,1.0,0.0,0.0,0.0,0.0,0.0,110.35
0.0,1.0,0.0,0.0,0.0,0.0,0.0,110.46
0.0,1.0,0.0,0.0,0.0,0.0,0.0,110.58
0.0,1.0,0.0,0.0,0.0,0.0,0.0,110.7
0.0,1.0,0.0,0.0,0.0,0.0,0.0,110.82
0.0,1.0,0.0,0.0,0.0,0.0,0.0,110.93
0.0,1.0,0.0,0.0,0.0,0.0,0.0,111.04
0.0,1.0,0.0,0.0,0.0,0.0,0.0,111.16
0.0,1.0,0.0,0.0,0.0,0.0,0.0,111.28
0.0,1.0,0.0,0.0,0.0,0.0,0.0,111.4
0.0,1.0,0.0,0.0,0.0,0.0,0.0,111.51
0.0,1.0,0.0,0.0,0.0,0.0,0.0,111.65
0.0,1.0,0.0,0.0,0.0,0.0,0.0,111.78
0.0,1.0,0.0,0.0,0.0,0.0,0.0,111.9
0.0,1.0,0.0,0.0,0.0,0.0,0.0,112.01
0.0,1.0,0.0,0.0,0.0,0.0,0.0,112.13
0.0,1.0,0.0,0.0,0.0,0.0,0.0,112.26
0.0,1.0,0.0,0.0,0.0,0.0,0.0,112.38
0.0,1.0,0.0,0.0,0.0,0.0,0.0,112.49
0.0,1.0,0.0,0.0,0.0,0.0,0.0,112.61
0.0,1.0,0.0,0.0,0.0,0.0,0.0,112.72
0.0,1.0,0.0,0.0,0.0,0.0,0.0,112.84
0.0,1.0,0.0,0.0,0.0,0.0,0.0,112.97
0.0,1.0,0.0,0.0,0.0,0.0,0.0,113.09
0.0,1.0,0.0,0.0,0.0,0.0,0.0,113.2
0.0,1.0,0.0,0.0,0.0,0.0,0.0,113.31
0.0,1.0,0.0,0.0,0.0,0.0,0.0,113.44
0.0,1.0,0.0,0.0,0.0,0.0,0.0,113.59
0.0,1.0,0.0,0.0,0.0,0.0,0.0,113.71
0.0,1.0,0.0,0.0,0.0,0.0,0.0,113.82
0.0,1.0,0.0,0.0,0.0,0.0,0.0,113.94
0.0,1.0,0.0,0.0,0.0,0.0,0.0,114.05
0.0,1.0,0.0,0.0,0.0,0.0,0.0,114.18
0.0,1.0,0.0,0.0,0.0,0.0,0.0,114.29
0.0,1.0,0.0,0.0,0.0,0.0,0.0,114.4
0.0,1.0,0.0,0.0,0.0,0.0,0.0,114.55
0.0,1.0,0.0,0.0,0.0,0.0,0.0,114.67
0.0,1.0,0.0,0.0,0.0,0.0,0.0,114.79
0.0,1.0,0.0,0.0,0.0,0.0,0.0,114.9
0.0,1.0,0.0,0.0,0.0,0.0,0.0,115.02
0.0,1.0,0.0,0.0,0.0,0.0,0.0,115.13
0.0,1.0,0.0,0.0,0.0,0.0,0.0,115.24
0.0,1.0,0.0,0.0,0.0,0.0,0.0,115.37
0.0,1.0,0.0,0.0,0.0,0.0,0.0,115.5
0.0,1.0,0.0,0.0,0.0,0.0,0.0,115.62
0.0,1.0,0.0,0.0,0.0,0.0,0.0,115.75
0.0,1.0,0.0,0.0,0.0,0.0,0.0,115.86
0.0,1.0,0.0,0.0,0.0,0.0,0.0,115.97
0.0,1.0,0.0,0.0,0.0,0.0,0.0,116.09
0.0,1.0,0.0,0.0,0.0,0.0,0.0,116.21
0.0,1.0,0.0,0.0,0.0,0.0,0.0,116.32
0.0,1.0,0.0,0.0,0.0,0.0,0.0,116.43
0.0,1.0,0.0,0.0,0.0,0.0,0.0,116.55
0.0,1.0,0.0,0.0,0.0,0.0,0.0,116.67
0.0,1.0,0.0,0.0,0.0,0.0,0.0,116.78
0.0,1.0,0.0,0.0,0.0,0.0,0.0,116.9
0.0,1.0,0.0,0.0,0.0,0.0,0.0,117.01
0.0,1.0,0.0,0.0,0.0,0.0,0.0,117.12
0.0,1.0,0.0,0.0,0.0,0.0,0.0,117.25
0.0,1.0,0.0,0.0,0.0,0.0,0.0,117.36
0.0,1.0,0.0,0.0,0.0,0.0,0.0,117.49
0.0,1.0,0.0,0.0,0.0,0.0,0.0,117.6
0.0,1.0,0.0,0.0,0.0,0.0,0.0,117.72
0.0,1.0,0.0,0.0,0.0,0.0,0.0,117.83
0.0,1.0,0.0,0.0,0.0,0.0,0.0,117.95
0.0,1.0,0.0,0.0,0.0,0.0,0.0,118.07
0.0,1.0,0.0,0.0,0.0,0.0,0.0,118.18
0.0,1.0,0.0,0.0,0.0,0.0,0.0,118.29
0.0,1.0,0.0,0.0,0.0,0.0,0.0,118.42
0.0,1.0,0.0,0.0,0.0,0.0,0.0,118.6
0.0,1.0,0.0,0.0,0.0,0.0,0.0,118.71
0.0,1.0,0.0,0.0,0.0,0.0,0.0,118.82
0.0,1.0,0.0,0.0,0.0,0.0,0.0,118.94
0.0,1.0,0.0,0.0,0.0,0.0,0.0,119.05
