0.0,0.0,0.0,0.0,0.0,0.0,0.0,0.01
0.0,0.0,0.0,0.0,0.0,0.0,0.0,0.05
0.0,0.0,0.0,0.0,0.0,0.0,0.0,0.08
0.0,0.0,0.0,0.0,0.0,0.0,1.0,0.11
0.0,0.0,1.0,0.0,0.0,0.0,1.0,0.14
0.0,0.0,1.0,0.0,0.0,0.0,1.0,0.18
0.0,0.0,1.0,0.0,0.0,0.0,1.0,0.21
0.0,0.0,1.0,0.0,0.0,0.0,1.0,0.23
0.0,0.0,1.0,0.0,0.0,0.0,1.0,0.26
0.0,0.0,1.0,0.0,0.0,0.0,1.0,0.29
0.0,0.0,1.0,0.0,0.0,0.0,1.0,0.32
0.0,0.0,1.0,0.0,0.0,0.0,0.0,0.35
0.0,0.0,1.0,0.0,0.0,0.0,0.0,0.38
0.0,0.0,1.0,0.0,0.0,0.0,0.0,0.41
0.0,0.0,1.0,0.0,0.0,0.0,0.0,0.43
0.0,0.0,1.0,0.0,0.0,0.0,0.0,0.47
0.0,0.0,1.0,0.0,0.0,0.0,0.0,0.49
0.0,0.0,1.0,0.0,0.0,0.0,0.0,0.53
0.0,0.0,1.0,0.0,0.0,0.0,0.0,0.56
0.0,0.0,1.0,0.0,0.0,0.0,0.0,0.59
0.0,0.0,1.0,0.0,0.0,0.0,0.0,0.62
0.0,0.0,1.0,0.0,0.0,0.0,0.0,0.65
0.0,0.0,1.0,0.0,0.0,0.0,0.0,0.68
0.0,0.0,1.0,0.0,0.0,0.0,0.0,0.71
0.0,0.0,1.0,0.0,0.0,0.0,0.0,0.74
0.0,0.0,1.0,0.0,0.0,0.0,1.0,0.77
0.0,0.0,1.0,0.0,0.0,0.0,1.0,0.8
0.0,0.0,1.0,0.0,0.0,0.0,1.0,0.83
0.0,0.0,1.0,0.0,0.0,0.0,1.0,0.86
0.0,0.0,1.0,0.0,0.0,0.0,1.0,0.89
0.0,0.0,1.0,0.0,0.0,0.0,1.0,0.92
0.0,0.0,1.0,0.0,0.0,0.0,1.0,0.95
0.0,0.0,1.0,0.0,0.0,0.0,1.0,0.98
0.0,0.0,1.0,0.0,0.0,0.0,1.0,1.01
0.0,0.0,1.0,0.0,0.0,0.0,1.0,1.04
0.0,0.0,1.0,0.0,0.0,0.0,1.0,1.07
0.0,0.0,1.0,0.0,0.0,0.0,1.0,1.1
0.0,0.0,1.0,0.0,0.0,0.0,1.0,1.13
0.0,0.0,1.0,0.0,0.0,0.0,1.0,1.16
0.0,0.0,1.0,0.0,0.0,0.0,1.0,1.2
0.0,0.0,1.0,0.0,0.0,0.0,1.0,1.23
0.0,0.0,1.0,0.0,0.0,0.0,1.0,1.26
0.0,0.0,1.0,0.0,0.0,0.0,1.0,1.29
0.0,0.0,1.0,0.0,0.0,0.0,1.0,1.32
0.0,0.0,1.0,0.0,0.0,0.0,1.0,1.35
0.0,0.0,1.0,0.0,0.0,0.0,1.0,1.39
0.0,0.0,1.0,0.0,0.0,0.0,1.0,1.42
0.0,0.0,1.0,0.0,0.0,0.0,1.0,1.45
0.0,0.0,1.0,0.0,0.0,0.0,1.0,1.48
0.0,0.0,1.0,0.0,0.0,0.0,1.0,1.51
0.0,0.0,1.0,0.0,0.0,0.0,1.0,1.54
0.0,0.0,1.0,0.0,0.0,0.0,1.0,1.57
0.0,0.0,1.0,0.0,0.0,0.0,1.0,1.6
0.0,0.0,1.0,0.0,0.0,0.0,1.0,1.63
0.0,0.0,1.0,0.0,0.0,0.0,1.0,1.66
0.0,0.0,1.0,0.0,0.0,0.0,1.0,1.69
0.0,0.0,1.0,0.0,0.0,0.0,1.0,1.72
0.0,0.0,1.0,0.0,0.0,0.0,1.0,1.75
0.0,0.0,1.0,0.0,0.0,0.0,1.0,1.78
0.0,0.0,1.0,0.0,0.0,0.0,1.0,1.82
0.0,0.0,1.0,0.0,0.0,0.0,1.0,1.85
0.0,0.0,1.0,0.0,0.0,0.0,1.0,1.87
0.0,0.0,1.0,0.0,0.0,0.0,1.0,1.9
0.0,0.0,1.0,0.0,0.0,0.0,1.0,1.93
0.0,0.0,1.0,0.0,0.0,0.0,1.0,1.96
0.0,0.0,1.0,0.0,0.0,0.0,1.0,2.0
0.0,0.0,1.0,0.0,0.0,0.0,1.0,2.03
0.0,0.0,1.0,0.0,0.0,0.0,1.0,2.06
0.0,0.0,1.0,0.0,0.0,0.0,1.0,2.09
0.0,0.0,1.0,0.0,0.0,0.0,1.0,2.12
0.0,0.0,1.0,0.0,0.0,0.0,1.0,2.15
0.0,0.0,1.0,0.0,0.0,0.0,1.0,2.18
0.0,0.0,1.0,0.0,0.0,0.0,1.0,2.21
0.0,0.0,1.0,0.0,0.0,0.0,1.0,2.24
0.0,0.0,1.0,0.0,0.0,0.0,1.0,2.27
0.0,0.0,1.0,0.0,0.0,0.0,1.0,2.3
0.0,0.0,1.0,0.0,0.0,0.0,1.0,2.34
0.0,0.0,1.0,0.0,0.0,0.0,1.0,2.36
0.0,0.0,1.0,0.0,0.0,0.0,1.0,2.39
0.0,0.0,1.0,0.0,0.0,0.0,1.0,2.43
0.0,0.0,1.0,0.0,0.0,0.0,1.0,2.46
0.0,0.0,1.0,0.0,0.0,0.0,1.0,2.5
0.0,0.0,1.0,0.0,0.0,0.0,1.0,2.53
0.0,0.0,1.0,0.0,0.0,0.0,1.0,2.55
0.0,0.0,1.0,0.0,0.0,0.0,1.0,2.59
0.0,0.0,1.0,0.0,0.0,0.0,1.0,2.62
0.0,0.0,1.0,0.0,0.0,0.0,1.0,2.65
0.0,0.0,1.0,0.0,0.0,0.0,1.0,2.68
0.0,0.0,1.0,0.0,0.0,0.0,1.0,2.71
0.0,0.0,1.0,0.0,0.0,0.0,1.0,2.74
0.0,0.0,1.0,0.0,0.0,0.0,1.0,2.77
0.0,0.0,1.0,0.0,0.0,0.0,1.0,2.8
0.0,0.0,1.0,0.0,0.0,0.0,1.0,2.83
0.0,0.0,1.0,0.0,0.0,0.0,1.0,2.87
0.0,0.0,1.0,0.0,0.0,0.0,1.0,2.9
0.0,0.0,1.0,0.0,0.0,0.0,1.0,2.93
0.0,0.0,1.0,0.0,0.0,0.0,1.0,2.96
0.0,0.0,1.0,0.0,0.0,0.0,1.0,2.99
0.0,0.0,1.0,0.0,0.0,0.0,1.0,3.02
0.0,0.0,1.0,0.0,0.0,0.0,1.0,3.05
0.0,0.0,1.0,0.0,0.0,0.0,1.0,3.08
0.0,0.0,1.0,0.0,0.0,0.0,1.0,3.11
0.0,0.0,1.0,0.0,0.0,0.0,1.0,3.14
0.0,0.0,1.0,0.0,0.0,0.0,1.0,3.17
0.0,0.0,1.0,0.0,0.0,0.0,1.0,3.21
0.0,0.0,1.0,0.0,0.0,0.0,1.0,3.24
0.0,0.0,1.0,0.0,0.0,0.0,1.0,3.27
0.0,0.0,1.0,0.0,0.0,0.0,1.0,3.3
0.0,0.0,1.0,0.0,0.0,0.0,1.0,3.33
0.0,0.0,1.0,0.0,0.0,0.0,1.0,3.36
0.0,0.0,1.0,0.0,0.0,0.0,1.0,3.39
0.0,0.0,1.0,0.0,0.0,0.0,1.0,3.42
0.0,0.0,1.0,0.0,0.0,0.0,1.0,3.45
0.0,0.0,1.0,0.0,0.0,0.0,1.0,3.48
0.0,0.0,1.0,0.0,0.0,0.0,1.0,3.51
0.0,0.0,1.0,0.0,0.0,0.0,1.0,3.54
0.0,0.0,1.0,0.0,0.0,0.0,1.0,3.57
0.0,0.0,1.0,0.0,0.0,0.0,1.0,3.61
0.0,0.0,1.0,0.0,0.0,0.0,1.0,3.64
0.0,0.0,1.0,0.0,0.0,0.0,1.0,3.67
0.0,0.0,1.0,0.0,0.0,0.0,1.0,3.72
0.0,0.0,1.0,0.0,0.0,0.0,1.0,3.75
0.0,0.0,1.0,0.0,0.0,0.0,1.0,3.78
0.0,0.0,1.0,0.0,0.0,0.0,1.0,3.82
0.0,0.0,1.0,0.0,0.0,0.0,1.0,3.85
0.0,0.0,1.0,0.0,0.0,0.0,1.0,3.88
0.0,0.0,1.0,0.0,0.0,0.0,1.0,3.92
0.0,0.0,1.0,0.0,0.0,0.0,1.0,3.96
0.0,0.0,1.0,0.0,0.0,0.0,1.0,3.99
0.0,0.0,1.0,0.0,0.0,0.0,1.0,4.02
0.0,0.0,1.0,0.0,0.0,0.0,1.0,4.06
0.0,0.0,1.0,0.0,0.0,0.0,1.0,4.1
0.0,0.0,1.0,0.0,0.0,0.0,1.0,4.14
0.0,0.0,1.0,0.0,0.0,0.0,1.0,4.17
0.0,0.0,1.0,0.0,0.0,0.0,1.0,4.2
0.0,0.0,1.0,0.0,0.0,0.0,1.0,4.24
0.0,0.0,1.0,0.0,0.0,0.0,1.0,4.27
0.0,0.0,1.0,0.0,0.0,0.0,1.0,4.3
0.0,0.0,1.0,0.0,0.0,0.0,1.0,4.33
0.0,0.0,1.0,0.0,0.0,0.0,1.0,4.37
0.0,0.0,1.0,0.0,0.0,0.0,1.0,4.4
0.0,0.0,1.0,0.0,0.0,0.0,1.0,4.43
0.0,0.0,1.0,0.0,0.0,0.0,1.0,4.46
0.0,0.0,1.0,0.0,0.0,0.0,1.0,4.5
0.0,0.0,1.0,0.0,0.0,0.0,1.0,4.53
0.0,0.0,1.0,0.0,0.0,0.0,1.0,4.56
0.0,0.0,1.0,0.0,0.0,0.0,1.0,4.6
0.0,0.0,1.0,0.0,0.0,0.0,1.0,4.63
0.0,0.0,1.0,0.0,0.0,0.0,1.0,4.66
0.0,0.0,1.0,0.0,0.0,0.0,1.0,4.69
0.0,0.0,1.0,0.0,0.0,0.0,1.0,4.72
0.0,0.0,1.0,0.0,0.0,0.0,1.0,4.75
0.0,0.0,1.0,0.0,0.0,0.0,1.0,4.79
0.0,0.0,1.0,0.0,0.0,0.0,1.0,4.82
0.0,0.0,1.0,0.0,0.0,0.0,1.0,4.85
0.0,0.0,1.0,0.0,0.0,0.0,1.0,4.88
0.0,0.0,1.0,0.0,0.0,0.0,0.0,4.91
0.0,0.0,1.0,0.0,0.0,0.0,0.0,4.93
0.0,0.0,1.0,0.0,0.0,0.0,0.0,4.97
0.0,0.0,1.0,0.0,0.0,0.0,0.0,5.0
0.0,0.0,1.0,0.0,0.0,0.0,0.0,5.03
0.0,0.0,1.0,0.0,0.0,0.0,0.0,5.07
0.0,0.0,1.0,0.0,0.0,0.0,0.0,5.1
0.0,0.0,1.0,0.0,0.0,0.0,0.0,5.13
0.0,0.0,1.0,0.0,0.0,0.0,0.0,5.16
0.0,0.0,1.0,0.0,0.0,0.0,0.0,5.19
0.0,0.0,1.0,0.0,0.0,0.0,0.0,5.24
0.0,0.0,1.0,0.0,0.0,0.0,0.0,5.27
0.0,0.0,1.0,0.0,0.0,0.0,0.0,5.3
0.0,0.0,1.0,0.0,0.0,0.0,0.0,5.33
0.0,0.0,1.0,0.0,0.0,0.0,0.0,5.36
0.0,0.0,1.0,0.0,0.0,0.0,0.0,5.39
0.0,0.0,1.0,0.0,0.0,0.0,0.0,5.42
0.0,0.0,1.0,0.0,0.0,0.0,0.0,5.46
0.0,0.0,1.0,0.0,0.0,0.0,0.0,5.49
0.0,0.0,1.0,0.0,0.0,0.0,0.0,5.52
0.0,0.0,1.0,0.0,0.0,0.0,0.0,5.55
0.0,0.0,1.0,0.0,0.0,0.0,0.0,5.58
0.0,0.0,1.0,0.0,0.0,0.0,0.0,5.61
0.0,0.0,1.0,0.0,0.0,0.0,0.0,5.64
0.0,0.0,1.0,0.0,0.0,0.0,0.0,5.68
0.0,0.0,1.0,0.0,0.0,0.0,0.0,5.71
0.0,0.0,1.0,0.0,0.0,0.0,0.0,5.74
0.0,0.0,1.0,0.0,0.0,0.0,0.0,5.77
0.0,0.0,1.0,0.0,0.0,0.0,0.0,5.8
0.0,0.0,1.0,0.0,0.0,0.0,0.0,5.83
0.0,0.0,1.0,0.0,0.0,0.0,0.0,5.86
0.0,0.0,1.0,0.0,0.0,0.0,0.0,5.89
0.0,0.0,1.0,0.0,0.0,0.0,0.0,5.92
0.0,0.0,1.0,0.0,0.0,0.0,0.0,5.95
0.0,0.0,1.0,0.0,0.0,0.0,0.0,5.98
0.0,0.0,1.0,0.0,0.0,0.0,0.0,6.01
0.0,0.0,1.0,0.0,0.0,0.0,0.0,6.04
0.0,0.0,1.0,0.0,0.0,0.0,0.0,6.08
0.0,0.0,1.0,0.0,0.0,0.0,0.0,6.12
0.0,0.0,1.0,0.0,0.0,0.0,0.0,6.15
0.0,0.0,1.0,0.0,0.0,0.0,0.0,6.17
0.0,0.0,1.0,0.0,0.0,0.0,0.0,6.2
0.0,0.0,1.0,0.0,0.0,0.0,0.0,6.23
0.0,0.0,1.0,0.0,0.0,0.0,0.0,6.27
0.0,0.0,1.0,0.0,0.0,0.0,0.0,6.3
0.0,0.0,1.0,0.0,0.0,0.0,0.0,6.33
0.0,0.0,1.0,0.0,0.0,0.0,0.0,6.36
0.0,0.0,1.0,0.0,0.0,0.0,0.0,6.39
0.0,0.0,1.0,0.0,0.0,0.0,0.0,6.42
0.0,0.0,1.0,0.0,0.0,0.0,0.0,6.45
0.0,0.0,1.0,0.0,0.0,0.0,0.0,6.47
0.0,0.0,1.0,0.0,0.0,0.0,0.0,6.5
0.0,0.0,1.0,0.0,0.0,0.0,0.0,6.53
0.0,0.0,1.0,0.0,0.0,0.0,0.0,6.56
0.0,0.0,1.0,0.0,0.0,0.0,0.0,6.59
0.0,0.0,1.0,0.0,0.0,0.0,0.0,6.62
0.0,0.0,1.0,0.0,0.0,0.0,0.0,6.65
0.0,0.0,1.0,0.0,0.0,0.0,0.0,6.68
0.0,0.0,1.0,0.0,0.0,0.0,0.0,6.71
0.0,0.0,1.0,0.0,0.0,0.0,0.0,6.74
0.0,0.0,1.0,0.0,0.0,0.0,0.0,6.77
0.0,0.0,1.0,0.0,0.0,0.0,0.0,6.8
0.0,0.0,1.0,0.0,0.0,0.0,0.0,6.83
0.0,0.0,1.0,0.0,0.0,0.0,0.0,6.87
0.0,0.0,1.0,0.0,0.0,0.0,0.0,6.9
0.0,0.0,1.0,0.0,0.0,0.0,0.0,6.93
0.0,0.0,1.0,0.0,0.0,0.0,0.0,6.96
0.0,0.0,1.0,0.0,0.0,0.0,0.0,6.99
0.0,0.0,1.0,0.0,0.0,0.0,0.0,7.02
0.0,0.0,1.0,0.0,0.0,0.0,0.0,7.05
0.0,0.0,1.0,0.0,0.0,0.0,0.0,7.08
0.0,0.0,1.0,0.0,0.0,0.0,0.0,7.11
0.0,0.0,1.0,0.0,0.0,0.0,0.0,7.14
0.0,0.0,1.0,0.0,0.0,0.0,0.0,7.17
0.0,0.0,1.0,0.0,0.0,0.0,0.0,7.2
0.0,0.0,1.0,0.0,0.0,0.0,0.0,7.23
0.0,0.0,1.0,0.0,0.0,0.0,0.0,7.26
0.0,0.0,1.0,0.0,0.0,0.0,0.0,7.29
0.0,0.0,1.0,0.0,0.0,0.0,0.0,7.32
0.0,0.0,1.0,0.0,0.0,0.0,0.0,7.35
0.0,0.0,1.0,0.0,0.0,0.0,0.0,7.38
0.0,0.0,1.0,0.0,0.0,0.0,0.0,7.41
0.0,0.0,1.0,0.0,0.0,0.0,0.0,7.44
0.0,0.0,1.0,0.0,0.0,0.0,0.0,7.47
0.0,0.0,1.0,0.0,0.0,0.0,0.0,7.5
0.0,0.0,1.0,0.0,0.0,0.0,0.0,7.52
0.0,0.0,1.0,0.0,0.0,0.0,0.0,7.55
0.0,0.0,1.0,0.0,0.0,0.0,0.0,7.58
0.0,0.0,1.0,0.0,0.0,0.0,0.0,7.61
0.0,0.0,1.0,0.0,0.0,0.0,0.0,7.64
0.0,0.0,1.0,0.0,0.0,0.0,0.0,7.67
0.0,0.0,1.0,0.0,0.0,0.0,0.0,7.7
0.0,0.0,1.0,0.0,0.0,0.0,0.0,7.73
0.0,0.0,1.0,0.0,0.0,0.0,0.0,7.76
0.0,0.0,1.0,0.0,0.0,0.0,0.0,7.79
0.0,0.0,1.0,0.0,0.0,0.0,0.0,7.82
0.0,0.0,1.0,0.0,0.0,0.0,0.0,7.85
0.0,0.0,1.0,0.0,0.0,0.0,0.0,7.88
0.0,0.0,1.0,0.0,0.0,0.0,0.0,7.91
0.0,0.0,1.0,0.0,0.0,0.0,0.0,7.94
0.0,0.0,1.0,0.0,0.0,0.0,0.0,7.96
0.0,0.0,1.0,0.0,0.0,0.0,0.0,7.99
0.0,0.0,1.0,0.0,0.0,0.0,0.0,8.02
0.0,0.0,1.0,0.0,0.0,0.0,0.0,8.07
0.0,0.0,1.0,0.0,0.0,0.0,0.0,8.11
0.0,0.0,1.0,0.0,0.0,0.0,0.0,8.14
0.0,0.0,1.0,0.0,0.0,0.0,0.0,8.17
0.0,0.0,1.0,0.0,0.0,0.0,0.0,8.2
0.0,0.0,1.0,0.0,0.0,0.0,0.0,8.23
0.0,0.0,1.0,0.0,0.0,0.0,0.0,8.26
0.0,0.0,1.0,0.0,0.0,0.0,0.0,8.29
0.0,0.0,1.0,0.0,0.0,0.0,0.0,8.32
0.0,0.0,1.0,0.0,0.0,0.0,0.0,8.35
0.0,0.0,1.0,0.0,0.0,0.0,0.0,8.38
0.0,0.0,1.0,0.0,0.0,0.0,0.0,8.42
0.0,0.0,1.0,0.0,0.0,0.0,0.0,8.45
0.0,0.0,1.0,0.0,0.0,0.0,0.0,8.47
0.0,0.0,1.0,0.0,0.0,0.0,0.0,8.5
0.0,0.0,1.0,0.0,0.0,0.0,0.0,8.53
0.0,0.0,1.0,0.0,0.0,0.0,0.0,8.56
0.0,0.0,1.0,0.0,0.0,0.0,0.0,8.59
0.0,0.0,1.0,0.0,0.0,0.0,0.0,8.62
0.0,0.0,1.0,0.0,0.0,0.0,0.0,8.65
0.0,0.0,1.0,0.0,0.0,0.0,0.0,8.68
0.0,0.0,1.0,0.0,0.0,0.0,0.0,8.72
0.0,0.0,1.0,0.0,0.0,0.0,0.0,8.75
0.0,0.0,1.0,0.0,0.0,0.0,0.0,8.78
0.0,0.0,1.0,0.0,0.0,0.0,0.0,8.81
0.0,0.0,1.0,0.0,0.0,0.0,0.0,8.84
0.0,0.0,1.0,0.0,0.0,0.0,0.0,8.87
0.0,0.0,1.0,0.0,0.0,0.0,0.0,8.9
0.0,0.0,1.0,0.0,0.0,0.0,0.0,8.92
0.0,0.0,1.0,0.0,0.0,0.0,0.0,8.95
0.0,0.0,1.0,0.0,0.0,0.0,0.0,8.98
0.0,0.0,1.0,0.0,0.0,0.0,0.0,9.02
0.0,0.0,1.0,0.0,0.0,0.0,0.0,9.05
0.0,0.0,1.0,0.0,0.0,0.0,0.0,9.08
0.0,0.0,1.0,0.0,0.0,0.0,0.0,9.12
0.0,0.0,1.0,0.0,0.0,0.0,0.0,9.15
0.0,0.0,1.0,0.0,0.0,0.0,0.0,9.19
0.0,0.0,1.0,0.0,0.0,0.0,0.0,9.21
0.0,0.0,1.0,0.0,0.0,0.0,0.0,9.25
0.0,0.0,1.0,0.0,0.0,0.0,0.0,9.28
0.0,0.0,1.0,0.0,0.0,0.0,0.0,9.31
0.0,0.0,1.0,0.0,0.0,0.0,0.0,9.34
0.0,0.0,1.0,0.0,0.0,0.0,0.0,9.38
0.0,0.0,1.0,0.0,0.0,0.0,0.0,9.41
0.0,0.0,1.0,0.0,0.0,0.0,0.0,9.44
0.0,0.0,1.0,0.0,0.0,0.0,0.0,9.47
0.0,0.0,1.0,0.0,0.0,0.0,0.0,9.5
0.0,0.0,1.0,0.0,0.0,0.0,0.0,9.53
0.0,0.0,1.0,0.0,0.0,0.0,0.0,9.56
0.0,0.0,1.0,0.0,0.0,0.0,0.0,9.58
0.0,0.0,1.0,0.0,0.0,0.0,0.0,9.62
0.0,0.0,1.0,0.0,0.0,0.0,0.0,9.64
0.0,0.0,1.0,0.0,0.0,0.0,0.0,9.69
0.0,0.0,1.0,0.0,0.0,0.0,0.0,9.72
0.0,0.0,1.0,0.0,0.0,0.0,0.0,9.75
0.0,0.0,1.0,0.0,0.0,0.0,0.0,9.78
0.0,0.0,1.0,0.0,0.0,0.0,0.0,9.81
0.0,0.0,1.0,0.0,0.0,0.0,0.0,9.84
0.0,0.0,1.0,0.0,0.0,0.0,0.0,9.87
0.0,0.0,1.0,0.0,0.0,0.0,0.0,9.9
0.0,0.0,1.0,0.0,0.0,0.0,0.0,9.93
0.0,0.0,1.0,0.0,0.0,0.0,0.0,9.95
0.0,0.0,1.0,0.0,0.0,0.0,0.0,9.98
0.0,0.0,1.0,0.0,0.0,0.0,0.0,10.01
0.0,0.0,1.0,0.0,0.0,0.0,0.0,10.04
0.0,0.0,1.0,0.0,0.0,0.0,0.0,10.07
0.0,0.0,1.0,0.0,0.0,0.0,0.0,10.1
0.0,0.0,1.0,0.0,0.0,0.0,0.0,10.13
0.0,0.0,1.0,0.0,0.0,0.0,0.0,10.16
0.0,0.0,1.0,0.0,0.0,0.0,0.0,10.19
0.0,0.0,1.0,0.0,0.0,0.0,0.0,10.22
0.0,0.0,1.0,0.0,0.0,0.0,0.0,10.25
0.0,0.0,1.0,0.0,0.0,0.0,0.0,10.28
0.0,0.0,1.0,0.0,0.0,0.0,0.0,10.31
0.0,0.0,1.0,0.0,0.0,0.0,0.0,10.34
0.0,0.0,1.0,0.0,0.0,0.0,0.0,10.36
0.0,0.0,1.0,0.0,0.0,0.0,0.0,10.39
0.0,0.0,1.0,0.0,0.0,0.0,0.0,10.42
0.0,0.0,1.0,0.0,0.0,0.0,0.0,10.45
0.0,0.0,1.0,0.0,0.0,0.0,0.0,10.48
0.0,0.0,1.0,0.0,0.0,0.0,0.0,10.51
0.0,0.0,1.0,0.0,0.0,0.0,0.0,10.54
0.0,0.0,1.0,0.0,0.0,0.0,0.0,10.57
0.0,0.0,1.0,0.0,0.0,0.0,0.0,10.6
0.0,0.0,1.0,0.0,0.0,0.0,0.0,10.63
0.0,0.0,1.0,0.0,0.0,0.0,0.0,10.66
0.0,0.0,1.0,0.0,0.0,0.0,0.0,10.69
0.0,0.0,1.0,0.0,0.0,0.0,0.0,10.72
0.0,0.0,1.0,0.0,0.0,0.0,0.0,10.75
0.0,0.0,1.0,0.0,0.0,0.0,0.0,10.78
0.0,0.0,1.0,0.0,0.0,0.0,0.0,10.81
0.0,0.0,1.0,0.0,0.0,0.0,0.0,10.84
0.0,0.0,1.0,0.0,0.0,0.0,0.0,10.86
0.0,0.0,1.0,0.0,0.0,0.0,0.0,10.89
0.0,0.0,1.0,0.0,0.0,0.0,0.0,10.92
0.0,0.0,1.0,0.0,0.0,0.0,0.0,10.95
0.0,0.0,1.0,0.0,0.0,0.0,0.0,10.98
0.0,0.0,1.0,0.0,0.0,0.0,0.0,11.01
0.0,0.0,1.0,0.0,0.0,0.0,0.0,11.04
0.0,0.0,1.0,0.0,0.0,0.0,0.0,11.06
0.0,0.0,1.0,0.0,0.0,0.0,0.0,11.1
0.0,0.0,1.0,0.0,0.0,0.0,0.0,11.13
0.0,0.0,1.0,0.0,0.0,0.0,0.0,11.16
0.0,0.0,1.0,0.0,0.0,0.0,0.0,11.19
0.0,0.0,1.0,0.0,0.0,0.0,0.0,11.21
0.0,0.0,1.0,0.0,0.0,0.0,0.0,11.24
0.0,0.0,1.0,0.0,0.0,0.0,0.0,11.27
0.0,0.0,1.0,0.0,0.0,0.0,0.0,11.3
0.0,0.0,1.0,0.0,0.0,0.0,0.0,11.33
0.0,0.0,1.0,0.0,0.0,0.0,0.0,11.36
0.0,0.0,1.0,0.0,0.0,0.0,0.0,11.4
0.0,0.0,1.0,0.0,0.0,0.0,0.0,11.43
0.0,0.0,1.0,0.0,0.0,0.0,0.0,11.47
0.0,0.0,1.0,0.0,0.0,0.0,0.0,11.5
0.0,0.0,1.0,0.0,0.0,0.0,1.0,11.53
0.0,0.0,1.0,0.0,0.0,0.0,1.0,11.56
0.0,0.0,1.0,0.0,0.0,0.0,1.0,11.59
0.0,0.0,1.0,0.0,0.0,0.0,1.0,11.62
0.0,0.0,1.0,0.0,0.0,0.0,1.0,11.65
0.0,0.0,1.0,0.0,0.0,0.0,1.0,11.68
0.0,0.0,1.0,0.0,0.0,0.0,1.0,11.71
0.0,0.0,1.0,0.0,0.0,0.0,1.0,11.74
0.0,0.0,1.0,0.0,0.0,0.0,1.0,11.78
0.0,0.0,1.0,0.0,0.0,0.0,1.0,11.81
0.0,0.0,1.0,0.0,0.0,0.0,1.0,11.83
0.0,0.0,1.0,0.0,0.0,0.0,1.0,11.86
0.0,0.0,1.0,0.0,0.0,0.0,1.0,11.89
0.0,0.0,1.0,0.0,0.0,0.0,1.0,11.92
0.0,0.0,1.0,0.0,0.0,0.0,1.0,11.95
0.0,0.0,1.0,0.0,0.0,0.0,1.0,11.98
0.0,0.0,1.0,0.0,0.0,0.0,1.0,12.01
0.0,0.0,1.0,0.0,0.0,0.0,1.0,12.04
0.0,0.0,1.0,0.0,0.0,0.0,1.0,12.07
0.0,0.0,1.0,0.0,0.0,0.0,1.0,12.1
0.0,0.0,1.0,0.0,0.0,0.0,1.0,12.13
0.0,0.0,1.0,0.0,0.0,0.0,1.0,12.16
0.0,0.0,1.0,0.0,0.0,0.0,1.0,12.19
0.0,0.0,1.0,0.0,0.0,0.0,1.0,12.21
0.0,0.0,1.0,0.0,0.0,0.0,1.0,12.24
0.0,0.0,1.0,0.0,0.0,0.0,1.0,12.27
0.0,0.0,1.0,0.0,0.0,0.0,1.0,12.3
0.0,0.0,1.0,0.0,0.0,0.0,1.0,12.33
0.0,0.0,1.0,0.0,0.0,0.0,1.0,12.36
0.0,0.0,1.0,0.0,0.0,0.0,1.0,12.39
0.0,0.0,1.0,0.0,0.0,0.0,1.0,12.42
0.0,0.0,1.0,0.0,0.0,0.0,1.0,12.45
0.0,0.0,1.0,0.0,0.0,0.0,1.0,12.48
0.0,0.0,1.0,0.0,0.0,0.0,1.0,12.51
0.0,0.0,1.0,0.0,0.0,0.0,1.0,12.54
0.0,0.0,1.0,0.0,0.0,0.0,1.0,12.58
0.0,0.0,1.0,0.0,0.0,0.0,1.0,12.61
0.0,0.0,1.0,0.0,0.0,0.0,1.0,12.64
0.0,0.0,1.0,0.0,0.0,0.0,1.0,12.67
0.0,0.0,1.0,0.0,0.0,0.0,1.0,12.7
0.0,0.0,1.0,0.0,0.0,0.0,1.0,12.73
0.0,0.0,1.0,0.0,0.0,0.0,1.0,12.76
0.0,0.0,1.0,0.0,0.0,0.0,1.0,12.79
0.0,0.0,1.0,0.0,0.0,0.0,1.0,12.82
0.0,0.0,1.0,0.0,0.0,0.0,1.0,12.85
0.0,0.0,1.0,0.0,0.0,0.0,1.0,12.88
0.0,0.0,1.0,0.0,0.0,0.0,1.0,12.91
0.0,0.0,1.0,0.0,0.0,0.0,1.0,12.94
0.0,0.0,1.0,0.0,0.0,0.0,1.0,12.97
0.0,0.0,1.0,0.0,0.0,0.0,1.0,13.0
0.0,0.0,1.0,0.0,0.0,0.0,1.0,13.03
0.0,0.0,1.0,0.0,0.0,0.0,1.0,13.07
0.0,0.0,1.0,0.0,0.0,0.0,1.0,13.1
0.0,0.0,1.0,0.0,0.0,0.0,1.0,13.13
0.0,0.0,1.0,0.0,0.0,0.0,1.0,13.16
0.0,0.0,1.0,0.0,0.0,0.0,1.0,13.19
0.0,0.0,1.0,0.0,0.0,0.0,1.0,13.22
0.0,0.0,1.0,0.0,0.0,0.0,1.0,13.25
0.0,0.0,1.0,0.0,0.0,0.0,1.0,13.28
0.0,0.0,1.0,0.0,0.0,0.0,1.0,13.31
0.0,0.0,1.0,0.0,0.0,0.0,1.0,13.34
0.0,0.0,1.0,0.0,0.0,0.0,1.0,13.37
0.0,0.0,1.0,0.0,0.0,0.0,1.0,13.4
0.0,0.0,1.0,0.0,0.0,0.0,0.0,13.43
0.0,0.0,1.0,0.0,0.0,0.0,0.0,13.47
0.0,0.0,1.0,0.0,0.0,0.0,0.0,13.5
0.0,0.0,1.0,0.0,0.0,0.0,0.0,13.53
0.0,0.0,1.0,0.0,0.0,0.0,0.0,13.56
0.0,0.0,1.0,0.0,0.0,0.0,0.0,13.6
0.0,0.0,1.0,0.0,0.0,0.0,0.0,13.63
0.0,0.0,1.0,0.0,0.0,0.0,0.0,13.66
0.0,0.0,1.0,0.0,0.0,0.0,0.0,13.69
0.0,0.0,1.0,0.0,0.0,0.0,0.0,13.72
0.0,0.0,1.0,0.0,0.0,0.0,0.0,13.75
0.0,0.0,1.0,0.0,0.0,0.0,0.0,13.78
0.0,0.0,1.0,0.0,0.0,0.0,0.0,13.82
0.0,0.0,1.0,0.0,0.0,0.0,0.0,13.85
0.0,0.0,1.0,0.0,0.0,0.0,0.0,13.87
0.0,0.0,1.0,0.0,0.0,0.0,0.0,13.9
0.0,0.0,1.0,0.0,0.0,0.0,0.0,13.93
0.0,0.0,1.0,0.0,0.0,0.0,0.0,13.96
0.0,0.0,1.0,0.0,0.0,0.0,0.0,13.99
0.0,0.0,1.0,0.0,0.0,0.0,0.0,14.03
0.0,0.0,1.0,0.0,0.0,0.0,0.0,14.07
0.0,0.0,1.0,0.0,0.0,0.0,0.0,14.09
0.0,0.0,1.0,0.0,0.0,0.0,0.0,14.13
0.0,0.0,1.0,0.0,0.0,0.0,0.0,14.16
0.0,0.0,1.0,0.0,0.0,0.0,0.0,14.19
0.0,0.0,1.0,0.0,0.0,0.0,0.0,14.22
0.0,0.0,1.0,0.0,0.0,0.0,0.0,14.26
0.0,0.0,1.0,0.0,0.0,0.0,0.0,14.29
0.0,0.0,1.0,0.0,0.0,0.0,0.0,14.32
0.0,0.0,1.0,0.0,0.0,0.0,0.0,14.35
0.0,0.0,1.0,0.0,0.0,0.0,0.0,14.38
0.0,0.0,1.0,0.0,0.0,0.0,0.0,14.42
0.0,0.0,1.0,0.0,0.0,0.0,0.0,14.46
0.0,0.0,1.0,0.0,0.0,0.0,0.0,14.49
0.0,0.0,1.0,0.0,0.0,0.0,0.0,14.51
0.0,0.0,1.0,0.0,0.0,0.0,0.0,14.54
0.0,0.0,1.0,0.0,0.0,0.0,0.0,14.57
0.0,0.0,1.0,0.0,0.0,0.0,0.0,14.6
0.0,0.0,1.0,0.0,0.0,0.0,0.0,14.63
0.0,0.0,1.0,0.0,0.0,0.0,0.0,14.66
0.0,0.0,1.0,0.0,0.0,0.0,0.0,14.68
0.0,0.0,1.0,0.0,0.0,0.0,0.0,14.71
0.0,0.0,1.0,0.0,0.0,0.0,0.0,14.74
0.0,0.0,1.0,0.0,0.0,0.0,0.0,14.77
0.0,0.0,1.0,0.0,0.0,0.0,0.0,14.8
0.0,0.0,1.0,0.0,0.0,0.0,0.0,14.83
0.0,0.0,1.0,0.0,0.0,0.0,0.0,14.87
0.0,0.0,1.0,0.0,0.0,0.0,0.0,14.9
0.0,0.0,1.0,0.0,0.0,0.0,0.0,14.93
0.0,0.0,1.0,0.0,0.0,0.0,0.0,14.96
0.0,0.0,1.0,0.0,0.0,0.0,0.0,14.99
0.0,0.0,1.0,0.0,0.0,0.0,0.0,15.02
0.0,0.0,1.0,0.0,0.0,0.0,0.0,15.05
0.0,0.0,1.0,0.0,0.0,0.0,0.0,15.08
0.0,0.0,1.0,0.0,0.0,0.0,0.0,15.11
0.0,0.0,1.0,0.0,0.0,0.0,0.0,15.14
0.0,0.0,1.0,0.0,0.0,0.0,0.0,15.17
0.0,0.0,1.0,0.0,0.0,0.0,0.0,15.2
0.0,0.0,1.0,0.0,0.0,0.0,0.0,15.23
0.0,0.0,1.0,0.0,0.0,0.0,0.0,15.26
0.0,0.0,1.0,0.0,0.0,0.0,0.0,15.29
0.0,0.0,1.0,0.0,0.0,0.0,0.0,15.31
0.0,0.0,1.0,0.0,0.0,0.0,0.0,15.34
0.0,0.0,1.0,0.0,0.0,0.0,0.0,15.37
0.0,0.0,1.0,0.0,0.0,0.0,0.0,15.4
0.0,0.0,1.0,0.0,0.0,0.0,0.0,15.43
0.0,0.0,1.0,0.0,0.0,0.0,0.0,15.46
0.0,0.0,1.0,0.0,0.0,0.0,0.0,15.5
0.0,0.0,1.0,0.0,0.0,0.0,0.0,15.53
0.0,0.0,1.0,0.0,0.0,0.0,0.0,15.55
0.0,0.0,1.0,0.0,0.0,0.0,0.0,15.59
0.0,0.0,1.0,0.0,0.0,0.0,0.0,15.62
0.0,0.0,1.0,0.0,0.0,0.0,0.0,15.65
0.0,0.0,1.0,0.0,0.0,0.0,0.0,15.68
0.0,0.0,1.0,0.0,0.0,0.0,0.0,15.71
0.0,0.0,1.0,0.0,0.0,0.0,0.0,15.74
0.0,0.0,1.0,0.0,0.0,0.0,0.0,15.77
0.0,0.0,1.0,0.0,0.0,0.0,0.0,15.8
0.0,0.0,1.0,0.0,0.0,0.0,0.0,15.83
0.0,0.0,1.0,0.0,0.0,0.0,0.0,15.86
0.0,0.0,1.0,0.0,0.0,0.0,0.0,15.89
0.0,0.0,1.0,0.0,0.0,0.0,0.0,15.92
0.0,0.0,1.0,0.0,0.0,0.0,0.0,15.95
0.0,0.0,1.0,0.0,0.0,0.0,0.0,15.97
0.0,0.0,1.0,0.0,0.0,0.0,0.0,16.0
0.0,0.0,1.0,0.0,0.0,0.0,0.0,16.03
0.0,0.0,1.0,0.0,0.0,0.0,0.0,16.07
0.0,0.0,1.0,0.0,0.0,0.0,0.0,16.1
0.0,0.0,1.0,0.0,0.0,0.0,0.0,16.13
0.0,0.0,1.0,0.0,0.0,0.0,0.0,16.16
0.0,0.0,1.0,0.0,0.0,0.0,0.0,16.19
0.0,0.0,1.0,0.0,0.0,0.0,0.0,16.22
0.0,0.0,1.0,0.0,0.0,0.0,0.0,16.25
0.0,0.0,1.0,0.0,0.0,0.0,0.0,16.28
0.0,0.0,1.0,0.0,0.0,0.0,0.0,16.31
0.0,0.0,1.0,0.0,0.0,0.0,0.0,16.34
0.0,0.0,1.0,0.0,0.0,0.0,0.0,16.39
0.0,0.0,1.0,0.0,0.0,0.0,0.0,16.41
0.0,0.0,1.0,0.0,0.0,0.0,0.0,16.44
0.0,0.0,1.0,0.0,0.0,0.0,0.0,16.47
0.0,0.0,1.0,0.0,0.0,0.0,0.0,16.5
0.0,0.0,1.0,0.0,0.0,0.0,0.0,16.53
0.0,0.0,1.0,0.0,0.0,0.0,0.0,16.56
0.0,0.0,1.0,0.0,0.0,0.0,0.0,16.59
0.0,0.0,1.0,0.0,0.0,0.0,0.0,16.62
0.0,0.0,1.0,0.0,0.0,0.0,0.0,16.65
0.0,0.0,1.0,0.0,0.0,0.0,0.0,16.68
0.0,0.0,1.0,0.0,0.0,0.0,0.0,16.71
0.0,0.0,1.0,0.0,0.0,0.0,0.0,16.74
0.0,0.0,1.0,0.0,0.0,0.0,0.0,16.77
0.0,0.0,1.0,0.0,0.0,0.0,0.0,16.8
0.0,0.0,1.0,0.0,0.0,0.0,0.0,16.83
0.0,0.0,1.0,0.0,0.0,0.0,0.0,16.86
0.0,0.0,1.0,0.0,0.0,0.0,0.0,16.88
0.0,0.0,1.0,0.0,0.0,0.0,0.0,16.91
0.0,0.0,1.0,0.0,0.0,0.0,0.0,16.94
0.0,0.0,1.0,0.0,0.0,0.0,0.0,16.97
0.0,0.0,1.0,0.0,0.0,0.0,0.0,17.01
0.0,0.0,1.0,0.0,0.0,0.0,0.0,17.04
0.0,0.0,1.0,0.0,0.0,0.0,0.0,17.07
0.0,0.0,1.0,0.0,0.0,0.0,0.0,17.11
0.0,0.0,1.0,0.0,0.0,0.0,0.0,17.13
0.0,0.0,1.0,0.0,0.0,0.0,0.0,17.16
0.0,0.0,1.0,0.0,0.0,0.0,0.0,17.19
0.0,0.0,1.0,0.0,0.0,0.0,0.0,17.22
0.0,0.0,1.0,0.0,0.0,0.0,0.0,17.25
0.0,0.0,1.0,0.0,0.0,0.0,0.0,17.28
0.0,0.0,1.0,0.0,0.0,0.0,0.0,17.31
0.0,0.0,1.0,0.0,0.0,0.0,0.0,17.34
0.0,0.0,1.0,0.0,0.0,0.0,0.0,17.37
0.0,0.0,1.0,0.0,0.0,0.0,0.0,17.4
0.0,0.0,1.0,0.0,0.0,0.0,0.0,17.43
0.0,0.0,1.0,0.0,0.0,0.0,0.0,17.46
0.0,0.0,1.0,0.0,0.0,0.0,0.0,17.49
0.0,0.0,1.0,0.0,0.0,0.0,0.0,17.52
0.0,0.0,1.0,0.0,0.0,0.0,0.0,17.55
0.0,0.0,1.0,0.0,0.0,0.0,0.0,17.58
0.0,0.0,1.0,0.0,0.0,0.0,0.0,17.61
0.0,0.0,1.0,0.0,0.0,0.0,0.0,17.64
0.0,0.0,1.0,0.0,0.0,0.0,0.0,17.67
0.0,0.0,1.0,0.0,0.0,0.0,0.0,17.7
0.0,0.0,1.0,0.0,0.0,0.0,0.0,17.73
0.0,0.0,1.0,0.0,0.0,0.0,0.0,17.76
0.0,0.0,1.0,0.0,0.0,0.0,0.0,17.78
0.0,0.0,1.0,0.0,0.0,0.0,0.0,17.81
0.0,0.0,1.0,0.0,0.0,0.0,0.0,17.84
0.0,0.0,1.0,0.0,0.0,0.0,0.0,17.87
0.0,0.0,1.0,0.0,0.0,0.0,0.0,17.9
0.0,0.0,1.0,0.0,0.0,0.0,0.0,17.93
0.0,0.0,1.0,0.0,0.0,0.0,0.0,17.96
0.0,0.0,1.0,0.0,0.0,0.0,0.0,18.0
0.0,0.0,1.0,0.0,0.0,0.0,0.0,18.03
0.0,0.0,1.0,0.0,0.0,0.0,0.0,18.06
0.0,0.0,1.0,0.0,0.0,0.0,0.0,18.09
0.0,0.0,1.0,0.0,0.0,0.0,0.0,18.12
0.0,0.0,1.0,0.0,0.0,0.0,0.0,18.15
0.0,0.0,1.0,0.0,0.0,0.0,0.0,18.18
0.0,0.0,1.0,0.0,0.0,0.0,0.0,18.2
0.0,0.0,1.0,0.0,0.0,0.0,0.0,18.23
0.0,0.0,1.0,0.0,0.0,0.0,0.0,18.26
0.0,0.0,1.0,0.0,0.0,0.0,0.0,18.29
0.0,0.0,1.0,0.0,0.0,0.0,0.0,18.32
0.0,0.0,1.0,0.0,0.0,0.0,0.0,18.35
0.0,0.0,1.0,0.0,0.0,0.0,0.0,18.38
0.0,0.0,1.0,0.0,0.0,0.0,0.0,18.41
0.0,0.0,1.0,0.0,0.0,0.0,0.0,18.44
0.0,0.0,1.0,0.0,0.0,0.0,0.0,18.47
0.0,0.0,1.0,0.0,0.0,0.0,0.0,18.5
0.0,0.0,1.0,0.0,0.0,0.0,0.0,18.53
0.0,0.0,1.0,0.0,0.0,0.0,0.0,18.56
0.0,0.0,1.0,0.0,0.0,0.0,0.0,18.59
0.0,0.0,1.0,0.0,0.0,0.0,0.0,18.62
0.0,0.0,1.0,0.0,0.0,0.0,0.0,18.65
0.0,0.0,1.0,0.0,0.0,0.0,0.0,18.68
0.0,0.0,1.0,0.0,0.0,0.0,0.0,18.71
0.0,0.0,1.0,0.0,0.0,0.0,0.0,18.74
0.0,0.0,1.0,0.0,0.0,0.0,0.0,18.77
0.0,0.0,1.0,0.0,0.0,0.0,0.0,18.8
0.0,0.0,1.0,0.0,0.0,0.0,0.0,18.83
0.0,0.0,1.0,0.0,0.0,0.0,0.0,18.86
0.0,0.0,1.0,0.0,0.0,0.0,0.0,18.89
0.0,0.0,1.0,0.0,0.0,0.0,0.0,18.92
0.0,0.0,1.0,0.0,0.0,0.0,0.0,18.95
0.0,0.0,1.0,0.0,0.0,0.0,0.0,18.98
0.0,0.0,1.0,0.0,0.0,0.0,0.0,19.01
0.0,0.0,1.0,0.0,0.0,0.0,0.0,19.04
0.0,0.0,1.0,0.0,0.0,0.0,0.0,19.06
0.0,0.0,1.0,0.0,0.0,0.0,0.0,19.09
0.0,0.0,1.0,0.0,0.0,0.0,0.0,19.12
0.0,0.0,1.0,0.0,0.0,0.0,0.0,19.15
0.0,0.0,1.0,0.0,0.0,0.0,0.0,19.18
0.0,0.0,1.0,0.0,0.0,0.0,0.0,19.21
0.0,0.0,1.0,0.0,0.0,0.0,0.0,19.24
0.0,0.0,1.0,0.0,0.0,0.0,0.0,19.27
0.0,0.0,1.0,0.0,0.0,0.0,0.0,19.31
0.0,0.0,1.0,0.0,0.0,0.0,0.0,19.34
0.0,0.0,1.0,0.0,0.0,0.0,0.0,19.37
0.0,0.0,1.0,0.0,0.0,0.0,0.0,19.4
0.0,0.0,1.0,0.0,0.0,0.0,0.0,19.43
0.0,0.0,1.0,0.0,0.0,0.0,0.0,19.46
0.0,0.0,1.0,0.0,0.0,0.0,0.0,19.49
0.0,0.0,1.0,0.0,0.0,0.0,0.0,19.52
0.0,0.0,1.0,0.0,0.0,0.0,0.0,19.55
0.0,0.0,1.0,0.0,0.0,0.0,0.0,19.58
0.0,0.0,1.0,0.0,0.0,0.0,0.0,19.61
0.0,0.0,1.0,0.0,0.0,0.0,0.0,19.64
0.0,0.0,1.0,0.0,0.0,0.0,0.0,19.67
0.0,0.0,1.0,0.0,0.0,0.0,0.0,19.7
0.0,0.0,1.0,0.0,0.0,0.0,0.0,19.72
0.0,0.0,1.0,0.0,0.0,0.0,0.0,19.75
0.0,0.0,1.0,0.0,0.0,0.0,0.0,19.78
0.0,0.0,1.0,0.0,0.0,0.0,0.0,19.81
0.0,0.0,1.0,0.0,0.0,0.0,0.0,19.84
0.0,0.0,1.0,0.0,0.0,0.0,0.0,19.87
0.0,0.0,1.0,0.0,0.0,0.0,0.0,19.9
0.0,0.0,1.0,0.0,0.0,0.0,0.0,19.93
0.0,0.0,1.0,0.0,0.0,0.0,0.0,19.97
0.0,0.0,1.0,0.0,0.0,0.0,0.0,19.99
0.0,0.0,1.0,0.0,0.0,0.0,0.0,20.03
0.0,0.0,1.0,0.0,0.0,0.0,0.0,20.06
0.0,0.0,1.0,0.0,0.0,0.0,0.0,20.09
0.0,0.0,1.0,0.0,0.0,0.0,0.0,20.12
0.0,0.0,1.0,0.0,0.0,0.0,0.0,20.15
0.0,0.0,1.0,0.0,0.0,0.0,0.0,20.18
0.0,0.0,1.0,0.0,0.0,0.0,0.0,20.21
0.0,0.0,1.0,0.0,0.0,0.0,0.0,20.24
0.0,0.0,1.0,0.0,0.0,0.0,0.0,20.27
0.0,0.0,1.0,0.0,0.0,0.0,0.0,20.3
0.0,0.0,1.0,0.0,0.0,0.0,0.0,20.33
0.0,0.0,1.0,0.0,0.0,0.0,0.0,20.36
0.0,0.0,1.0,0.0,0.0,0.0,0.0,20.39
0.0,0.0,1.0,0.0,0.0,0.0,0.0,20.42
0.0,0.0,1.0,0.0,0.0,0.0,0.0,20.45
0.0,0.0,1.0,0.0,0.0,0.0,0.0,20.48
0.0,0.0,1.0,0.0,0.0,0.0,0.0,20.52
0.0,0.0,1.0,0.0,0.0,0.0,0.0,20.55
0.0,0.0,1.0,0.0,0.0,0.0,0.0,20.58
0.0,0.0,1.0,0.0,0.0,0.0,0.0,20.61
0.0,0.0,1.0,0.0,0.0,0.0,0.0,20.64
0.0,0.0,1.0,0.0,0.0,0.0,0.0,20.67
0.0,0.0,1.0,0.0,0.0,0.0,0.0,20.7
0.0,0.0,1.0,0.0,0.0,0.0,0.0,20.73
0.0,0.0,1.0,0.0,0.0,0.0,0.0,20.76
0.0,0.0,1.0,0.0,0.0,0.0,0.0,20.79
0.0,0.0,1.0,0.0,0.0,0.0,0.0,20.82
0.0,0.0,1.0,0.0,0.0,0.0,0.0,20.86
0.0,0.0,1.0,0.0,0.0,0.0,0.0,20.89
0.0,0.0,1.0,0.0,0.0,0.0,0.0,20.92
0.0,0.0,1.0,0.0,0.0,0.0,0.0,20.94
0.0,0.0,1.0,0.0,0.0,0.0,0.0,20.97
0.0,0.0,1.0,0.0,0.0,0.0,0.0,21.02
0.0,0.0,1.0,0.0,0.0,0.0,0.0,21.05
0.0,0.0,1.0,0.0,0.0,0.0,0.0,21.07
0.0,0.0,1.0,0.0,0.0,0.0,0.0,21.1
0.0,0.0,1.0,0.0,0.0,0.0,0.0,21.14
0.0,0.0,1.0,0.0,0.0,0.0,0.0,21.18
0.0,0.0,1.0,0.0,0.0,0.0,0.0,21.21
0.0,0.0,1.0,0.0,0.0,0.0,0.0,21.24
0.0,0.0,1.0,0.0,0.0,0.0,0.0,21.27
0.0,0.0,1.0,0.0,0.0,0.0,0.0,21.3
0.0,0.0,1.0,0.0,0.0,0.0,0.0,21.33
0.0,0.0,1.0,0.0,0.0,0.0,0.0,21.36
0.0,0.0,1.0,0.0,0.0,0.0,0.0,21.39
0.0,0.0,1.0,0.0,0.0,0.0,0.0,21.42
0.0,0.0,1.0,0.0,0.0,0.0,0.0,21.45
0.0,0.0,1.0,0.0,0.0,0.0,0.0,21.48
0.0,0.0,1.0,0.0,0.0,0.0,0.0,21.51
0.0,0.0,1.0,0.0,0.0,0.0,0.0,21.54
0.0,0.0,1.0,0.0,0.0,0.0,0.0,21.57
0.0,0.0,1.0,0.0,0.0,0.0,0.0,21.6
0.0,0.0,1.0,0.0,0.0,0.0,0.0,21.63
0.0,0.0,1.0,0.0,0.0,0.0,0.0,21.66
0.0,0.0,1.0,0.0,0.0,0.0,0.0,21.69
0.0,0.0,1.0,0.0,0.0,0.0,0.0,21.72
0.0,0.0,1.0,0.0,0.0,0.0,0.0,21.75
0.0,0.0,1.0,0.0,0.0,0.0,0.0,21.78
0.0,0.0,1.0,0.0,0.0,0.0,0.0,21.81
0.0,0.0,1.0,0.0,0.0,0.0,0.0,21.84
0.0,0.0,1.0,0.0,0.0,0.0,0.0,21.87
0.0,0.0,1.0,0.0,0.0,0.0,0.0,21.9
0.0,0.0,1.0,0.0,0.0,0.0,0.0,21.93
0.0,0.0,1.0,0.0,0.0,0.0,0.0,21.95
0.0,0.0,1.0,0.0,0.0,0.0,0.0,21.98
0.0,0.0,1.0,0.0,0.0,0.0,0.0,22.01
0.0,0.0,1.0,0.0,0.0,0.0,0.0,22.04
0.0,0.0,1.0,0.0,0.0,0.0,0.0,22.07
0.0,0.0,1.0,0.0,0.0,0.0,0.0,22.1
0.0,0.0,1.0,0.0,0.0,0.0,0.0,22.14
0.0,0.0,1.0,0.0,0.0,0.0,0.0,22.17
0.0,0.0,1.0,0.0,0.0,0.0,0.0,22.2
0.0,0.0,1.0,0.0,0.0,0.0,0.0,22.24
0.0,0.0,1.0,0.0,0.0,0.0,0.0,22.27
0.0,0.0,1.0,0.0,0.0,0.0,0.0,22.3
0.0,0.0,1.0,0.0,0.0,0.0,0.0,22.33
0.0,0.0,1.0,0.0,0.0,0.0,0.0,22.36
0.0,0.0,1.0,0.0,0.0,0.0,0.0,22.39
0.0,0.0,1.0,0.0,0.0,0.0,0.0,22.42
0.0,0.0,1.0,0.0,0.0,0.0,0.0,22.45
0.0,0.0,1.0,0.0,0.0,0.0,0.0,22.48
0.0,0.0,1.0,0.0,0.0,0.0,0.0,22.51
0.0,0.0,1.0,0.0,0.0,0.0,0.0,22.54
0.0,0.0,1.0,0.0,0.0,0.0,0.0,22.57
0.0,0.0,1.0,0.0,0.0,0.0,0.0,22.6
0.0,0.0,1.0,0.0,0.0,0.0,0.0,22.63
0.0,0.0,1.0,0.0,0.0,0.0,0.0,22.66
0.0,0.0,1.0,0.0,0.0,0.0,0.0,22.69
0.0,0.0,1.0,0.0,0.0,0.0,0.0,22.72
0.0,0.0,1.0,0.0,0.0,0.0,0.0,22.75
0.0,0.0,1.0,0.0,0.0,0.0,0.0,22.78
0.0,0.0,1.0,0.0,0.0,0.0,0.0,22.81
0.0,0.0,1.0,0.0,0.0,0.0,0.0,22.84
0.0,0.0,1.0,0.0,0.0,0.0,0.0,22.87
0.0,0.0,1.0,0.0,0.0,0.0,0.0,22.91
0.0,0.0,1.0,0.0,0.0,0.0,0.0,22.94
0.0,0.0,1.0,0.0,0.0,0.0,0.0,22.97
0.0,0.0,1.0,0.0,0.0,0.0,0.0,23.0
0.0,0.0,1.0,0.0,0.0,0.0,0.0,23.02
0.0,0.0,1.0,0.0,0.0,0.0,0.0,23.05
0.0,0.0,1.0,0.0,0.0,0.0,0.0,23.08
0.0,0.0,1.0,0.0,0.0,0.0,0.0,23.11
0.0,0.0,1.0,0.0,0.0,0.0,0.0,23.14
0.0,0.0,1.0,0.0,0.0,0.0,0.0,23.18
0.0,0.0,1.0,0.0,0.0,0.0,0.0,23.21
0.0,0.0,1.0,0.0,0.0,0.0,0.0,23.24
0.0,0.0,1.0,0.0,0.0,0.0,0.0,23.26
0.0,0.0,1.0,0.0,0.0,0.0,0.0,23.29
0.0,0.0,1.0,0.0,0.0,0.0,0.0,23.32
0.0,0.0,1.0,0.0,0.0,0.0,0.0,23.35
0.0,0.0,1.0,0.0,0.0,0.0,0.0,23.38
0.0,0.0,1.0,0.0,0.0,0.0,0.0,23.41
0.0,0.0,1.0,0.0,0.0,0.0,0.0,23.44
0.0,0.0,1.0,0.0,0.0,0.0,0.0,23.47
0.0,0.0,1.0,0.0,0.0,0.0,0.0,23.5
0.0,0.0,1.0,0.0,0.0,0.0,0.0,23.53
0.0,0.0,1.0,0.0,0.0,0.0,0.0,23.56
0.0,0.0,1.0,0.0,0.0,0.0,0.0,23.6
0.0,0.0,1.0,0.0,0.0,0.0,0.0,23.63
0.0,0.0,1.0,0.0,0.0,0.0,0.0,23.66
0.0,0.0,1.0,0.0,0.0,0.0,0.0,23.69
0.0,0.0,1.0,0.0,0.0,0.0,0.0,23.72
0.0,0.0,1.0,0.0,0.0,0.0,0.0,23.75
0.0,0.0,1.0,0.0,0.0,0.0,0.0,23.78
0.0,0.0,1.0,0.0,0.0,0.0,0.0,23.81
0.0,0.0,1.0,0.0,0.0,0.0,0.0,23.84
0.0,0.0,1.0,0.0,0.0,0.0,0.0,23.87
0.0,0.0,1.0,0.0,0.0,0.0,0.0,23.9
0.0,0.0,1.0,0.0,0.0,0.0,0.0,23.93
0.0,0.0,1.0,0.0,0.0,0.0,0.0,23.96
0.0,0.0,1.0,0.0,0.0,0.0,0.0,23.99
0.0,0.0,1.0,0.0,0.0,0.0,0.0,24.02
0.0,0.0,1.0,0.0,0.0,0.0,0.0,24.05
0.0,0.0,1.0,0.0,0.0,0.0,0.0,24.09
0.0,0.0,1.0,0.0,0.0,0.0,0.0,24.12
0.0,0.0,1.0,0.0,0.0,0.0,0.0,24.15
0.0,0.0,1.0,0.0,0.0,0.0,0.0,24.18
0.0,0.0,1.0,0.0,0.0,0.0,0.0,24.21
0.0,0.0,1.0,0.0,0.0,0.0,0.0,24.24
0.0,0.0,1.0,0.0,0.0,0.0,1.0,24.27
0.0,0.0,1.0,0.0,0.0,0.0,1.0,24.3
0.0,0.0,1.0,0.0,0.0,0.0,1.0,24.33
0.0,0.0,1.0,0.0,0.0,0.0,1.0,24.36
0.0,0.0,1.0,0.0,0.0,0.0,1.0,24.39
0.0,0.0,1.0,0.0,0.0,0.0,1.0,24.42
0.0,0.0,1.0,0.0,0.0,0.0,1.0,24.45
0.0,0.0,1.0,0.0,0.0,0.0,1.0,24.48
0.0,0.0,1.0,0.0,0.0,0.0,1.0,24.51
0.0,0.0,1.0,0.0,0.0,0.0,1.0,24.54
0.0,0.0,1.0,0.0,0.0,0.0,1.0,24.57
0.0,0.0,1.0,0.0,0.0,0.0,1.0,24.6
0.0,0.0,1.0,0.0,0.0,0.0,1.0,24.63
0.0,0.0,1.0,0.0,0.0,0.0,1.0,24.66
0.0,0.0,1.0,0.0,0.0,0.0,1.0,24.69
0.0,0.0,1.0,0.0,0.0,0.0,1.0,24.72
0.0,0.0,1.0,0.0,0.0,0.0,1.0,24.75
0.0,0.0,1.0,0.0,0.0,0.0,1.0,24.78
0.0,0.0,1.0,0.0,0.0,0.0,1.0,24.81
0.0,0.0,1.0,0.0,0.0,0.0,1.0,24.84
0.0,0.0,1.0,0.0,0.0,0.0,1.0,24.87
0.0,0.0,1.0,0.0,0.0,0.0,1.0,24.9
0.0,0.0,1.0,0.0,0.0,0.0,1.0,24.93
0.0,0.0,1.0,0.0,0.0,0.0,1.0,24.97
0.0,0.0,1.0,0.0,0.0,0.0,1.0,25.0
0.0,0.0,1.0,0.0,0.0,0.0,1.0,25.03
0.0,0.0,1.0,0.0,0.0,0.0,1.0,25.06
0.0,0.0,1.0,0.0,0.0,0.0,1.0,25.09
0.0,0.0,1.0,0.0,0.0,0.0,1.0,25.12
0.0,0.0,1.0,0.0,0.0,0.0,1.0,25.15
0.0,0.0,1.0,0.0,0.0,0.0,1.0,25.18
0.0,0.0,1.0,0.0,0.0,0.0,1.0,25.21
0.0,0.0,1.0,0.0,0.0,0.0,1.0,25.24
0.0,0.0,1.0,0.0,0.0,0.0,1.0,25.27
0.0,0.0,1.0,0.0,0.0,0.0,1.0,25.3
0.0,0.0,1.0,0.0,0.0,0.0,1.0,25.33
0.0,0.0,1.0,0.0,0.0,0.0,1.0,25.37
0.0,0.0,0.0,0.0,0.0,0.0,1.0,25.4
0.0,0.0,0.0,0.0,0.0,0.0,1.0,25.43
0.0,0.0,0.0,0.0,0.0,0.0,1.0,25.46
0.0,0.0,0.0,0.0,0.0,0.0,1.0,25.49
0.0,0.0,0.0,0.0,0.0,0.0,1.0,25.52
0.0,0.0,0.0,0.0,0.0,0.0,1.0,25.56
0.0,0.0,0.0,0.0,0.0,0.0,1.0,25.59
0.0,0.0,0.0,0.0,0.0,0.0,1.0,25.62
0.0,0.0,0.0,0.0,0.0,0.0,1.0,25.65
0.0,0.0,0.0,0.0,0.0,0.0,1.0,25.68
0.0,0.0,0.0,0.0,0.0,0.0,1.0,25.71
0.0,0.0,0.0,0.0,0.0,0.0,1.0,25.73
0.0,0.0,0.0,0.0,0.0,0.0,1.0,25.76
0.0,0.0,0.0,0.0,0.0,0.0,1.0,25.79
0.0,0.0,0.0,0.0,0.0,0.0,1.0,25.82
0.0,0.0,0.0,0.0,0.0,0.0,1.0,25.85
0.0,0.0,0.0,0.0,0.0,0.0,1.0,25.88
0.0,0.0,0.0,0.0,0.0,0.0,1.0,25.91
0.0,0.0,0.0,0.0,0.0,0.0,1.0,25.94
0.0,0.0,0.0,0.0,0.0,0.0,1.0,25.97
0.0,0.0,0.0,0.0,0.0,0.0,1.0,26.0
0.0,0.0,0.0,0.0,0.0,0.0,1.0,26.03
0.0,0.0,0.0,0.0,0.0,0.0,1.0,26.06
0.0,0.0,0.0,0.0,0.0,0.0,1.0,26.09
0.0,0.0,0.0,0.0,0.0,0.0,1.0,26.12
0.0,0.0,0.0,0.0,0.0,0.0,1.0,26.15
0.0,0.0,0.0,0.0,0.0,0.0,1.0,26.18
0.0,0.0,0.0,0.0,0.0,0.0,1.0,26.21
0.0,0.0,0.0,0.0,0.0,0.0,1.0,26.23
0.0,0.0,0.0,0.0,0.0,0.0,1.0,26.26
0.0,0.0,0.0,0.0,0.0,0.0,1.0,26.29
0.0,0.0,0.0,0.0,0.0,0.0,1.0,26.32
0.0,0.0,0.0,0.0,0.0,0.0,1.0,26.35
0.0,0.0,0.0,0.0,0.0,0.0,1.0,26.38
0.0,0.0,0.0,0.0,0.0,0.0,1.0,26.41
0.0,0.0,0.0,0.0,0.0,0.0,1.0,26.44
0.0,0.0,0.0,0.0,0.0,0.0,1.0,26.47
0.0,0.0,0.0,0.0,0.0,0.0,1.0,26.5
0.0,0.0,0.0,0.0,0.0,0.0,1.0,26.52
0.0,0.0,0.0,0.0,0.0,0.0,1.0,26.55
0.0,0.0,0.0,0.0,0.0,0.0,1.0,26.58
0.0,0.0,0.0,0.0,0.0,0.0,1.0,26.61
0.0,0.0,0.0,0.0,0.0,0.0,1.0,26.64
0.0,0.0,0.0,0.0,0.0,0.0,1.0,26.67
0.0,0.0,0.0,0.0,0.0,0.0,1.0,26.71
0.0,0.0,0.0,0.0,0.0,0.0,1.0,26.75
0.0,0.0,0.0,0.0,0.0,0.0,1.0,26.78
0.0,0.0,0.0,0.0,0.0,0.0,1.0,26.81
0.0,0.0,0.0,0.0,0.0,0.0,1.0,26.84
0.0,0.0,0.0,0.0,0.0,0.0,1.0,26.87
0.0,0.0,0.0,0.0,0.0,0.0,1.0,26.9
0.0,0.0,0.0,0.0,0.0,0.0,1.0,26.92
0.0,0.0,0.0,0.0,0.0,0.0,1.0,26.96
0.0,0.0,0.0,0.0,0.0,0.0,1.0,26.99
0.0,0.0,0.0,0.0,1.0,0.0,1.0,27.02
0.0,0.0,0.0,0.0,1.0,0.0,1.0,27.05
0.0,0.0,0.0,0.0,1.0,0.0,1.0,27.08
0.0,0.0,0.0,0.0,1.0,0.0,1.0,27.11
0.0,0.0,0.0,0.0,1.0,0.0,0.0,27.14
0.0,0.0,0.0,0.0,1.0,0.0,0.0,27.17
0.0,0.0,0.0,0.0,1.0,0.0,0.0,27.2
0.0,0.0,0.0,0.0,1.0,0.0,0.0,27.23
0.0,0.0,0.0,0.0,1.0,0.0,0.0,27.26
0.0,0.0,0.0,0.0,1.0,0.0,0.0,27.31
0.0,0.0,0.0,0.0,1.0,0.0,0.0,27.34
0.0,0.0,0.0,0.0,1.0,0.0,0.0,27.37
0.0,0.0,0.0,0.0,1.0,0.0,0.0,27.4
0.0,0.0,0.0,0.0,1.0,0.0,0.0,27.43
0.0,0.0,0.0,0.0,1.0,0.0,0.0,27.46
0.0,0.0,0.0,0.0,1.0,0.0,0.0,27.49
0.0,0.0,0.0,0.0,1.0,0.0,0.0,27.52
0.0,0.0,0.0,0.0,1.0,0.0,0.0,27.57
0.0,0.0,0.0,0.0,1.0,0.0,0.0,27.6
0.0,0.0,0.0,0.0,1.0,0.0,0.0,27.63
0.0,0.0,0.0,0.0,1.0,0.0,0.0,27.66
0.0,0.0,0.0,0.0,1.0,0.0,0.0,27.69
0.0,0.0,0.0,0.0,1.0,0.0,0.0,27.73
0.0,0.0,0.0,0.0,1.0,0.0,0.0,27.76
0.0,0.0,0.0,0.0,1.0,0.0,0.0,27.79
0.0,0.0,0.0,0.0,1.0,0.0,0.0,27.82
0.0,0.0,0.0,0.0,1.0,0.0,0.0,27.85
0.0,0.0,0.0,0.0,1.0,0.0,0.0,27.88
0.0,0.0,0.0,0.0,1.0,0.0,0.0,27.91
0.0,0.0,0.0,0.0,1.0,0.0,0.0,27.94
0.0,0.0,0.0,0.0,1.0,0.0,0.0,27.98
0.0,0.0,0.0,0.0,1.0,0.0,0.0,28.01
0.0,0.0,0.0,0.0,1.0,0.0,0.0,28.04
0.0,0.0,0.0,0.0,1.0,0.0,0.0,28.07
0.0,0.0,0.0,0.0,1.0,0.0,0.0,28.09
0.0,0.0,0.0,0.0,1.0,0.0,0.0,28.12
0.0,0.0,0.0,0.0,1.0,0.0,0.0,28.15
0.0,0.0,0.0,0.0,1.0,0.0,0.0,28.18
0.0,0.0,0.0,0.0,1.0,0.0,0.0,28.21
0.0,0.0,0.0,0.0,1.0,0.0,0.0,28.24
0.0,0.0,0.0,0.0,1.0,0.0,0.0,28.27
0.0,0.0,0.0,0.0,1.0,0.0,0.0,28.3
0.0,0.0,0.0,0.0,1.0,0.0,0.0,28.34
0.0,0.0,0.0,0.0,1.0,0.0,0.0,28.36
0.0,0.0,0.0,0.0,1.0,0.0,0.0,28.39
0.0,0.0,0.0,0.0,1.0,0.0,0.0,28.42
0.0,0.0,0.0,0.0,1.0,0.0,0.0,28.46
0.0,0.0,0.0,0.0,1.0,0.0,0.0,28.49
0.0,0.0,0.0,0.0,1.0,0.0,0.0,28.52
0.0,0.0,0.0,0.0,1.0,0.0,0.0,28.55
0.0,0.0,0.0,0.0,1.0,0.0,0.0,28.58
0.0,0.0,0.0,0.0,1.0,0.0,0.0,28.62
0.0,0.0,0.0,0.0,1.0,0.0,0.0,28.65
0.0,0.0,0.0,0.0,1.0,0.0,0.0,28.69
0.0,0.0,0.0,0.0,1.0,0.0,0.0,28.72
0.0,0.0,0.0,0.0,1.0,0.0,0.0,28.74
0.0,0.0,0.0,0.0,1.0,0.0,0.0,28.77
0.0,0.0,0.0,0.0,1.0,0.0,0.0,28.8
0.0,0.0,0.0,0.0,1.0,0.0,0.0,28.84
0.0,0.0,0.0,0.0,1.0,0.0,0.0,28.87
0.0,0.0,0.0,0.0,1.0,0.0,0.0,28.9
0.0,0.0,0.0,0.0,1.0,0.0,0.0,28.93
0.0,0.0,0.0,0.0,1.0,0.0,0.0,28.96
0.0,0.0,0.0,0.0,1.0,0.0,0.0,28.99
0.0,0.0,0.0,0.0,1.0,0.0,0.0,29.02
0.0,0.0,0.0,0.0,1.0,0.0,0.0,29.05
0.0,0.0,0.0,0.0,1.0,0.0,0.0,29.08
0.0,0.0,0.0,0.0,1.0,0.0,0.0,29.11
0.0,0.0,0.0,0.0,1.0,0.0,0.0,29.14
0.0,0.0,0.0,0.0,1.0,0.0,0.0,29.17
0.0,0.0,0.0,0.0,1.0,0.0,0.0,29.19
0.0,0.0,0.0,0.0,1.0,0.0,0.0,29.22
0.0,0.0,0.0,0.0,1.0,0.0,0.0,29.25
0.0,0.0,0.0,0.0,1.0,0.0,0.0,29.28
0.0,0.0,0.0,0.0,1.0,0.0,0.0,29.31
0.0,0.0,0.0,0.0,1.0,0.0,0.0,29.35
0.0,0.0,0.0,0.0,1.0,0.0,0.0,29.37
0.0,0.0,0.0,0.0,1.0,0.0,0.0,29.4
0.0,0.0,0.0,0.0,1.0,0.0,0.0,29.43
0.0,0.0,0.0,0.0,1.0,0.0,0.0,29.46
0.0,0.0,0.0,0.0,1.0,0.0,0.0,29.49
0.0,0.0,0.0,0.0,1.0,0.0,0.0,29.52
0.0,0.0,0.0,0.0,1.0,0.0,0.0,29.55
0.0,0.0,0.0,0.0,1.0,0.0,0.0,29.58
0.0,0.0,0.0,0.0,1.0,0.0,0.0,29.61
0.0,0.0,0.0,0.0,1.0,0.0,0.0,29.64
0.0,0.0,0.0,0.0,1.0,0.0,0.0,29.66
0.0,0.0,0.0,0.0,1.0,0.0,0.0,29.69
0.0,0.0,0.0,0.0,1.0,0.0,0.0,29.72
0.0,0.0,0.0,0.0,1.0,0.0,0.0,29.75
0.0,0.0,0.0,0.0,1.0,0.0,0.0,29.78
0.0,0.0,0.0,0.0,1.0,0.0,0.0,29.81
0.0,0.0,0.0,0.0,1.0,0.0,0.0,29.84
0.0,0.0,0.0,0.0,1.0,0.0,0.0,29.88
0.0,0.0,0.0,0.0,1.0,0.0,0.0,29.92
0.0,0.0,0.0,0.0,1.0,0.0,0.0,29.95
0.0,0.0,0.0,0.0,1.0,0.0,0.0,29.98
0.0,0.0,0.0,0.0,1.0,0.0,0.0,30.01
0.0,0.0,0.0,0.0,1.0,0.0,0.0,30.04
0.0,0.0,0.0,0.0,1.0,0.0,0.0,30.07
0.0,0.0,0.0,0.0,1.0,0.0,0.0,30.1
0.0,0.0,0.0,0.0,1.0,0.0,0.0,30.12
0.0,0.0,0.0,0.0,1.0,0.0,0.0,30.15
0.0,0.0,0.0,0.0,1.0,0.0,0.0,30.18
0.0,0.0,0.0,0.0,1.0,0.0,0.0,30.21
0.0,0.0,0.0,0.0,1.0,0.0,0.0,30.24
0.0,0.0,0.0,0.0,1.0,0.0,0.0,30.27
0.0,0.0,0.0,0.0,1.0,0.0,0.0,30.3
0.0,0.0,0.0,0.0,1.0,0.0,0.0,30.33
0.0,0.0,0.0,0.0,1.0,0.0,0.0,30.36
0.0,0.0,0.0,0.0,1.0,0.0,0.0,30.39
0.0,0.0,0.0,0.0,1.0,0.0,0.0,30.42
0.0,0.0,0.0,0.0,1.0,0.0,0.0,30.44
0.0,0.0,0.0,0.0,1.0,0.0,0.0,30.47
0.0,0.0,0.0,0.0,1.0,0.0,0.0,30.5
0.0,0.0,0.0,0.0,1.0,0.0,0.0,30.54
