0.0,0.0,1.0,0.0,0.0,0.0,0.02
0.0,0.0,0.0,0.0,0.0,0.0,0.13
0.0,0.0,0.0,0.0,0.0,0.0,0.23
0.0,0.0,0.0,0.0,0.0,0.0,0.33
0.0,0.0,0.0,0.0,0.0,0.0,0.44
0.0,0.0,0.0,0.0,0.0,0.0,0.54
0.0,0.0,0.0,0.0,0.0,0.0,0.65
0.0,0.0,0.0,0.0,0.0,0.0,0.75
0.0,0.0,0.0,0.0,0.0,0.0,0.85
0.0,0.0,0.0,0.0,0.0,0.0,0.96
0.0,0.0,0.0,0.0,0.0,0.0,1.06
0.0,0.0,0.0,0.0,0.0,0.0,1.17
0.0,0.0,0.0,0.0,0.0,0.0,1.27
0.0,0.0,0.0,0.0,0.0,0.0,1.38
0.0,0.0,0.0,1.0,0.0,0.0,1.48
0.0,0.0,0.0,1.0,0.0,0.0,1.59
0.0,0.0,0.0,1.0,0.0,0.0,1.69
0.0,0.0,0.0,1.0,0.0,0.0,1.79
0.0,0.0,0.0,1.0,0.0,0.0,1.9
0.0,0.0,0.0,1.0,0.0,0.0,2.0
0.0,0.0,0.0,1.0,0.0,0.0,2.11
0.0,0.0,0.0,1.0,0.0,0.0,2.21
0.0,0.0,0.0,1.0,0.0,0.0,2.31
0.0,0.0,0.0,1.0,0.0,0.0,2.42
0.0,0.0,0.0,1.0,0.0,0.0,2.52
0.0,0.0,0.0,1.0,0.0,0.0,2.62
0.0,0.0,0.0,1.0,0.0,0.0,2.73
0.0,0.0,0.0,1.0,0.0,0.0,2.83
0.0,0.0,0.0,1.0,0.0,0.0,2.96
0.0,0.0,0.0,1.0,0.0,0.0,3.07
0.0,0.0,0.0,1.0,0.0,0.0,3.17
0.0,0.0,0.0,1.0,0.0,0.0,3.27
0.0,0.0,0.0,1.0,0.0,0.0,3.38
0.0,0.0,0.0,1.0,0.0,0.0,3.48
0.0,0.0,0.0,1.0,0.0,0.0,3.58
0.0,0.0,0.0,1.0,0.0,0.0,3.69
0.0,0.0,0.0,1.0,0.0,0.0,3.79
0.0,0.0,0.0,1.0,0.0,0.0,3.9
0.0,0.0,0.0,1.0,0.0,0.0,4.0
0.0,0.0,0.0,1.0,0.0,0.0,4.11
0.0,0.0,0.0,1.0,0.0,0.0,4.21
0.0,0.0,0.0,1.0,0.0,0.0,4.31
0.0,0.0,0.0,1.0,0.0,0.0,4.42
0.0,0.0,0.0,1.0,0.0,0.0,4.52
0.0,0.0,0.0,1.0,0.0,0.0,4.62
0.0,0.0,0.0,1.0,0.0,0.0,4.73
0.0,0.0,0.0,1.0,0.0,0.0,4.83
0.0,0.0,0.0,1.0,0.0,0.0,4.94
0.0,0.0,0.0,1.0,0.0,0.0,5.04
0.0,0.0,0.0,1.0,0.0,0.0,5.15
0.0,0.0,0.0,1.0,0.0,0.0,5.27
0.0,0.0,0.0,1.0,0.0,0.0,5.37
0.0,0.0,0.0,1.0,0.0,0.0,5.47
0.0,0.0,0.0,1.0,0.0,0.0,5.58
0.0,0.0,0.0,1.0,0.0,0.0,5.69
0.0,0.0,0.0,1.0,0.0,0.0,5.8
0.0,0.0,0.0,1.0,0.0,0.0,5.9
0.0,0.0,0.0,1.0,0.0,0.0,6.01
0.0,0.0,0.0,1.0,0.0,0.0,6.11
0.0,0.0,0.0,1.0,0.0,0.0,6.22
0.0,0.0,0.0,1.0,0.0,0.0,6.32
0.0,0.0,0.0,1.0,0.0,0.0,6.43
0.0,0.0,0.0,1.0,0.0,0.0,6.54
0.0,0.0,0.0,1.0,0.0,0.0,6.64
0.0,0.0,0.0,1.0,0.0,0.0,6.75
0.0,0.0,0.0,1.0,0.0,0.0,6.85
0.0,0.0,0.0,1.0,0.0,0.0,6.96
0.0,0.0,0.0,1.0,0.0,0.0,7.07
0.0,0.0,0.0,1.0,0.0,0.0,7.17
0.0,0.0,0.0,1.0,0.0,0.0,7.28
0.0,0.0,0.0,1.0,0.0,0.0,7.39
0.0,0.0,0.0,1.0,0.0,0.0,7.49
0.0,0.0,0.0,1.0,0.0,0.0,7.6
0.0,0.0,0.0,1.0,0.0,0.0,7.7
0.0,0.0,0.0,1.0,0.0,0.0,7.81
0.0,0.0,0.0,1.0,0.0,0.0,7.91
0.0,0.0,0.0,1.0,0.0,0.0,8.02
0.0,0.0,0.0,1.0,0.0,0.0,8.13
0.0,0.0,0.0,1.0,0.0,0.0,8.23
0.0,0.0,0.0,1.0,0.0,0.0,8.34
0.0,0.0,0.0,1.0,0.0,0.0,8.44
0.0,0.0,0.0,1.0,0.0,0.0,8.55
0.0,0.0,0.0,1.0,0.0,0.0,8.66
0.0,0.0,0.0,1.0,0.0,0.0,8.76
0.0,0.0,0.0,1.0,0.0,0.0,8.87
0.0,0.0,0.0,1.0,0.0,0.0,8.97
0.0,0.0,0.0,1.0,0.0,0.0,9.08
0.0,0.0,0.0,1.0,0.0,0.0,9.18
0.0,0.0,0.0,1.0,0.0,0.0,9.29
0.0,0.0,0.0,1.0,0.0,0.0,9.4
0.0,0.0,0.0,1.0,0.0,0.0,9.5
0.0,0.0,0.0,1.0,0.0,0.0,9.61
0.0,0.0,0.0,1.0,0.0,0.0,9.72
0.0,0.0,0.0,1.0,0.0,0.0,9.83
0.0,0.0,0.0,1.0,0.0,0.0,9.93
0.0,0.0,0.0,1.0,0.0,0.0,10.04
0.0,0.0,0.0,1.0,0.0,0.0,10.14
0.0,0.0,0.0,1.0,0.0,0.0,10.25
0.0,0.0,0.0,1.0,0.0,0.0,10.36
0.0,0.0,0.0,1.0,0.0,0.0,10.46
0.0,0.0,0.0,1.0,0.0,0.0,10.57
0.0,0.0,0.0,1.0,0.0,0.0,10.68
0.0,0.0,0.0,1.0,0.0,0.0,10.79
0.0,0.0,0.0,1.0,0.0,0.0,10.9
0.0,0.0,0.0,1.0,0.0,0.0,11.01
0.0,0.0,0.0,1.0,0.0,0.0,11.11
0.0,0.0,0.0,1.0,0.0,0.0,11.22
0.0,0.0,0.0,1.0,0.0,0.0,11.33
0.0,0.0,0.0,1.0,0.0,0.0,11.43
0.0,0.0,0.0,1.0,0.0,0.0,11.53
0.0,0.0,0.0,1.0,0.0,0.0,11.64
0.0,0.0,0.0,1.0,0.0,0.0,11.74
0.0,0.0,0.0,1.0,0.0,0.0,11.85
0.0,0.0,0.0,1.0,0.0,0.0,11.96
0.0,0.0,0.0,1.0,0.0,0.0,12.07
0.0,0.0,0.0,1.0,0.0,0.0,12.17
0.0,0.0,0.0,1.0,0.0,0.0,12.28
0.0,0.0,0.0,1.0,0.0,0.0,12.38
0.0,0.0,0.0,1.0,0.0,0.0,12.49
0.0,0.0,0.0,1.0,0.0,0.0,12.59
0.0,0.0,0.0,1.0,0.0,0.0,12.7
0.0,0.0,0.0,1.0,0.0,0.0,12.8
0.0,0.0,0.0,1.0,0.0,0.0,12.91
0.0,0.0,0.0,1.0,0.0,0.0,13.02
0.0,0.0,0.0,1.0,0.0,0.0,13.12
0.0,0.0,0.0,1.0,0.0,0.0,13.23
0.0,0.0,0.0,1.0,0.0,0.0,13.34
0.0,0.0,0.0,1.0,0.0,0.0,13.44
0.0,0.0,0.0,1.0,0.0,0.0,13.55
0.0,0.0,0.0,1.0,0.0,0.0,13.65
0.0,0.0,0.0,1.0,0.0,0.0,13.76
0.0,0.0,0.0,1.0,0.0,0.0,13.87
0.0,0.0,0.0,1.0,0.0,0.0,13.98
0.0,0.0,0.0,1.0,0.0,0.0,14.08
0.0,0.0,0.0,1.0,0.0,0.0,14.19
0.0,0.0,0.0,1.0,0.0,0.0,14.3
0.0,0.0,0.0,1.0,0.0,0.0,14.4
0.0,0.0,0.0,1.0,0.0,0.0,14.51
0.0,0.0,0.0,1.0,0.0,0.0,14.62
0.0,0.0,0.0,1.0,0.0,0.0,14.72
0.0,0.0,0.0,1.0,0.0,0.0,14.83
0.0,0.0,0.0,1.0,0.0,0.0,14.93
0.0,0.0,0.0,1.0,0.0,0.0,15.04
0.0,0.0,0.0,1.0,0.0,0.0,15.15
0.0,0.0,0.0,1.0,0.0,0.0,15.25
0.0,0.0,0.0,1.0,0.0,0.0,15.36
0.0,0.0,0.0,1.0,0.0,0.0,15.46
0.0,0.0,0.0,1.0,0.0,0.0,15.57
0.0,0.0,0.0,1.0,0.0,0.0,15.68
0.0,0.0,0.0,1.0,0.0,0.0,15.79
0.0,0.0,0.0,1.0,0.0,0.0,15.9
0.0,0.0,0.0,1.0,0.0,0.0,16.0
0.0,0.0,0.0,1.0,0.0,0.0,16.11
0.0,0.0,0.0,1.0,0.0,0.0,16.21
0.0,0.0,0.0,1.0,0.0,0.0,16.32
0.0,0.0,0.0,1.0,0.0,0.0,16.42
0.0,0.0,0.0,1.0,0.0,0.0,16.53
0.0,0.0,0.0,1.0,0.0,0.0,16.63
0.0,0.0,0.0,1.0,0.0,0.0,16.74
0.0,0.0,0.0,1.0,0.0,0.0,16.86
0.0,0.0,0.0,1.0,0.0,0.0,16.96
0.0,0.0,0.0,1.0,0.0,0.0,17.07
0.0,0.0,0.0,1.0,0.0,0.0,17.17
0.0,0.0,0.0,1.0,0.0,0.0,17.28
0.0,0.0,0.0,1.0,0.0,0.0,17.38
0.0,0.0,0.0,1.0,0.0,0.0,17.48
0.0,0.0,0.0,1.0,0.0,0.0,17.59
0.0,0.0,0.0,1.0,0.0,0.0,17.69
0.0,0.0,0.0,1.0,0.0,0.0,17.8
0.0,0.0,0.0,1.0,0.0,0.0,17.9
0.0,0.0,0.0,1.0,0.0,0.0,18.0
0.0,0.0,0.0,1.0,0.0,0.0,18.11
0.0,0.0,0.0,1.0,0.0,0.0,18.21
0.0,0.0,0.0,1.0,0.0,0.0,18.31
0.0,0.0,0.0,1.0,0.0,0.0,18.42
0.0,0.0,0.0,1.0,0.0,0.0,18.52
0.0,0.0,0.0,1.0,0.0,0.0,18.63
0.0,0.0,0.0,1.0,0.0,0.0,18.73
0.0,0.0,0.0,1.0,0.0,0.0,18.84
0.0,0.0,0.0,1.0,0.0,0.0,18.94
0.0,0.0,0.0,1.0,0.0,0.0,19.06
0.0,0.0,0.0,1.0,0.0,0.0,19.17
0.0,0.0,0.0,1.0,0.0,0.0,19.27
0.0,0.0,0.0,1.0,0.0,0.0,19.38
0.0,0.0,0.0,1.0,0.0,0.0,19.48
0.0,0.0,0.0,1.0,0.0,0.0,19.59
0.0,0.0,0.0,1.0,0.0,0.0,19.69
0.0,0.0,0.0,1.0,0.0,0.0,19.8
0.0,0.0,0.0,1.0,0.0,0.0,19.9
0.0,0.0,0.0,1.0,0.0,0.0,20.0
0.0,0.0,0.0,1.0,0.0,0.0,20.11
0.0,0.0,0.0,1.0,0.0,0.0,20.21
0.0,0.0,0.0,1.0,0.0,0.0,20.32
0.0,0.0,0.0,1.0,0.0,0.0,20.43
0.0,0.0,0.0,1.0,0.0,0.0,20.54
0.0,0.0,0.0,1.0,0.0,0.0,20.64
0.0,0.0,0.0,1.0,0.0,0.0,20.75
0.0,0.0,0.0,1.0,0.0,0.0,20.85
0.0,0.0,0.0,1.0,0.0,0.0,20.95
0.0,0.0,0.0,1.0,0.0,0.0,21.06
0.0,0.0,0.0,1.0,0.0,0.0,21.16
0.0,0.0,0.0,1.0,0.0,0.0,21.27
0.0,0.0,0.0,1.0,0.0,0.0,21.37
0.0,0.0,0.0,1.0,0.0,0.0,21.48
0.0,0.0,0.0,1.0,0.0,0.0,21.58
0.0,0.0,0.0,1.0,0.0,0.0,21.68
0.0,0.0,0.0,1.0,0.0,0.0,21.79
0.0,0.0,0.0,1.0,0.0,0.0,21.9
0.0,0.0,0.0,1.0,0.0,0.0,22.0
0.0,0.0,0.0,1.0,0.0,0.0,22.11
0.0,0.0,0.0,1.0,0.0,0.0,22.22
0.0,0.0,0.0,1.0,0.0,0.0,22.33
0.0,0.0,0.0,1.0,0.0,0.0,22.44
0.0,0.0,0.0,1.0,0.0,0.0,22.54
0.0,0.0,0.0,1.0,0.0,0.0,22.65
0.0,0.0,0.0,1.0,0.0,0.0,22.75
0.0,0.0,0.0,1.0,0.0,0.0,22.85
0.0,0.0,0.0,1.0,0.0,0.0,22.96
0.0,0.0,0.0,1.0,0.0,0.0,23.07
0.0,0.0,0.0,1.0,0.0,0.0,23.17
0.0,0.0,0.0,1.0,0.0,0.0,23.28
0.0,0.0,0.0,1.0,0.0,0.0,23.38
0.0,0.0,0.0,1.0,0.0,0.0,23.48
0.0,0.0,0.0,1.0,0.0,0.0,23.59
0.0,0.0,0.0,1.0,0.0,0.0,23.69
0.0,0.0,0.0,1.0,0.0,0.0,23.8
0.0,0.0,0.0,1.0,0.0,0.0,23.91
0.0,0.0,0.0,1.0,0.0,0.0,24.01
0.0,0.0,0.0,1.0,0.0,0.0,24.12
0.0,0.0,0.0,1.0,0.0,0.0,24.22
0.0,0.0,0.0,1.0,0.0,0.0,24.33
0.0,0.0,0.0,1.0,0.0,0.0,24.43
0.0,0.0,0.0,1.0,0.0,0.0,24.54
0.0,0.0,0.0,1.0,0.0,0.0,24.64
0.0,0.0,0.0,1.0,0.0,0.0,24.75
0.0,0.0,0.0,1.0,0.0,0.0,24.85
0.0,0.0,0.0,1.0,0.0,0.0,24.96
0.0,0.0,0.0,1.0,0.0,0.0,25.06
0.0,0.0,0.0,1.0,0.0,0.0,25.17
0.0,0.0,0.0,1.0,0.0,0.0,25.27
0.0,0.0,0.0,1.0,0.0,0.0,25.38
0.0,0.0,0.0,1.0,0.0,0.0,25.48
0.0,0.0,0.0,1.0,0.0,0.0,25.59
0.0,0.0,0.0,1.0,0.0,0.0,25.69
0.0,0.0,0.0,1.0,0.0,0.0,25.8
0.0,0.0,0.0,1.0,0.0,0.0,25.9
0.0,0.0,0.0,1.0,0.0,0.0,26.01
0.0,0.0,0.0,1.0,0.0,0.0,26.11
0.0,0.0,0.0,1.0,0.0,0.0,26.22
0.0,0.0,0.0,1.0,0.0,0.0,26.32
0.0,0.0,0.0,1.0,0.0,0.0,26.43
0.0,0.0,0.0,1.0,0.0,0.0,26.53
0.0,0.0,0.0,1.0,0.0,0.0,26.64
0.0,0.0,0.0,1.0,0.0,0.0,26.74
0.0,0.0,0.0,1.0,0.0,0.0,26.85
0.0,0.0,0.0,1.0,0.0,0.0,26.95
0.0,0.0,0.0,1.0,0.0,0.0,27.06
0.0,0.0,0.0,1.0,0.0,0.0,27.16
0.0,0.0,0.0,1.0,0.0,0.0,27.27
0.0,0.0,0.0,1.0,0.0,0.0,27.37
0.0,0.0,0.0,1.0,0.0,0.0,27.47
0.0,0.0,0.0,1.0,0.0,0.0,27.58
0.0,0.0,0.0,1.0,0.0,0.0,27.69
0.0,0.0,0.0,1.0,0.0,0.0,27.79
0.0,0.0,0.0,1.0,0.0,0.0,27.9
0.0,0.0,0.0,1.0,0.0,0.0,28.0
0.0,0.0,0.0,1.0,0.0,0.0,28.11
0.0,0.0,0.0,1.0,0.0,0.0,28.21
0.0,0.0,0.0,1.0,0.0,0.0,28.32
0.0,0.0,0.0,1.0,0.0,0.0,28.42
0.0,0.0,0.0,1.0,0.0,0.0,28.53
0.0,0.0,0.0,1.0,0.0,0.0,28.63
0.0,0.0,0.0,1.0,0.0,0.0,28.74
0.0,0.0,0.0,1.0,0.0,0.0,28.85
0.0,0.0,0.0,1.0,0.0,0.0,28.95
0.0,0.0,0.0,1.0,0.0,0.0,29.06
0.0,0.0,0.0,1.0,0.0,0.0,29.17
0.0,0.0,0.0,1.0,0.0,0.0,29.27
0.0,0.0,0.0,1.0,0.0,0.0,29.37
0.0,0.0,0.0,1.0,0.0,0.0,29.48
0.0,0.0,0.0,1.0,0.0,0.0,29.58
0.0,0.0,0.0,1.0,0.0,0.0,29.69
0.0,0.0,0.0,1.0,0.0,0.0,29.8
0.0,0.0,0.0,1.0,0.0,0.0,29.9
0.0,0.0,0.0,1.0,0.0,0.0,30.0
0.0,0.0,0.0,1.0,0.0,0.0,30.11
0.0,0.0,0.0,1.0,0.0,0.0,30.21
0.0,0.0,0.0,1.0,0.0,0.0,30.32
0.0,0.0,0.0,1.0,0.0,0.0,30.42
0.0,0.0,0.0,1.0,0.0,0.0,30.53
0.0,0.0,0.0,1.0,0.0,0.0,30.63
0.0,0.0,0.0,1.0,0.0,0.0,30.73
0.0,0.0,0.0,1.0,0.0,0.0,30.84
0.0,0.0,0.0,1.0,0.0,0.0,30.95
0.0,0.0,0.0,1.0,0.0,0.0,31.05
0.0,0.0,0.0,1.0,0.0,0.0,31.15
0.0,0.0,0.0,1.0,0.0,0.0,31.26
0.0,0.0,0.0,1.0,0.0,0.0,31.36
0.0,0.0,0.0,1.0,0.0,0.0,31.47
0.0,0.0,0.0,1.0,0.0,0.0,31.57
0.0,0.0,0.0,1.0,0.0,0.0,31.68
0.0,0.0,0.0,1.0,0.0,0.0,31.78
0.0,0.0,0.0,1.0,0.0,0.0,31.89
0.0,0.0,0.0,1.0,0.0,0.0,31.99
0.0,0.0,0.0,1.0,0.0,0.0,32.1
0.0,0.0,0.0,1.0,0.0,0.0,32.2
0.0,0.0,0.0,1.0,0.0,0.0,32.31
0.0,0.0,0.0,1.0,0.0,0.0,32.41
0.0,0.0,0.0,1.0,0.0,0.0,32.52
0.0,0.0,0.0,1.0,0.0,0.0,32.62
0.0,0.0,0.0,1.0,0.0,0.0,32.73
0.0,0.0,0.0,1.0,0.0,0.0,32.83
0.0,0.0,0.0,1.0,0.0,0.0,32.94
0.0,0.0,0.0,1.0,0.0,0.0,33.04
0.0,0.0,0.0,1.0,0.0,0.0,33.14
0.0,0.0,0.0,1.0,0.0,0.0,33.25
0.0,0.0,0.0,1.0,0.0,0.0,33.36
0.0,0.0,0.0,1.0,0.0,0.0,33.46
0.0,0.0,0.0,1.0,0.0,0.0,33.57
0.0,0.0,0.0,1.0,0.0,0.0,33.67
0.0,0.0,0.0,1.0,0.0,0.0,33.78
0.0,0.0,0.0,1.0,0.0,0.0,33.88
0.0,0.0,0.0,1.0,0.0,0.0,33.99
0.0,0.0,0.0,1.0,0.0,0.0,34.09
0.0,0.0,0.0,1.0,0.0,0.0,34.2
0.0,0.0,0.0,1.0,0.0,0.0,34.3
0.0,0.0,0.0,1.0,0.0,0.0,34.4
0.0,0.0,0.0,1.0,0.0,0.0,34.51
0.0,0.0,0.0,1.0,0.0,0.0,34.62
0.0,0.0,0.0,1.0,0.0,0.0,34.72
0.0,0.0,0.0,1.0,0.0,0.0,34.82
0.0,0.0,0.0,1.0,0.0,0.0,34.93
0.0,0.0,0.0,1.0,0.0,0.0,35.04
0.0,0.0,0.0,1.0,0.0,0.0,35.16
0.0,0.0,0.0,1.0,0.0,0.0,35.27
0.0,0.0,0.0,1.0,0.0,0.0,35.37
0.0,0.0,0.0,1.0,0.0,0.0,35.48
0.0,0.0,0.0,1.0,0.0,0.0,35.58
0.0,0.0,0.0,1.0,0.0,0.0,35.68
0.0,0.0,0.0,1.0,0.0,0.0,35.79
0.0,0.0,0.0,1.0,0.0,0.0,35.9
0.0,0.0,0.0,1.0,0.0,0.0,36.01
0.0,0.0,0.0,1.0,0.0,0.0,36.11
0.0,0.0,0.0,1.0,0.0,0.0,36.22
0.0,0.0,0.0,1.0,0.0,0.0,36.32
0.0,0.0,0.0,1.0,0.0,0.0,36.42
0.0,0.0,0.0,1.0,0.0,0.0,36.53
0.0,0.0,0.0,1.0,0.0,0.0,36.63
0.0,0.0,0.0,1.0,0.0,0.0,36.74
0.0,0.0,0.0,1.0,0.0,0.0,36.85
0.0,0.0,0.0,1.0,0.0,0.0,36.96
0.0,0.0,0.0,1.0,0.0,0.0,37.06
0.0,0.0,0.0,1.0,0.0,0.0,37.17
0.0,0.0,0.0,1.0,0.0,0.0,37.27
0.0,0.0,0.0,1.0,0.0,0.0,37.38
0.0,0.0,0.0,1.0,0.0,0.0,37.48
0.0,0.0,0.0,1.0,0.0,0.0,37.59
0.0,0.0,0.0,1.0,0.0,0.0,37.69
0.0,0.0,0.0,1.0,0.0,0.0,37.8
0.0,0.0,0.0,1.0,0.0,0.0,37.9
0.0,0.0,0.0,1.0,0.0,0.0,38.01
0.0,0.0,0.0,1.0,0.0,0.0,38.11
0.0,0.0,0.0,1.0,0.0,0.0,38.22
0.0,0.0,0.0,1.0,0.0,0.0,38.33
0.0,0.0,0.0,1.0,0.0,0.0,38.43
0.0,0.0,0.0,1.0,0.0,0.0,38.54
0.0,0.0,0.0,1.0,0.0,0.0,38.64
0.0,0.0,0.0,1.0,0.0,0.0,38.75
0.0,0.0,0.0,1.0,0.0,0.0,38.87
0.0,0.0,0.0,1.0,0.0,0.0,38.97
0.0,0.0,0.0,1.0,0.0,0.0,39.07
0.0,0.0,0.0,1.0,0.0,0.0,39.18
0.0,0.0,0.0,1.0,0.0,0.0,39.29
0.0,0.0,0.0,1.0,0.0,0.0,39.39
0.0,0.0,0.0,1.0,0.0,0.0,39.5
0.0,0.0,0.0,1.0,0.0,0.0,39.6
0.0,0.0,0.0,1.0,0.0,0.0,39.71
0.0,0.0,0.0,1.0,0.0,0.0,39.81
0.0,0.0,0.0,1.0,0.0,0.0,39.92
0.0,0.0,0.0,1.0,0.0,0.0,40.02
0.0,0.0,0.0,1.0,0.0,0.0,40.13
0.0,0.0,0.0,1.0,0.0,0.0,40.24
0.0,0.0,0.0,1.0,0.0,0.0,40.34
0.0,0.0,0.0,1.0,0.0,0.0,40.44
0.0,0.0,0.0,1.0,0.0,0.0,40.56
0.0,0.0,0.0,1.0,0.0,0.0,40.66
0.0,0.0,0.0,1.0,0.0,0.0,40.77
0.0,0.0,0.0,1.0,0.0,0.0,40.87
0.0,0.0,0.0,1.0,0.0,0.0,40.98
0.0,0.0,0.0,1.0,0.0,0.0,41.08
0.0,0.0,0.0,1.0,0.0,0.0,41.18
0.0,0.0,0.0,1.0,0.0,0.0,41.29
0.0,0.0,0.0,1.0,0.0,0.0,41.39
0.0,0.0,0.0,1.0,0.0,0.0,41.5
0.0,0.0,0.0,1.0,0.0,0.0,41.61
0.0,0.0,0.0,1.0,0.0,0.0,41.72
0.0,0.0,0.0,1.0,0.0,0.0,41.82
0.0,0.0,0.0,1.0,0.0,0.0,41.94
0.0,0.0,0.0,1.0,0.0,0.0,42.04
0.0,0.0,0.0,1.0,0.0,0.0,42.15
0.0,0.0,0.0,1.0,0.0,0.0,42.25
0.0,0.0,0.0,1.0,0.0,0.0,42.36
0.0,0.0,0.0,1.0,0.0,0.0,42.46
0.0,0.0,0.0,1.0,0.0,0.0,42.57
0.0,0.0,0.0,1.0,0.0,0.0,42.67
0.0,0.0,0.0,1.0,0.0,0.0,42.78
0.0,0.0,0.0,1.0,0.0,0.0,42.88
0.0,0.0,0.0,1.0,0.0,0.0,42.99
0.0,0.0,0.0,1.0,0.0,0.0,43.09
0.0,0.0,0.0,1.0,0.0,0.0,43.2
0.0,0.0,0.0,1.0,0.0,0.0,43.3
0.0,0.0,0.0,1.0,0.0,0.0,43.4
0.0,0.0,0.0,1.0,0.0,0.0,43.51
0.0,0.0,0.0,1.0,0.0,0.0,43.61
0.0,0.0,0.0,1.0,0.0,0.0,43.71
0.0,0.0,0.0,1.0,0.0,0.0,43.82
0.0,0.0,0.0,1.0,0.0,0.0,43.92
0.0,0.0,0.0,1.0,0.0,0.0,44.03
0.0,0.0,0.0,1.0,0.0,0.0,44.13
0.0,0.0,0.0,1.0,0.0,0.0,44.24
0.0,0.0,0.0,1.0,0.0,0.0,44.34
0.0,0.0,0.0,1.0,0.0,0.0,44.44
0.0,0.0,0.0,1.0,0.0,0.0,44.55
0.0,0.0,0.0,1.0,0.0,0.0,44.65
0.0,0.0,0.0,1.0,0.0,0.0,44.77
0.0,0.0,0.0,1.0,0.0,0.0,44.87
0.0,0.0,0.0,1.0,0.0,0.0,44.98
0.0,0.0,0.0,1.0,0.0,0.0,45.08
0.0,0.0,0.0,1.0,0.0,0.0,45.18
0.0,0.0,0.0,1.0,0.0,0.0,45.29
0.0,0.0,0.0,1.0,0.0,0.0,45.4
0.0,0.0,0.0,1.0,0.0,0.0,45.5
0.0,0.0,0.0,1.0,0.0,0.0,45.61
0.0,0.0,0.0,1.0,0.0,0.0,45.71
0.0,0.0,0.0,1.0,0.0,0.0,45.82
0.0,0.0,0.0,1.0,0.0,0.0,45.92
0.0,0.0,0.0,1.0,0.0,0.0,46.02
0.0,0.0,0.0,1.0,0.0,0.0,46.13
0.0,0.0,0.0,1.0,0.0,0.0,46.23
0.0,0.0,0.0,1.0,0.0,0.0,46.34
0.0,0.0,0.0,1.0,0.0,0.0,46.44
0.0,0.0,0.0,1.0,0.0,0.0,46.55
0.0,0.0,0.0,1.0,0.0,0.0,46.65
0.0,0.0,0.0,1.0,0.0,0.0,46.76
0.0,0.0,0.0,1.0,0.0,0.0,46.86
0.0,0.0,0.0,1.0,0.0,0.0,46.97
0.0,0.0,0.0,1.0,0.0,0.0,47.09
0.0,0.0,0.0,1.0,0.0,0.0,47.2
0.0,0.0,0.0,1.0,0.0,0.0,47.3
0.0,0.0,0.0,1.0,0.0,0.0,47.41
0.0,0.0,0.0,1.0,0.0,0.0,47.51
0.0,0.0,0.0,1.0,0.0,0.0,47.62
0.0,0.0,0.0,1.0,0.0,0.0,47.72
0.0,0.0,0.0,1.0,0.0,0.0,47.83
0.0,0.0,0.0,1.0,0.0,0.0,47.94
0.0,0.0,0.0,1.0,0.0,0.0,48.04
0.0,0.0,0.0,1.0,0.0,0.0,48.15
0.0,0.0,0.0,1.0,0.0,0.0,48.26
0.0,0.0,0.0,1.0,0.0,0.0,48.37
0.0,0.0,0.0,1.0,0.0,0.0,48.49
0.0,0.0,0.0,1.0,0.0,0.0,48.59
0.0,0.0,0.0,1.0,0.0,0.0,48.7
0.0,0.0,0.0,1.0,0.0,0.0,48.8
0.0,0.0,0.0,1.0,0.0,0.0,48.91
0.0,0.0,0.0,1.0,0.0,0.0,49.01
0.0,0.0,0.0,1.0,0.0,0.0,49.12
0.0,0.0,0.0,1.0,0.0,0.0,49.22
0.0,0.0,0.0,1.0,0.0,0.0,49.33
0.0,0.0,0.0,1.0,0.0,0.0,49.43
0.0,0.0,0.0,1.0,0.0,0.0,49.54
0.0,0.0,0.0,1.0,0.0,0.0,49.65
0.0,0.0,0.0,1.0,0.0,0.0,49.75
0.0,0.0,0.0,1.0,0.0,0.0,49.86
0.0,0.0,0.0,1.0,0.0,0.0,49.96
0.0,0.0,0.0,1.0,0.0,0.0,50.07
0.0,0.0,0.0,1.0,0.0,0.0,50.17
0.0,0.0,0.0,1.0,0.0,0.0,50.28
0.0,0.0,0.0,1.0,0.0,0.0,50.38
0.0,0.0,0.0,1.0,0.0,0.0,50.49
0.0,0.0,0.0,1.0,0.0,0.0,50.59
0.0,0.0,0.0,1.0,0.0,0.0,50.7
0.0,0.0,0.0,1.0,0.0,0.0,50.81
0.0,0.0,0.0,1.0,0.0,0.0,50.91
0.0,0.0,0.0,1.0,0.0,0.0,51.02
0.0,0.0,0.0,1.0,0.0,0.0,51.12
0.0,0.0,0.0,1.0,0.0,0.0,51.23
0.0,0.0,0.0,1.0,0.0,0.0,51.33
0.0,0.0,0.0,1.0,0.0,0.0,51.44
0.0,0.0,0.0,1.0,0.0,0.0,51.54
0.0,0.0,0.0,1.0,0.0,0.0,51.66
0.0,0.0,0.0,1.0,0.0,0.0,51.76
0.0,0.0,0.0,1.0,0.0,0.0,51.87
0.0,0.0,0.0,1.0,0.0,0.0,51.97
0.0,0.0,0.0,1.0,0.0,0.0,52.08
0.0,0.0,0.0,1.0,0.0,0.0,52.18
0.0,0.0,0.0,1.0,0.0,0.0,52.29
0.0,0.0,0.0,1.0,0.0,0.0,52.39
0.0,0.0,0.0,1.0,0.0,0.0,52.5
0.0,0.0,0.0,1.0,0.0,0.0,52.6
0.0,0.0,0.0,1.0,0.0,0.0,52.71
0.0,0.0,0.0,1.0,0.0,0.0,52.81
0.0,0.0,0.0,1.0,0.0,0.0,52.92
0.0,0.0,0.0,1.0,0.0,0.0,53.02
0.0,0.0,0.0,1.0,0.0,0.0,53.13
0.0,0.0,0.0,1.0,0.0,0.0,53.24
0.0,0.0,0.0,1.0,0.0,0.0,53.34
0.0,0.0,0.0,1.0,0.0,0.0,53.45
0.0,0.0,0.0,1.0,0.0,0.0,53.55
0.0,0.0,0.0,1.0,0.0,0.0,53.65
0.0,0.0,0.0,1.0,0.0,0.0,53.76
0.0,0.0,0.0,1.0,0.0,0.0,53.87
0.0,0.0,0.0,1.0,0.0,0.0,53.97
0.0,0.0,0.0,1.0,0.0,0.0,54.08
0.0,0.0,0.0,1.0,0.0,0.0,54.18
0.0,0.0,0.0,1.0,0.0,0.0,54.28
0.0,0.0,0.0,1.0,0.0,0.0,54.39
0.0,0.0,0.0,1.0,0.0,0.0,54.5
0.0,0.0,0.0,1.0,0.0,0.0,54.6
0.0,0.0,0.0,1.0,0.0,0.0,54.7
0.0,0.0,0.0,1.0,0.0,0.0,54.81
0.0,0.0,0.0,1.0,0.0,0.0,54.92
0.0,0.0,0.0,1.0,0.0,0.0,55.02
0.0,0.0,0.0,1.0,0.0,0.0,55.13
0.0,0.0,0.0,1.0,0.0,0.0,55.23
0.0,0.0,0.0,1.0,0.0,0.0,55.34
0.0,0.0,0.0,1.0,0.0,0.0,55.44
0.0,0.0,0.0,1.0,0.0,0.0,55.55
0.0,0.0,0.0,1.0,0.0,0.0,55.65
0.0,0.0,0.0,1.0,0.0,0.0,55.76
0.0,0.0,0.0,1.0,0.0,0.0,55.86
0.0,0.0,0.0,1.0,0.0,0.0,55.97
0.0,0.0,0.0,1.0,0.0,0.0,56.08
0.0,0.0,0.0,1.0,0.0,0.0,56.18
0.0,0.0,0.0,1.0,0.0,0.0,56.29
0.0,0.0,0.0,1.0,0.0,0.0,56.39
0.0,0.0,0.0,1.0,0.0,0.0,56.5
0.0,0.0,0.0,1.0,0.0,0.0,56.6
0.0,0.0,0.0,1.0,0.0,0.0,56.71
0.0,0.0,0.0,1.0,0.0,0.0,56.82
0.0,0.0,0.0,1.0,0.0,0.0,56.92
0.0,0.0,0.0,1.0,0.0,0.0,57.02
0.0,0.0,0.0,1.0,0.0,0.0,57.13
0.0,0.0,0.0,1.0,0.0,0.0,57.24
0.0,0.0,0.0,1.0,0.0,0.0,57.35
0.0,0.0,0.0,1.0,0.0,0.0,57.45
0.0,0.0,0.0,1.0,0.0,0.0,57.56
0.0,0.0,0.0,1.0,0.0,0.0,57.66
0.0,0.0,0.0,1.0,0.0,0.0,57.77
0.0,0.0,0.0,1.0,0.0,0.0,57.87
0.0,0.0,0.0,1.0,0.0,0.0,57.98
0.0,0.0,0.0,1.0,0.0,0.0,58.08
0.0,0.0,0.0,1.0,0.0,0.0,58.19
0.0,0.0,0.0,1.0,0.0,0.0,58.29
0.0,0.0,0.0,1.0,0.0,0.0,58.4
0.0,0.0,0.0,1.0,0.0,0.0,58.5
0.0,0.0,0.0,1.0,0.0,0.0,58.61
0.0,0.0,0.0,1.0,0.0,0.0,58.71
0.0,0.0,0.0,1.0,0.0,0.0,58.82
0.0,0.0,0.0,1.0,0.0,0.0,58.92
0.0,0.0,0.0,1.0,0.0,0.0,59.03
0.0,0.0,0.0,1.0,0.0,0.0,59.14
0.0,0.0,0.0,1.0,0.0,0.0,59.24
0.0,0.0,0.0,1.0,0.0,0.0,59.35
0.0,0.0,0.0,1.0,0.0,0.0,59.45
0.0,0.0,0.0,1.0,0.0,0.0,59.56
0.0,0.0,0.0,1.0,0.0,0.0,59.67
0.0,0.0,0.0,1.0,0.0,0.0,59.78
0.0,0.0,0.0,1.0,0.0,0.0,59.88
0.0,0.0,0.0,1.0,0.0,0.0,59.99
0.0,0.0,0.0,1.0,0.0,0.0,60.09
0.0,0.0,0.0,1.0,0.0,0.0,60.2
0.0,0.0,0.0,1.0,0.0,0.0,60.3
0.0,0.0,0.0,1.0,0.0,0.0,60.41
0.0,0.0,0.0,1.0,0.0,0.0,60.52
0.0,0.0,0.0,1.0,0.0,0.0,60.63
0.0,0.0,0.0,1.0,0.0,0.0,60.74
0.0,0.0,0.0,1.0,0.0,0.0,60.84
0.0,0.0,0.0,1.0,0.0,0.0,60.98
0.0,0.0,0.0,1.0,0.0,0.0,61.09
0.0,0.0,0.0,1.0,0.0,0.0,61.19
0.0,0.0,0.0,1.0,0.0,0.0,61.3
0.0,0.0,0.0,1.0,0.0,0.0,61.41
0.0,0.0,0.0,1.0,0.0,0.0,61.51
0.0,0.0,0.0,1.0,0.0,0.0,61.62
0.0,0.0,0.0,1.0,0.0,0.0,61.72
0.0,0.0,0.0,1.0,0.0,0.0,61.83
0.0,0.0,0.0,1.0,0.0,0.0,61.93
0.0,0.0,0.0,1.0,0.0,0.0,62.04
0.0,0.0,0.0,1.0,0.0,0.0,62.14
0.0,0.0,0.0,1.0,0.0,0.0,62.25
0.0,0.0,0.0,1.0,0.0,0.0,62.35
0.0,0.0,0.0,1.0,0.0,0.0,62.46
0.0,0.0,0.0,1.0,0.0,0.0,62.56
0.0,0.0,0.0,1.0,0.0,0.0,62.67
0.0,0.0,0.0,1.0,0.0,0.0,62.77
0.0,0.0,0.0,1.0,0.0,0.0,62.88
0.0,0.0,0.0,1.0,0.0,0.0,62.98
0.0,0.0,0.0,1.0,0.0,0.0,63.09
0.0,0.0,0.0,1.0,0.0,0.0,63.19
0.0,0.0,0.0,1.0,0.0,0.0,63.3
0.0,0.0,0.0,1.0,0.0,0.0,63.41
0.0,0.0,0.0,1.0,0.0,0.0,63.51
0.0,0.0,0.0,1.0,0.0,0.0,63.61
0.0,0.0,0.0,1.0,0.0,0.0,63.72
0.0,0.0,0.0,1.0,0.0,0.0,63.82
0.0,0.0,0.0,1.0,0.0,0.0,63.93
0.0,0.0,0.0,1.0,0.0,0.0,64.04
0.0,0.0,0.0,1.0,0.0,0.0,64.14
0.0,0.0,0.0,1.0,0.0,0.0,64.25
0.0,0.0,0.0,1.0,0.0,0.0,64.35
0.0,0.0,0.0,1.0,0.0,0.0,64.46
0.0,0.0,0.0,1.0,0.0,0.0,64.56
0.0,0.0,0.0,1.0,0.0,0.0,64.67
0.0,0.0,0.0,1.0,0.0,0.0,64.77
0.0,0.0,0.0,1.0,0.0,0.0,64.88
0.0,0.0,0.0,1.0,0.0,0.0,64.98
0.0,0.0,0.0,1.0,0.0,0.0,65.09
0.0,0.0,0.0,1.0,0.0,0.0,65.19
0.0,0.0,0.0,1.0,0.0,0.0,65.3
0.0,0.0,0.0,1.0,0.0,0.0,65.41
0.0,0.0,0.0,1.0,0.0,0.0,65.52
0.0,0.0,0.0,1.0,0.0,0.0,65.67
0.0,0.0,0.0,1.0,0.0,0.0,65.78
0.0,0.0,0.0,1.0,0.0,0.0,65.89
0.0,0.0,0.0,1.0,0.0,0.0,65.99
0.0,0.0,0.0,1.0,0.0,0.0,66.1
0.0,0.0,0.0,1.0,0.0,0.0,66.2
0.0,0.0,0.0,1.0,0.0,0.0,66.32
0.0,0.0,0.0,1.0,0.0,0.0,66.43
0.0,0.0,0.0,1.0,0.0,0.0,66.54
0.0,0.0,0.0,1.0,0.0,0.0,66.65
0.0,0.0,0.0,1.0,0.0,0.0,66.75
0.0,0.0,0.0,1.0,0.0,0.0,66.86
0.0,0.0,0.0,1.0,0.0,0.0,66.96
0.0,0.0,0.0,1.0,0.0,0.0,67.07
0.0,0.0,0.0,1.0,0.0,0.0,67.17
0.0,0.0,0.0,1.0,0.0,0.0,67.28
0.0,0.0,0.0,1.0,0.0,0.0,67.39
0.0,0.0,0.0,1.0,0.0,0.0,67.49
0.0,0.0,0.0,1.0,0.0,0.0,67.59
0.0,0.0,0.0,1.0,0.0,0.0,67.7
0.0,0.0,0.0,1.0,0.0,0.0,67.81
0.0,0.0,0.0,1.0,0.0,0.0,67.91
0.0,0.0,0.0,1.0,0.0,0.0,68.02
0.0,0.0,0.0,1.0,0.0,0.0,68.12
0.0,0.0,0.0,1.0,0.0,0.0,68.23
0.0,0.0,0.0,1.0,0.0,0.0,68.34
0.0,0.0,0.0,1.0,0.0,0.0,68.45
0.0,0.0,0.0,1.0,0.0,0.0,68.56
0.0,0.0,0.0,1.0,0.0,0.0,68.66
0.0,0.0,0.0,1.0,0.0,0.0,68.77
0.0,0.0,0.0,1.0,0.0,0.0,68.87
0.0,0.0,0.0,1.0,0.0,0.0,68.98
0.0,0.0,0.0,1.0,0.0,0.0,69.08
0.0,0.0,0.0,1.0,0.0,0.0,69.19
0.0,0.0,0.0,1.0,0.0,0.0,69.29
0.0,0.0,0.0,1.0,0.0,0.0,69.4
0.0,0.0,0.0,1.0,0.0,0.0,69.5
0.0,0.0,0.0,1.0,0.0,0.0,69.61
0.0,0.0,0.0,1.0,0.0,0.0,69.71
0.0,0.0,0.0,1.0,0.0,0.0,69.82
0.0,0.0,0.0,1.0,0.0,0.0,69.92
0.0,0.0,0.0,1.0,0.0,0.0,70.03
0.0,0.0,0.0,1.0,0.0,0.0,70.13
0.0,0.0,0.0,1.0,0.0,0.0,70.24
0.0,0.0,0.0,1.0,0.0,0.0,70.35
0.0,0.0,0.0,1.0,0.0,0.0,70.46
0.0,0.0,0.0,1.0,0.0,0.0,70.56
0.0,0.0,0.0,1.0,0.0,0.0,70.67
0.0,0.0,0.0,1.0,0.0,0.0,70.77
0.0,0.0,0.0,1.0,0.0,0.0,70.88
0.0,0.0,0.0,1.0,0.0,0.0,70.99
0.0,0.0,0.0,1.0,0.0,0.0,71.09
0.0,0.0,0.0,1.0,0.0,0.0,71.2
0.0,0.0,0.0,1.0,0.0,0.0,71.3
0.0,0.0,0.0,1.0,0.0,0.0,71.41
0.0,0.0,0.0,1.0,0.0,0.0,71.52
0.0,0.0,0.0,1.0,0.0,0.0,71.63
0.0,0.0,0.0,1.0,0.0,0.0,71.74
0.0,0.0,0.0,1.0,0.0,0.0,71.84
0.0,0.0,0.0,1.0,0.0,0.0,71.95
0.0,0.0,0.0,1.0,0.0,0.0,72.05
0.0,0.0,0.0,1.0,0.0,0.0,72.16
0.0,0.0,0.0,1.0,0.0,0.0,72.27
0.0,0.0,0.0,1.0,0.0,0.0,72.37
0.0,0.0,0.0,1.0,0.0,0.0,72.48
0.0,0.0,0.0,1.0,0.0,0.0,72.58
0.0,0.0,0.0,1.0,0.0,0.0,72.69
0.0,0.0,0.0,1.0,0.0,0.0,72.79
0.0,0.0,0.0,1.0,0.0,0.0,72.9
0.0,0.0,0.0,1.0,0.0,0.0,73.0
0.0,0.0,0.0,1.0,0.0,0.0,73.11
0.0,0.0,0.0,1.0,0.0,0.0,73.22
0.0,0.0,0.0,1.0,0.0,0.0,73.32
0.0,0.0,0.0,1.0,0.0,0.0,73.43
0.0,0.0,0.0,1.0,0.0,0.0,73.53
0.0,0.0,0.0,1.0,0.0,0.0,73.63
0.0,0.0,0.0,1.0,0.0,0.0,73.74
0.0,0.0,0.0,1.0,0.0,0.0,73.85
0.0,0.0,0.0,1.0,0.0,0.0,73.95
0.0,0.0,0.0,1.0,0.0,0.0,74.06
0.0,0.0,0.0,1.0,0.0,0.0,74.16
0.0,0.0,0.0,1.0,0.0,0.0,74.27
0.0,0.0,0.0,1.0,0.0,0.0,74.37
0.0,0.0,0.0,1.0,0.0,0.0,74.49
0.0,0.0,0.0,1.0,0.0,0.0,74.59
0.0,0.0,0.0,1.0,0.0,0.0,74.71
0.0,0.0,0.0,1.0,0.0,0.0,74.82
0.0,0.0,0.0,1.0,0.0,0.0,74.92
0.0,0.0,0.0,1.0,0.0,0.0,75.03
0.0,0.0,0.0,1.0,0.0,0.0,75.14
0.0,0.0,0.0,1.0,0.0,0.0,75.24
0.0,0.0,0.0,1.0,0.0,0.0,75.35
0.0,0.0,0.0,1.0,0.0,0.0,75.45
0.0,0.0,0.0,1.0,0.0,0.0,75.56
0.0,0.0,0.0,1.0,0.0,0.0,75.67
0.0,0.0,0.0,1.0,0.0,0.0,75.77
0.0,0.0,0.0,1.0,0.0,0.0,75.88
0.0,0.0,0.0,1.0,0.0,0.0,75.98
0.0,0.0,0.0,1.0,0.0,0.0,76.09
0.0,0.0,0.0,1.0,0.0,0.0,76.19
0.0,0.0,0.0,1.0,0.0,0.0,76.3
0.0,0.0,0.0,1.0,0.0,0.0,76.4
0.0,0.0,0.0,1.0,0.0,0.0,76.51
0.0,0.0,0.0,1.0,0.0,0.0,76.61
0.0,0.0,0.0,1.0,0.0,0.0,76.72
0.0,0.0,0.0,1.0,0.0,0.0,76.83
0.0,0.0,0.0,1.0,0.0,0.0,76.93
0.0,0.0,0.0,1.0,0.0,0.0,77.04
0.0,0.0,0.0,1.0,0.0,0.0,77.14
0.0,0.0,0.0,1.0,0.0,0.0,77.25
0.0,0.0,0.0,1.0,0.0,0.0,77.35
0.0,0.0,0.0,1.0,0.0,0.0,77.46
0.0,0.0,0.0,1.0,0.0,0.0,77.57
0.0,0.0,0.0,1.0,0.0,0.0,77.67
0.0,0.0,0.0,1.0,0.0,0.0,77.77
0.0,0.0,0.0,1.0,0.0,0.0,77.88
0.0,0.0,0.0,1.0,0.0,0.0,77.98
0.0,0.0,0.0,1.0,0.0,0.0,78.09
0.0,0.0,0.0,1.0,0.0,0.0,78.2
0.0,0.0,0.0,1.0,0.0,0.0,78.3
0.0,0.0,0.0,1.0,0.0,0.0,78.4
0.0,0.0,0.0,1.0,0.0,0.0,78.51
0.0,0.0,0.0,1.0,0.0,0.0,78.61
0.0,0.0,0.0,1.0,0.0,0.0,78.72
0.0,0.0,0.0,1.0,0.0,0.0,78.83
0.0,0.0,0.0,1.0,0.0,0.0,78.93
0.0,0.0,0.0,1.0,0.0,0.0,79.04
0.0,0.0,0.0,1.0,0.0,0.0,79.14
0.0,0.0,0.0,1.0,0.0,0.0,79.25
0.0,0.0,0.0,1.0,0.0,0.0,79.35
0.0,0.0,0.0,1.0,0.0,0.0,79.46
0.0,0.0,0.0,1.0,0.0,0.0,79.56
0.0,0.0,0.0,1.0,0.0,0.0,79.67
0.0,0.0,0.0,1.0,0.0,0.0,79.77
0.0,0.0,0.0,1.0,0.0,0.0,79.88
0.0,0.0,0.0,1.0,0.0,0.0,79.98
0.0,0.0,0.0,1.0,0.0,0.0,80.09
0.0,0.0,0.0,1.0,0.0,0.0,80.19
0.0,0.0,0.0,1.0,0.0,0.0,80.3
0.0,0.0,0.0,1.0,0.0,0.0,80.4
0.0,0.0,0.0,1.0,0.0,0.0,80.51
0.0,0.0,0.0,1.0,0.0,0.0,80.61
0.0,0.0,0.0,1.0,0.0,0.0,80.72
0.0,0.0,0.0,1.0,0.0,0.0,80.82
0.0,0.0,0.0,1.0,0.0,0.0,80.93
0.0,0.0,0.0,1.0,0.0,0.0,81.03
0.0,0.0,0.0,1.0,0.0,0.0,81.14
0.0,0.0,0.0,1.0,0.0,0.0,81.25
0.0,0.0,0.0,1.0,0.0,0.0,81.36
0.0,0.0,0.0,1.0,0.0,0.0,81.46
0.0,0.0,0.0,1.0,0.0,0.0,81.58
0.0,0.0,0.0,1.0,0.0,0.0,81.69
0.0,0.0,0.0,1.0,0.0,0.0,81.79
0.0,0.0,0.0,1.0,0.0,0.0,81.9
0.0,0.0,0.0,1.0,0.0,0.0,82.0
0.0,0.0,0.0,1.0,0.0,0.0,82.11
0.0,0.0,0.0,1.0,0.0,0.0,82.22
0.0,0.0,0.0,1.0,0.0,0.0,82.32
0.0,0.0,0.0,1.0,0.0,0.0,82.43
0.0,0.0,0.0,1.0,0.0,0.0,82.53
0.0,0.0,0.0,1.0,0.0,0.0,82.64
0.0,0.0,0.0,1.0,0.0,0.0,82.74
0.0,0.0,0.0,1.0,0.0,0.0,82.85
0.0,0.0,0.0,1.0,0.0,0.0,82.95
0.0,0.0,0.0,1.0,0.0,0.0,83.06
0.0,0.0,0.0,1.0,0.0,0.0,83.17
0.0,0.0,0.0,1.0,0.0,0.0,83.27
0.0,0.0,0.0,1.0,0.0,0.0,83.38
0.0,0.0,0.0,1.0,0.0,0.0,83.48
0.0,0.0,0.0,1.0,0.0,0.0,83.58
0.0,0.0,0.0,1.0,0.0,0.0,83.69
0.0,0.0,0.0,1.0,0.0,0.0,83.8
0.0,0.0,0.0,1.0,0.0,0.0,83.9
0.0,0.0,0.0,1.0,0.0,0.0,84.01
0.0,0.0,0.0,1.0,0.0,0.0,84.12
0.0,0.0,0.0,1.0,0.0,0.0,84.23
0.0,0.0,0.0,1.0,0.0,0.0,84.33
0.0,0.0,0.0,1.0,0.0,0.0,84.44
0.0,0.0,0.0,1.0,0.0,0.0,84.54
0.0,0.0,0.0,1.0,0.0,0.0,84.65
0.0,0.0,0.0,1.0,0.0,0.0,84.75
0.0,0.0,0.0,1.0,0.0,0.0,84.86
0.0,0.0,0.0,1.0,0.0,0.0,84.96
0.0,0.0,0.0,1.0,0.0,0.0,85.07
0.0,0.0,0.0,1.0,0.0,0.0,85.17
0.0,0.0,0.0,1.0,0.0,0.0,85.28
0.0,0.0,0.0,1.0,0.0,0.0,85.39
0.0,0.0,0.0,1.0,0.0,0.0,85.49
0.0,0.0,0.0,1.0,0.0,0.0,85.6
0.0,0.0,0.0,1.0,0.0,0.0,85.7
0.0,0.0,0.0,1.0,0.0,0.0,85.81
0.0,0.0,0.0,1.0,0.0,0.0,85.91
0.0,0.0,0.0,1.0,0.0,0.0,86.02
0.0,0.0,0.0,1.0,0.0,0.0,86.12
0.0,0.0,0.0,1.0,0.0,0.0,86.23
0.0,0.0,0.0,1.0,0.0,0.0,86.34
0.0,0.0,0.0,1.0,0.0,0.0,86.44
0.0,0.0,0.0,1.0,0.0,0.0,86.55
0.0,0.0,0.0,1.0,0.0,0.0,86.65
0.0,0.0,0.0,1.0,0.0,0.0,86.76
0.0,0.0,0.0,1.0,0.0,0.0,86.86
0.0,0.0,0.0,1.0,0.0,0.0,86.97
0.0,0.0,0.0,1.0,0.0,0.0,87.08
0.0,0.0,0.0,1.0,0.0,0.0,87.18
0.0,0.0,0.0,1.0,0.0,0.0,87.29
0.0,0.0,0.0,1.0,0.0,0.0,87.4
0.0,0.0,0.0,1.0,0.0,0.0,87.5
0.0,0.0,0.0,1.0,0.0,0.0,87.61
0.0,0.0,0.0,1.0,0.0,0.0,87.72
0.0,0.0,0.0,1.0,0.0,0.0,87.82
0.0,0.0,0.0,1.0,0.0,0.0,87.93
0.0,0.0,0.0,1.0,0.0,0.0,88.03
0.0,0.0,0.0,1.0,0.0,0.0,88.14
0.0,0.0,0.0,1.0,0.0,0.0,88.24
0.0,0.0,0.0,1.0,0.0,0.0,88.35
0.0,0.0,0.0,1.0,0.0,0.0,88.46
0.0,0.0,0.0,1.0,0.0,0.0,88.58
0.0,0.0,0.0,1.0,0.0,0.0,88.68
0.0,0.0,0.0,1.0,0.0,0.0,88.8
0.0,0.0,0.0,1.0,0.0,0.0,88.91
0.0,0.0,0.0,1.0,0.0,0.0,89.02
0.0,0.0,0.0,1.0,0.0,0.0,89.12
0.0,0.0,0.0,1.0,0.0,0.0,89.23
0.0,0.0,0.0,1.0,0.0,0.0,89.34
0.0,0.0,0.0,1.0,0.0,0.0,89.45
0.0,0.0,0.0,1.0,0.0,0.0,89.55
0.0,0.0,0.0,1.0,0.0,0.0,89.66
0.0,0.0,0.0,1.0,0.0,0.0,89.77
0.0,0.0,0.0,1.0,0.0,0.0,89.87
0.0,0.0,0.0,1.0,0.0,0.0,89.98
0.0,0.0,0.0,1.0,0.0,0.0,90.09
0.0,0.0,0.0,1.0,0.0,0.0,90.19
0.0,0.0,0.0,1.0,0.0,0.0,90.3
0.0,0.0,0.0,1.0,0.0,0.0,90.4
0.0,0.0,0.0,1.0,0.0,0.0,90.51
0.0,0.0,0.0,1.0,0.0,0.0,90.62
0.0,0.0,0.0,1.0,0.0,0.0,90.72
0.0,0.0,0.0,1.0,0.0,0.0,90.83
0.0,0.0,0.0,1.0,0.0,0.0,90.94
0.0,0.0,0.0,1.0,0.0,0.0,91.04
0.0,0.0,0.0,1.0,0.0,0.0,91.15
0.0,0.0,0.0,1.0,0.0,0.0,91.26
0.0,0.0,0.0,1.0,0.0,0.0,91.36
0.0,0.0,0.0,1.0,0.0,0.0,91.48
0.0,0.0,0.0,1.0,0.0,0.0,91.6
0.0,0.0,0.0,1.0,0.0,0.0,91.7
0.0,0.0,0.0,1.0,0.0,0.0,91.81
0.0,0.0,0.0,1.0,0.0,0.0,91.91
0.0,0.0,0.0,1.0,0.0,0.0,92.02
0.0,0.0,0.0,1.0,0.0,0.0,92.12
0.0,0.0,0.0,1.0,0.0,0.0,92.23
0.0,0.0,0.0,1.0,0.0,0.0,92.34
0.0,0.0,0.0,1.0,0.0,0.0,92.44
0.0,0.0,0.0,1.0,0.0,0.0,92.55
0.0,0.0,0.0,1.0,0.0,0.0,92.65
0.0,0.0,0.0,1.0,0.0,0.0,92.76
0.0,0.0,0.0,1.0,0.0,0.0,92.87
0.0,0.0,0.0,1.0,0.0,0.0,92.97
0.0,0.0,0.0,1.0,0.0,0.0,93.08
0.0,0.0,0.0,1.0,0.0,0.0,93.18
0.0,0.0,0.0,1.0,0.0,0.0,93.29
0.0,0.0,0.0,1.0,0.0,0.0,93.4
0.0,0.0,0.0,1.0,0.0,0.0,93.51
0.0,0.0,0.0,1.0,0.0,0.0,93.61
0.0,0.0,0.0,1.0,0.0,0.0,93.72
0.0,0.0,0.0,1.0,0.0,0.0,93.83
0.0,0.0,0.0,1.0,0.0,0.0,93.94
0.0,0.0,0.0,1.0,0.0,0.0,94.05
0.0,0.0,0.0,1.0,0.0,0.0,94.15
0.0,0.0,0.0,1.0,0.0,0.0,94.26
0.0,0.0,0.0,1.0,0.0,0.0,94.36
0.0,0.0,0.0,1.0,0.0,0.0,94.47
0.0,0.0,0.0,1.0,0.0,0.0,94.58
0.0,0.0,0.0,1.0,0.0,0.0,94.69
0.0,0.0,0.0,1.0,0.0,0.0,94.79
0.0,0.0,0.0,1.0,0.0,0.0,94.9
0.0,0.0,0.0,1.0,0.0,0.0,95.01
0.0,0.0,0.0,1.0,0.0,0.0,95.12
0.0,0.0,0.0,1.0,0.0,0.0,95.22
0.0,0.0,0.0,1.0,0.0,0.0,95.33
0.0,0.0,0.0,1.0,0.0,0.0,95.43
0.0,0.0,0.0,1.0,0.0,0.0,95.54
0.0,0.0,0.0,1.0,0.0,0.0,95.67
0.0,0.0,0.0,1.0,0.0,0.0,95.77
0.0,0.0,0.0,1.0,0.0,0.0,95.88
0.0,0.0,0.0,1.0,0.0,0.0,95.98
0.0,0.0,0.0,1.0,0.0,0.0,96.09
0.0,0.0,0.0,1.0,0.0,0.0,96.19
0.0,0.0,0.0,1.0,0.0,0.0,96.3
0.0,0.0,0.0,1.0,0.0,0.0,96.4
0.0,0.0,0.0,1.0,0.0,0.0,96.51
0.0,0.0,0.0,1.0,0.0,0.0,96.61
0.0,0.0,0.0,1.0,0.0,0.0,96.72
0.0,0.0,0.0,1.0,0.0,0.0,96.84
0.0,0.0,0.0,1.0,0.0,0.0,96.94
0.0,0.0,0.0,1.0,0.0,0.0,97.04
0.0,0.0,0.0,1.0,0.0,0.0,97.15
0.0,0.0,0.0,1.0,0.0,0.0,97.26
0.0,0.0,0.0,1.0,0.0,0.0,97.36
0.0,0.0,0.0,1.0,0.0,0.0,97.47
0.0,0.0,0.0,1.0,0.0,0.0,97.57
0.0,0.0,0.0,1.0,0.0,0.0,97.68
0.0,0.0,0.0,1.0,0.0,0.0,97.78
0.0,0.0,0.0,1.0,0.0,0.0,97.89
0.0,0.0,0.0,1.0,0.0,0.0,97.99
0.0,0.0,0.0,1.0,0.0,0.0,98.1
0.0,0.0,0.0,1.0,0.0,0.0,98.2
0.0,0.0,0.0,1.0,0.0,0.0,98.31
0.0,0.0,0.0,1.0,0.0,0.0,98.42
0.0,0.0,0.0,1.0,0.0,0.0,98.52
0.0,0.0,0.0,1.0,0.0,0.0,98.63
0.0,0.0,0.0,1.0,0.0,0.0,98.73
0.0,0.0,0.0,1.0,0.0,0.0,98.84
0.0,0.0,0.0,1.0,0.0,0.0,98.94
0.0,0.0,0.0,1.0,0.0,0.0,99.05
0.0,0.0,0.0,1.0,0.0,0.0,99.15
0.0,0.0,0.0,1.0,0.0,0.0,99.26
0.0,0.0,0.0,1.0,0.0,0.0,99.36
0.0,0.0,0.0,1.0,0.0,0.0,99.47
0.0,0.0,0.0,1.0,0.0,0.0,99.57
0.0,0.0,0.0,1.0,0.0,0.0,99.68
0.0,0.0,0.0,1.0,0.0,0.0,99.78
0.0,0.0,0.0,1.0,0.0,0.0,99.89
0.0,0.0,0.0,1.0,0.0,0.0,99.99
0.0,0.0,0.0,1.0,0.0,0.0,100.1
0.0,0.0,0.0,1.0,0.0,0.0,100.2
0.0,0.0,0.0,1.0,0.0,0.0,100.3
0.0,0.0,0.0,1.0,0.0,0.0,100.41
0.0,0.0,0.0,1.0,0.0,0.0,100.52
0.0,0.0,0.0,1.0,0.0,0.0,100.62
0.0,0.0,0.0,1.0,0.0,0.0,100.73
0.0,0.0,0.0,1.0,0.0,0.0,100.83
0.0,0.0,0.0,1.0,0.0,0.0,100.93
0.0,0.0,0.0,1.0,0.0,0.0,101.04
0.0,0.0,0.0,1.0,0.0,0.0,101.15
0.0,0.0,0.0,1.0,0.0,0.0,101.25
0.0,0.0,0.0,1.0,0.0,0.0,101.36
0.0,0.0,0.0,1.0,0.0,0.0,101.47
0.0,0.0,0.0,1.0,0.0,0.0,101.57
0.0,0.0,0.0,1.0,0.0,0.0,101.68
0.0,0.0,0.0,1.0,0.0,0.0,101.78
0.0,0.0,0.0,1.0,0.0,0.0,101.89
0.0,0.0,0.0,1.0,0.0,0.0,101.99
0.0,0.0,0.0,1.0,0.0,0.0,102.1
0.0,0.0,0.0,1.0,0.0,0.0,102.2
0.0,0.0,0.0,1.0,0.0,0.0,102.31
0.0,0.0,0.0,1.0,0.0,0.0,102.41
0.0,0.0,0.0,1.0,0.0,0.0,102.52
0.0,0.0,0.0,1.0,0.0,0.0,102.63
0.0,0.0,0.0,1.0,0.0,0.0,102.73
0.0,0.0,0.0,1.0,0.0,0.0,102.83
0.0,0.0,0.0,1.0,0.0,0.0,102.94
0.0,0.0,0.0,1.0,0.0,0.0,103.04
0.0,0.0,0.0,1.0,0.0,0.0,103.15
0.0,0.0,0.0,1.0,0.0,0.0,103.26
0.0,0.0,0.0,1.0,0.0,0.0,103.36
0.0,0.0,0.0,1.0,0.0,0.0,103.47
0.0,0.0,0.0,1.0,0.0,0.0,103.57
0.0,0.0,0.0,1.0,0.0,0.0,103.68
0.0,0.0,0.0,1.0,0.0,0.0,103.79
0.0,0.0,0.0,1.0,0.0,0.0,103.89
0.0,0.0,0.0,1.0,0.0,0.0,104.0
0.0,0.0,0.0,1.0,0.0,0.0,104.11
0.0,0.0,0.0,1.0,0.0,0.0,104.21
0.0,0.0,0.0,1.0,0.0,0.0,104.32
0.0,0.0,0.0,1.0,0.0,0.0,104.42
0.0,0.0,0.0,1.0,0.0,0.0,104.53
0.0,0.0,0.0,1.0,0.0,0.0,104.63
0.0,0.0,0.0,1.0,0.0,0.0,104.74
0.0,0.0,0.0,1.0,0.0,0.0,104.84
0.0,0.0,0.0,1.0,0.0,0.0,104.95
0.0,0.0,0.0,1.0,0.0,0.0,105.06
0.0,0.0,0.0,1.0,0.0,0.0,105.16
0.0,0.0,0.0,1.0,0.0,0.0,105.27
0.0,0.0,0.0,1.0,0.0,0.0,105.37
0.0,0.0,0.0,1.0,0.0,0.0,105.48
0.0,0.0,0.0,1.0,0.0,0.0,105.58
0.0,0.0,0.0,1.0,0.0,0.0,105.69
0.0,0.0,0.0,1.0,0.0,0.0,105.79
