0.0,0.0,0.0,0.0,0.0,0.03
0.0,0.0,0.0,0.0,0.0,0.06
0.0,0.0,0.0,0.0,0.0,0.1
0.0,0.0,0.0,0.0,0.0,0.12
0.0,0.0,0.0,0.0,0.0,0.14
0.0,0.0,0.0,0.0,0.0,0.16
0.0,0.0,0.0,0.0,0.0,0.18
1.0,0.0,0.0,0.0,0.0,0.2
1.0,0.0,0.0,0.0,0.0,0.21
1.0,0.0,0.0,0.0,0.0,0.23
1.0,0.0,0.0,0.0,0.0,0.25
1.0,0.0,0.0,0.0,0.0,0.26
1.0,0.0,0.0,0.0,0.0,0.28
1.0,0.0,0.0,0.0,0.0,0.3
1.0,0.0,0.0,0.0,0.0,0.32
1.0,0.0,0.0,0.0,0.0,0.35
1.0,0.0,0.0,0.0,0.0,0.37
1.0,0.0,0.0,0.0,0.0,0.39
1.0,0.0,0.0,0.0,0.0,0.4
1.0,0.0,0.0,0.0,0.0,0.42
1.0,0.0,0.0,0.0,0.0,0.44
1.0,0.0,0.0,0.0,0.0,0.46
1.0,0.0,0.0,0.0,0.0,0.47
1.0,0.0,0.0,0.0,0.0,0.49
1.0,0.0,0.0,0.0,0.0,0.51
1.0,0.0,0.0,0.0,0.0,0.53
1.0,0.0,0.0,0.0,0.0,0.55
1.0,0.0,0.0,0.0,0.0,0.56
1.0,0.0,0.0,0.0,0.0,0.58
1.0,0.0,0.0,0.0,0.0,0.6
1.0,0.0,0.0,0.0,0.0,0.62
1.0,0.0,0.0,0.0,0.0,0.64
1.0,0.0,0.0,0.0,0.0,0.65
1.0,0.0,0.0,0.0,0.0,0.67
1.0,0.0,0.0,0.0,0.0,0.69
1.0,0.0,0.0,0.0,0.0,0.71
1.0,0.0,0.0,0.0,0.0,0.72
1.0,0.0,0.0,0.0,0.0,0.75
1.0,0.0,0.0,0.0,0.0,0.77
1.0,0.0,0.0,0.0,0.0,0.79
1.0,0.0,0.0,0.0,0.0,0.81
1.0,0.0,0.0,0.0,0.0,0.83
1.0,0.0,0.0,0.0,0.0,0.84
1.0,0.0,0.0,0.0,0.0,0.86
1.0,0.0,0.0,0.0,0.0,0.88
1.0,0.0,0.0,0.0,0.0,0.89
1.0,0.0,0.0,0.0,0.0,0.91
1.0,0.0,0.0,0.0,0.0,0.93
1.0,0.0,0.0,0.0,0.0,0.95
1.0,0.0,0.0,0.0,0.0,0.96
1.0,0.0,0.0,0.0,0.0,0.98
1.0,0.0,0.0,0.0,0.0,1.0
1.0,0.0,0.0,0.0,0.0,1.01
1.0,0.0,0.0,0.0,0.0,1.03
1.0,0.0,0.0,0.0,0.0,1.05
1.0,0.0,0.0,0.0,0.0,1.07
1.0,0.0,0.0,0.0,0.0,1.08
1.0,0.0,0.0,0.0,0.0,1.1
1.0,0.0,0.0,0.0,0.0,1.12
1.0,0.0,0.0,0.0,0.0,1.14
1.0,0.0,0.0,0.0,0.0,1.15
1.0,0.0,0.0,0.0,0.0,1.17
1.0,0.0,0.0,0.0,0.0,1.19
1.0,0.0,0.0,0.0,0.0,1.2
1.0,0.0,0.0,0.0,0.0,1.22
1.0,0.0,0.0,0.0,0.0,1.24
1.0,0.0,0.0,0.0,0.0,1.25
1.0,0.0,0.0,0.0,0.0,1.27
1.0,0.0,0.0,0.0,0.0,1.29
1.0,0.0,0.0,0.0,0.0,1.31
1.0,0.0,0.0,0.0,0.0,1.33
1.0,0.0,0.0,0.0,0.0,1.34
1.0,0.0,0.0,0.0,0.0,1.36
1.0,0.0,0.0,0.0,0.0,1.38
1.0,0.0,0.0,0.0,0.0,1.4
1.0,0.0,0.0,0.0,0.0,1.41
1.0,0.0,0.0,0.0,0.0,1.43
1.0,0.0,0.0,0.0,0.0,1.45
1.0,0.0,0.0,0.0,0.0,1.46
1.0,0.0,0.0,0.0,0.0,1.48
1.0,0.0,0.0,0.0,0.0,1.5
1.0,0.0,0.0,0.0,0.0,1.51
1.0,0.0,0.0,0.0,0.0,1.53
1.0,0.0,0.0,0.0,0.0,1.55
1.0,0.0,0.0,0.0,0.0,1.57
1.0,0.0,0.0,0.0,0.0,1.58
1.0,0.0,0.0,0.0,0.0,1.6
1.0,0.0,0.0,0.0,0.0,1.62
1.0,0.0,0.0,0.0,0.0,1.63
1.0,0.0,0.0,0.0,0.0,1.66
1.0,0.0,0.0,0.0,0.0,1.69
1.0,0.0,0.0,0.0,0.0,1.71
1.0,0.0,0.0,0.0,0.0,1.72
1.0,0.0,0.0,0.0,0.0,1.74
1.0,0.0,0.0,0.0,0.0,1.76
1.0,0.0,0.0,0.0,0.0,1.78
1.0,0.0,0.0,0.0,0.0,1.79
1.0,0.0,0.0,0.0,0.0,1.81
1.0,0.0,0.0,0.0,0.0,1.83
1.0,0.0,0.0,0.0,0.0,1.84
1.0,0.0,0.0,0.0,0.0,1.86
1.0,0.0,0.0,0.0,0.0,1.88
1.0,0.0,0.0,0.0,0.0,1.89
1.0,0.0,0.0,0.0,0.0,1.91
1.0,0.0,0.0,0.0,0.0,1.93
1.0,0.0,0.0,0.0,0.0,1.95
1.0,0.0,0.0,0.0,0.0,1.96
1.0,0.0,0.0,0.0,0.0,1.98
1.0,0.0,0.0,0.0,0.0,2.0
1.0,0.0,0.0,0.0,0.0,2.02
1.0,0.0,0.0,0.0,0.0,2.03
1.0,0.0,0.0,0.0,0.0,2.05
1.0,0.0,0.0,0.0,0.0,2.07
1.0,0.0,0.0,0.0,0.0,2.08
1.0,0.0,0.0,0.0,0.0,2.1
1.0,0.0,0.0,0.0,0.0,2.12
1.0,0.0,0.0,0.0,0.0,2.13
1.0,0.0,0.0,0.0,0.0,2.15
1.0,0.0,0.0,0.0,0.0,2.17
1.0,0.0,0.0,0.0,0.0,2.18
1.0,0.0,0.0,0.0,0.0,2.2
1.0,0.0,0.0,0.0,0.0,2.22
1.0,0.0,1.0,0.0,0.0,2.24
1.0,0.0,1.0,0.0,0.0,2.26
1.0,0.0,1.0,0.0,0.0,2.28
1.0,0.0,1.0,0.0,0.0,2.29
1.0,0.0,1.0,0.0,0.0,2.31
1.0,0.0,1.0,0.0,0.0,2.33
1.0,0.0,1.0,0.0,0.0,2.35
1.0,0.0,1.0,0.0,0.0,2.37
1.0,0.0,1.0,0.0,0.0,2.39
1.0,0.0,1.0,0.0,0.0,2.41
1.0,0.0,1.0,0.0,0.0,2.42
1.0,0.0,1.0,0.0,0.0,2.44
1.0,0.0,1.0,0.0,0.0,2.46
1.0,0.0,1.0,0.0,0.0,2.48
1.0,0.0,1.0,0.0,0.0,2.5
1.0,0.0,1.0,0.0,0.0,2.52
1.0,0.0,1.0,0.0,0.0,2.53
1.0,0.0,1.0,0.0,0.0,2.55
1.0,0.0,1.0,0.0,0.0,2.57
1.0,0.0,1.0,0.0,0.0,2.59
1.0,0.0,1.0,0.0,0.0,2.6
1.0,0.0,1.0,0.0,0.0,2.62
1.0,0.0,1.0,0.0,0.0,2.64
1.0,0.0,1.0,0.0,0.0,2.66
1.0,0.0,1.0,0.0,0.0,2.68
1.0,0.0,1.0,0.0,0.0,2.7
1.0,0.0,1.0,0.0,0.0,2.71
1.0,0.0,1.0,0.0,0.0,2.73
1.0,0.0,1.0,0.0,0.0,2.75
1.0,0.0,1.0,0.0,0.0,2.76
1.0,0.0,1.0,0.0,0.0,2.78
1.0,0.0,1.0,0.0,0.0,2.8
1.0,0.0,1.0,0.0,0.0,2.82
1.0,0.0,1.0,0.0,0.0,2.83
1.0,0.0,1.0,0.0,0.0,2.85
1.0,0.0,1.0,0.0,0.0,2.87
1.0,0.0,0.0,0.0,0.0,2.89
1.0,0.0,0.0,0.0,0.0,2.91
1.0,0.0,0.0,0.0,0.0,2.93
1.0,0.0,0.0,0.0,0.0,2.95
1.0,0.0,0.0,0.0,0.0,2.96
1.0,0.0,0.0,0.0,0.0,2.98
1.0,0.0,0.0,0.0,0.0,3.0
1.0,0.0,0.0,0.0,0.0,3.02
1.0,0.0,0.0,0.0,0.0,3.04
1.0,0.0,0.0,0.0,0.0,3.05
1.0,0.0,0.0,0.0,0.0,3.08
1.0,0.0,0.0,0.0,0.0,3.1
1.0,0.0,0.0,0.0,0.0,3.12
1.0,0.0,0.0,0.0,0.0,3.14
1.0,0.0,0.0,0.0,0.0,3.16
1.0,0.0,0.0,0.0,0.0,3.18
1.0,0.0,0.0,0.0,0.0,3.19
1.0,0.0,0.0,0.0,0.0,3.21
1.0,0.0,0.0,0.0,0.0,3.23
1.0,0.0,0.0,0.0,0.0,3.25
1.0,0.0,0.0,0.0,0.0,3.27
1.0,0.0,0.0,0.0,0.0,3.29
1.0,0.0,0.0,0.0,0.0,3.31
1.0,0.0,0.0,0.0,0.0,3.33
1.0,0.0,0.0,0.0,0.0,3.35
1.0,0.0,0.0,0.0,0.0,3.37
1.0,0.0,0.0,0.0,0.0,3.39
1.0,0.0,0.0,0.0,0.0,3.4
1.0,0.0,0.0,0.0,0.0,3.42
1.0,0.0,0.0,0.0,0.0,3.44
1.0,0.0,0.0,0.0,0.0,3.45
1.0,0.0,0.0,0.0,0.0,3.47
1.0,0.0,0.0,0.0,0.0,3.49
1.0,0.0,0.0,0.0,0.0,3.51
1.0,0.0,0.0,0.0,0.0,3.53
1.0,0.0,0.0,0.0,0.0,3.54
1.0,0.0,0.0,0.0,0.0,3.56
1.0,0.0,0.0,0.0,0.0,3.58
1.0,0.0,0.0,0.0,0.0,3.6
1.0,0.0,0.0,0.0,0.0,3.62
1.0,0.0,0.0,0.0,0.0,3.63
1.0,0.0,0.0,0.0,0.0,3.65
1.0,0.0,0.0,0.0,0.0,3.67
1.0,0.0,0.0,0.0,0.0,3.69
1.0,0.0,0.0,0.0,0.0,3.71
1.0,0.0,0.0,0.0,0.0,3.73
1.0,0.0,0.0,0.0,0.0,3.75
1.0,0.0,0.0,0.0,0.0,3.76
1.0,0.0,0.0,0.0,0.0,3.78
1.0,0.0,0.0,0.0,0.0,3.8
1.0,0.0,0.0,0.0,0.0,3.81
1.0,0.0,0.0,0.0,0.0,3.83
1.0,0.0,0.0,0.0,0.0,3.85
1.0,0.0,0.0,0.0,0.0,3.86
1.0,0.0,0.0,0.0,0.0,3.88
1.0,0.0,0.0,0.0,0.0,3.9
1.0,0.0,0.0,0.0,0.0,3.92
1.0,0.0,0.0,0.0,0.0,3.93
1.0,0.0,0.0,0.0,0.0,3.95
1.0,0.0,0.0,0.0,0.0,3.97
1.0,0.0,0.0,0.0,0.0,3.98
1.0,0.0,0.0,0.0,0.0,4.0
1.0,0.0,0.0,0.0,0.0,4.02
1.0,0.0,0.0,0.0,0.0,4.04
1.0,0.0,0.0,0.0,0.0,4.06
1.0,0.0,0.0,0.0,0.0,4.08
1.0,0.0,0.0,0.0,0.0,4.09
1.0,0.0,0.0,0.0,0.0,4.11
1.0,0.0,0.0,0.0,0.0,4.13
1.0,0.0,0.0,0.0,0.0,4.14
1.0,0.0,0.0,0.0,0.0,4.16
1.0,0.0,0.0,0.0,0.0,4.18
1.0,0.0,0.0,0.0,0.0,4.2
1.0,0.0,0.0,0.0,0.0,4.21
1.0,0.0,0.0,0.0,0.0,4.23
1.0,0.0,0.0,0.0,0.0,4.25
1.0,0.0,0.0,0.0,0.0,4.27
1.0,0.0,0.0,0.0,0.0,4.29
1.0,0.0,0.0,0.0,0.0,4.3
1.0,0.0,0.0,0.0,0.0,4.32
1.0,0.0,0.0,0.0,0.0,4.34
1.0,0.0,0.0,0.0,0.0,4.36
1.0,0.0,0.0,0.0,0.0,4.38
1.0,0.0,0.0,0.0,0.0,4.39
1.0,0.0,0.0,0.0,0.0,4.41
1.0,0.0,0.0,0.0,0.0,4.43
1.0,0.0,0.0,0.0,0.0,4.45
1.0,0.0,0.0,0.0,0.0,4.46
1.0,0.0,0.0,0.0,0.0,4.48
1.0,0.0,0.0,0.0,0.0,4.5
1.0,0.0,0.0,0.0,0.0,4.51
1.0,0.0,0.0,0.0,0.0,4.53
1.0,0.0,0.0,0.0,0.0,4.55
1.0,0.0,0.0,0.0,0.0,4.57
1.0,0.0,0.0,0.0,0.0,4.58
1.0,0.0,0.0,0.0,0.0,4.6
1.0,0.0,0.0,0.0,0.0,4.62
1.0,0.0,0.0,0.0,0.0,4.63
1.0,0.0,0.0,0.0,0.0,4.66
1.0,0.0,0.0,0.0,0.0,4.67
1.0,0.0,0.0,0.0,0.0,4.69
1.0,0.0,0.0,0.0,0.0,4.71
1.0,0.0,0.0,0.0,0.0,4.72
1.0,0.0,0.0,0.0,0.0,4.74
1.0,0.0,0.0,0.0,0.0,4.76
1.0,0.0,0.0,0.0,0.0,4.78
1.0,0.0,0.0,0.0,0.0,4.8
1.0,0.0,0.0,0.0,0.0,4.81
1.0,0.0,0.0,0.0,0.0,4.84
1.0,0.0,0.0,0.0,0.0,4.85
1.0,0.0,0.0,0.0,0.0,4.87
1.0,0.0,0.0,0.0,0.0,4.89
1.0,0.0,0.0,0.0,0.0,4.9
1.0,0.0,0.0,0.0,0.0,4.92
1.0,0.0,0.0,0.0,0.0,4.94
1.0,0.0,0.0,0.0,0.0,4.96
1.0,0.0,0.0,0.0,0.0,4.97
1.0,0.0,0.0,0.0,0.0,4.99
1.0,0.0,0.0,0.0,0.0,5.01
1.0,0.0,0.0,0.0,0.0,5.02
1.0,0.0,0.0,0.0,0.0,5.04
1.0,0.0,0.0,0.0,0.0,5.06
1.0,0.0,0.0,0.0,0.0,5.07
1.0,0.0,0.0,0.0,0.0,5.09
1.0,0.0,0.0,0.0,0.0,5.11
1.0,0.0,0.0,0.0,0.0,5.13
1.0,0.0,0.0,0.0,0.0,5.14
1.0,0.0,0.0,0.0,0.0,5.16
1.0,0.0,0.0,0.0,0.0,5.18
1.0,0.0,0.0,0.0,0.0,5.19
1.0,0.0,0.0,0.0,0.0,5.21
1.0,0.0,0.0,0.0,0.0,5.23
1.0,0.0,0.0,0.0,0.0,5.24
1.0,0.0,0.0,0.0,0.0,5.26
1.0,0.0,0.0,0.0,0.0,5.28
1.0,0.0,0.0,0.0,0.0,5.29
1.0,0.0,0.0,0.0,0.0,5.31
1.0,0.0,0.0,0.0,0.0,5.33
1.0,0.0,0.0,0.0,0.0,5.34
1.0,0.0,0.0,0.0,0.0,5.36
1.0,0.0,0.0,0.0,0.0,5.38
1.0,0.0,0.0,0.0,0.0,5.39
1.0,0.0,0.0,0.0,0.0,5.41
1.0,0.0,0.0,0.0,0.0,5.43
1.0,0.0,0.0,0.0,0.0,5.44
1.0,0.0,0.0,0.0,0.0,5.46
1.0,0.0,0.0,0.0,0.0,5.48
1.0,0.0,0.0,0.0,0.0,5.49
1.0,0.0,0.0,0.0,0.0,5.51
1.0,0.0,0.0,0.0,0.0,5.53
1.0,0.0,0.0,0.0,0.0,5.55
1.0,0.0,0.0,0.0,0.0,5.56
1.0,0.0,0.0,0.0,0.0,5.58
1.0,0.0,0.0,0.0,0.0,5.6
1.0,0.0,0.0,0.0,0.0,5.61
1.0,0.0,0.0,0.0,0.0,5.63
1.0,0.0,0.0,0.0,0.0,5.65
1.0,0.0,0.0,0.0,0.0,5.66
1.0,0.0,0.0,0.0,0.0,5.68
1.0,0.0,0.0,0.0,0.0,5.7
1.0,0.0,0.0,0.0,0.0,5.71
1.0,0.0,0.0,0.0,0.0,5.74
1.0,0.0,0.0,0.0,0.0,5.76
1.0,0.0,0.0,0.0,0.0,5.78
1.0,0.0,0.0,0.0,0.0,5.79
1.0,0.0,0.0,0.0,0.0,5.81
1.0,0.0,0.0,0.0,0.0,5.83
1.0,0.0,0.0,0.0,0.0,5.85
1.0,0.0,0.0,0.0,0.0,5.86
1.0,0.0,0.0,0.0,0.0,5.88
1.0,0.0,0.0,0.0,0.0,5.9
1.0,0.0,0.0,0.0,0.0,5.92
1.0,0.0,0.0,0.0,0.0,5.93
1.0,0.0,0.0,0.0,0.0,5.96
1.0,0.0,0.0,0.0,0.0,5.98
1.0,0.0,0.0,0.0,0.0,6.0
1.0,0.0,0.0,0.0,0.0,6.02
1.0,0.0,0.0,0.0,0.0,6.03
1.0,0.0,0.0,0.0,0.0,6.05
1.0,0.0,0.0,0.0,0.0,6.07
1.0,0.0,0.0,0.0,0.0,6.08
1.0,0.0,0.0,0.0,0.0,6.1
1.0,0.0,0.0,0.0,0.0,6.11
1.0,0.0,0.0,0.0,0.0,6.14
1.0,0.0,0.0,0.0,0.0,6.15
1.0,0.0,0.0,0.0,0.0,6.17
1.0,0.0,0.0,0.0,0.0,6.19
1.0,0.0,0.0,0.0,0.0,6.2
1.0,0.0,0.0,0.0,0.0,6.22
1.0,0.0,0.0,0.0,0.0,6.24
1.0,0.0,0.0,0.0,0.0,6.25
1.0,0.0,0.0,0.0,0.0,6.27
1.0,0.0,0.0,0.0,0.0,6.29
1.0,0.0,0.0,0.0,0.0,6.3
1.0,0.0,0.0,0.0,0.0,6.32
1.0,0.0,0.0,0.0,0.0,6.34
1.0,0.0,0.0,0.0,0.0,6.36
1.0,0.0,0.0,0.0,0.0,6.37
1.0,0.0,0.0,0.0,0.0,6.39
1.0,0.0,0.0,0.0,0.0,6.41
1.0,0.0,0.0,0.0,0.0,6.43
1.0,0.0,0.0,0.0,0.0,6.45
1.0,0.0,0.0,0.0,0.0,6.46
1.0,0.0,0.0,0.0,0.0,6.48
1.0,0.0,0.0,0.0,0.0,6.5
1.0,0.0,0.0,0.0,0.0,6.51
1.0,0.0,0.0,0.0,0.0,6.53
1.0,0.0,0.0,0.0,0.0,6.55
1.0,0.0,0.0,0.0,0.0,6.57
1.0,0.0,0.0,0.0,0.0,6.59
1.0,0.0,0.0,0.0,0.0,6.6
1.0,0.0,0.0,0.0,0.0,6.62
1.0,0.0,0.0,0.0,0.0,6.64
1.0,0.0,0.0,0.0,0.0,6.65
1.0,0.0,0.0,0.0,0.0,6.67
1.0,0.0,0.0,0.0,0.0,6.69
1.0,0.0,0.0,0.0,0.0,6.7
1.0,0.0,0.0,0.0,0.0,6.72
1.0,0.0,0.0,0.0,0.0,6.74
1.0,0.0,0.0,0.0,0.0,6.75
1.0,0.0,0.0,0.0,0.0,6.77
1.0,0.0,0.0,0.0,0.0,6.79
1.0,0.0,0.0,0.0,0.0,6.8
1.0,0.0,0.0,0.0,0.0,6.82
1.0,0.0,0.0,0.0,0.0,6.84
1.0,0.0,0.0,0.0,0.0,6.85
1.0,0.0,0.0,0.0,0.0,6.87
1.0,0.0,0.0,0.0,0.0,6.88
1.0,0.0,0.0,0.0,0.0,6.9
1.0,0.0,0.0,0.0,0.0,6.92
1.0,0.0,0.0,0.0,0.0,6.93
1.0,0.0,0.0,0.0,0.0,6.95
1.0,0.0,0.0,0.0,0.0,6.97
1.0,0.0,0.0,0.0,0.0,6.99
1.0,0.0,0.0,0.0,0.0,7.0
1.0,0.0,0.0,0.0,0.0,7.02
1.0,0.0,0.0,0.0,0.0,7.04
1.0,0.0,0.0,0.0,0.0,7.05
1.0,0.0,0.0,0.0,0.0,7.07
1.0,0.0,0.0,0.0,0.0,7.09
1.0,0.0,0.0,0.0,0.0,7.1
1.0,0.0,0.0,0.0,0.0,7.12
1.0,0.0,0.0,0.0,0.0,7.13
1.0,0.0,0.0,0.0,0.0,7.16
1.0,0.0,0.0,0.0,0.0,7.18
1.0,0.0,0.0,0.0,0.0,7.2
1.0,0.0,0.0,0.0,0.0,7.22
1.0,0.0,0.0,0.0,0.0,7.24
1.0,0.0,0.0,0.0,0.0,7.26
1.0,0.0,0.0,0.0,0.0,7.27
1.0,0.0,0.0,0.0,0.0,7.29
1.0,0.0,0.0,0.0,0.0,7.31
1.0,0.0,0.0,0.0,0.0,7.33
1.0,0.0,0.0,0.0,0.0,7.34
1.0,0.0,0.0,0.0,0.0,7.36
1.0,0.0,0.0,0.0,0.0,7.38
1.0,0.0,0.0,0.0,0.0,7.39
1.0,0.0,0.0,0.0,0.0,7.41
1.0,0.0,0.0,0.0,0.0,7.43
1.0,0.0,0.0,0.0,0.0,7.45
1.0,0.0,0.0,0.0,0.0,7.46
1.0,0.0,0.0,0.0,0.0,7.48
1.0,0.0,0.0,0.0,0.0,7.5
1.0,0.0,0.0,0.0,0.0,7.53
1.0,0.0,0.0,0.0,0.0,7.55
1.0,0.0,0.0,0.0,0.0,7.56
1.0,0.0,0.0,0.0,0.0,7.58
1.0,0.0,0.0,0.0,0.0,7.6
1.0,0.0,0.0,0.0,0.0,7.61
1.0,0.0,0.0,0.0,0.0,7.63
1.0,0.0,0.0,0.0,0.0,7.65
1.0,0.0,0.0,0.0,0.0,7.66
1.0,0.0,0.0,0.0,0.0,7.68
1.0,0.0,0.0,0.0,0.0,7.7
1.0,0.0,0.0,0.0,0.0,7.72
1.0,0.0,0.0,0.0,0.0,7.74
1.0,0.0,0.0,0.0,0.0,7.75
1.0,0.0,0.0,0.0,0.0,7.77
1.0,0.0,0.0,0.0,0.0,7.79
1.0,0.0,0.0,0.0,0.0,7.81
1.0,0.0,0.0,0.0,0.0,7.82
1.0,0.0,0.0,0.0,0.0,7.84
1.0,0.0,0.0,0.0,0.0,7.86
1.0,0.0,0.0,0.0,0.0,7.87
1.0,0.0,0.0,0.0,0.0,7.89
1.0,0.0,0.0,0.0,0.0,7.91
1.0,0.0,0.0,0.0,0.0,7.92
1.0,0.0,0.0,0.0,0.0,7.94
1.0,0.0,0.0,0.0,0.0,7.96
1.0,0.0,0.0,0.0,0.0,7.97
1.0,0.0,0.0,0.0,0.0,7.99
1.0,0.0,0.0,0.0,0.0,8.01
1.0,0.0,0.0,0.0,0.0,8.03
1.0,0.0,0.0,0.0,0.0,8.05
1.0,0.0,0.0,0.0,0.0,8.06
1.0,0.0,0.0,0.0,0.0,8.08
1.0,0.0,0.0,0.0,0.0,8.1
1.0,0.0,0.0,0.0,0.0,8.12
1.0,0.0,0.0,0.0,0.0,8.13
1.0,0.0,0.0,0.0,0.0,8.15
1.0,0.0,0.0,0.0,0.0,8.17
1.0,0.0,0.0,0.0,0.0,8.19
1.0,0.0,0.0,0.0,0.0,8.2
1.0,0.0,0.0,0.0,0.0,8.22
1.0,0.0,0.0,0.0,0.0,8.24
1.0,0.0,0.0,0.0,0.0,8.25
1.0,0.0,0.0,0.0,0.0,8.27
1.0,0.0,0.0,0.0,0.0,8.29
1.0,0.0,0.0,0.0,0.0,8.3
1.0,0.0,0.0,0.0,0.0,8.32
1.0,0.0,0.0,0.0,0.0,8.34
1.0,0.0,0.0,0.0,0.0,8.35
1.0,0.0,0.0,0.0,0.0,8.37
1.0,0.0,0.0,0.0,0.0,8.39
1.0,0.0,0.0,0.0,0.0,8.41
1.0,0.0,0.0,0.0,0.0,8.42
1.0,0.0,0.0,0.0,0.0,8.44
1.0,0.0,0.0,0.0,0.0,8.46
1.0,0.0,0.0,0.0,0.0,8.47
1.0,0.0,0.0,0.0,0.0,8.49
1.0,0.0,0.0,0.0,0.0,8.51
1.0,0.0,0.0,0.0,0.0,8.52
1.0,0.0,0.0,0.0,0.0,8.54
1.0,0.0,0.0,0.0,0.0,8.56
1.0,0.0,0.0,0.0,0.0,8.57
1.0,0.0,0.0,0.0,0.0,8.59
1.0,0.0,0.0,0.0,0.0,8.61
1.0,0.0,0.0,0.0,0.0,8.62
1.0,0.0,0.0,0.0,0.0,8.64
1.0,0.0,0.0,0.0,0.0,8.66
1.0,0.0,0.0,0.0,0.0,8.67
1.0,0.0,0.0,0.0,0.0,8.69
1.0,0.0,0.0,0.0,0.0,8.71
1.0,0.0,0.0,0.0,0.0,8.73
1.0,0.0,0.0,0.0,0.0,8.75
1.0,0.0,0.0,0.0,0.0,8.76
1.0,0.0,0.0,0.0,0.0,8.78
1.0,0.0,0.0,0.0,0.0,8.8
1.0,0.0,0.0,0.0,0.0,8.82
1.0,0.0,0.0,0.0,0.0,8.84
1.0,0.0,0.0,0.0,0.0,8.86
1.0,0.0,0.0,0.0,0.0,8.87
1.0,0.0,0.0,0.0,0.0,8.89
1.0,0.0,0.0,0.0,0.0,8.91
1.0,0.0,0.0,0.0,0.0,8.94
1.0,0.0,0.0,0.0,0.0,8.96
1.0,0.0,0.0,0.0,0.0,8.97
1.0,0.0,0.0,0.0,0.0,8.99
1.0,0.0,0.0,0.0,0.0,9.01
1.0,0.0,0.0,0.0,0.0,9.03
1.0,0.0,0.0,0.0,0.0,9.04
1.0,0.0,0.0,0.0,0.0,9.06
1.0,0.0,0.0,0.0,0.0,9.08
1.0,0.0,0.0,0.0,0.0,9.09
1.0,0.0,0.0,0.0,0.0,9.11
1.0,0.0,0.0,0.0,0.0,9.13
1.0,0.0,0.0,0.0,0.0,9.15
1.0,0.0,0.0,0.0,0.0,9.16
1.0,0.0,0.0,0.0,0.0,9.18
1.0,0.0,0.0,0.0,0.0,9.2
1.0,0.0,0.0,0.0,0.0,9.21
1.0,0.0,0.0,0.0,0.0,9.23
1.0,0.0,0.0,0.0,0.0,9.25
1.0,0.0,0.0,0.0,0.0,9.27
1.0,0.0,0.0,0.0,0.0,9.3
1.0,0.0,0.0,0.0,0.0,9.31
1.0,0.0,0.0,0.0,0.0,9.33
1.0,0.0,0.0,0.0,0.0,9.35
1.0,0.0,0.0,0.0,0.0,9.36
1.0,0.0,0.0,0.0,0.0,9.38
1.0,0.0,0.0,0.0,0.0,9.4
1.0,0.0,0.0,0.0,0.0,9.41
1.0,0.0,0.0,0.0,0.0,9.43
1.0,0.0,0.0,0.0,0.0,9.45
1.0,0.0,0.0,0.0,0.0,9.47
1.0,0.0,0.0,0.0,0.0,9.5
1.0,0.0,0.0,0.0,0.0,9.52
1.0,0.0,0.0,0.0,0.0,9.53
1.0,0.0,0.0,0.0,0.0,9.55
1.0,0.0,0.0,0.0,0.0,9.57
1.0,0.0,0.0,0.0,0.0,9.59
1.0,0.0,0.0,0.0,0.0,9.6
1.0,0.0,0.0,0.0,0.0,9.62
1.0,0.0,0.0,0.0,0.0,9.64
1.0,0.0,0.0,0.0,0.0,9.66
1.0,0.0,0.0,0.0,0.0,9.69
1.0,0.0,0.0,0.0,0.0,9.71
1.0,0.0,0.0,0.0,0.0,9.72
1.0,0.0,0.0,0.0,0.0,9.74
1.0,0.0,0.0,0.0,0.0,9.76
1.0,0.0,0.0,0.0,0.0,9.78
1.0,0.0,0.0,0.0,0.0,9.79
1.0,0.0,0.0,0.0,0.0,9.81
1.0,0.0,0.0,0.0,0.0,9.83
1.0,0.0,0.0,0.0,0.0,9.85
1.0,0.0,0.0,0.0,0.0,9.87
1.0,0.0,0.0,0.0,0.0,9.88
1.0,0.0,0.0,0.0,0.0,9.9
1.0,0.0,0.0,0.0,0.0,9.92
1.0,0.0,0.0,0.0,0.0,9.94
1.0,0.0,0.0,0.0,0.0,9.95
1.0,0.0,0.0,0.0,0.0,9.97
1.0,0.0,0.0,0.0,0.0,9.99
1.0,0.0,0.0,0.0,0.0,10.0
1.0,0.0,0.0,0.0,0.0,10.03
1.0,0.0,0.0,0.0,0.0,10.04
1.0,0.0,0.0,0.0,0.0,10.06
1.0,0.0,0.0,0.0,0.0,10.08
1.0,0.0,0.0,0.0,0.0,10.11
1.0,0.0,0.0,0.0,0.0,10.13
1.0,0.0,0.0,0.0,0.0,10.15
1.0,0.0,0.0,0.0,0.0,10.17
1.0,0.0,0.0,0.0,0.0,10.18
1.0,0.0,0.0,0.0,0.0,10.2
1.0,0.0,0.0,0.0,0.0,10.22
1.0,0.0,0.0,0.0,0.0,10.24
1.0,0.0,0.0,0.0,0.0,10.25
1.0,0.0,0.0,0.0,0.0,10.27
1.0,0.0,0.0,0.0,0.0,10.29
1.0,0.0,0.0,0.0,0.0,10.3
1.0,0.0,0.0,0.0,0.0,10.32
1.0,0.0,0.0,0.0,0.0,10.34
1.0,0.0,0.0,0.0,0.0,10.36
1.0,0.0,0.0,0.0,0.0,10.37
1.0,0.0,0.0,0.0,0.0,10.39
1.0,0.0,0.0,0.0,0.0,10.41
1.0,0.0,0.0,0.0,0.0,10.42
1.0,0.0,0.0,0.0,0.0,10.44
1.0,0.0,0.0,0.0,0.0,10.46
1.0,0.0,0.0,0.0,0.0,10.48
1.0,0.0,0.0,0.0,0.0,10.49
1.0,0.0,0.0,0.0,0.0,10.51
1.0,0.0,0.0,0.0,0.0,10.53
1.0,0.0,0.0,0.0,0.0,10.54
1.0,0.0,0.0,0.0,0.0,10.56
1.0,0.0,0.0,0.0,0.0,10.59
1.0,0.0,0.0,0.0,0.0,10.6
1.0,0.0,0.0,0.0,0.0,10.62
1.0,0.0,0.0,0.0,0.0,10.64
1.0,0.0,0.0,0.0,0.0,10.65
1.0,0.0,0.0,0.0,0.0,10.67
1.0,0.0,0.0,0.0,0.0,10.69
1.0,0.0,0.0,0.0,0.0,10.7
1.0,0.0,0.0,0.0,0.0,10.72
1.0,0.0,0.0,0.0,0.0,10.74
1.0,0.0,0.0,0.0,0.0,10.75
1.0,0.0,0.0,0.0,0.0,10.77
1.0,0.0,0.0,0.0,0.0,10.79
1.0,0.0,0.0,0.0,0.0,10.81
1.0,0.0,0.0,0.0,0.0,10.83
1.0,0.0,0.0,0.0,0.0,10.84
1.0,0.0,0.0,0.0,0.0,10.86
1.0,0.0,0.0,0.0,0.0,10.88
1.0,0.0,0.0,0.0,0.0,10.9
1.0,0.0,0.0,0.0,0.0,10.92
1.0,0.0,0.0,0.0,0.0,10.93
1.0,0.0,0.0,0.0,0.0,10.95
1.0,0.0,0.0,0.0,0.0,10.97
1.0,0.0,0.0,0.0,0.0,10.99
1.0,0.0,0.0,0.0,0.0,11.0
1.0,0.0,0.0,0.0,0.0,11.02
1.0,0.0,0.0,0.0,0.0,11.04
1.0,0.0,0.0,0.0,0.0,11.05
1.0,0.0,0.0,0.0,0.0,11.07
1.0,0.0,0.0,0.0,0.0,11.09
1.0,0.0,0.0,0.0,0.0,11.1
1.0,0.0,0.0,0.0,0.0,11.12
1.0,0.0,0.0,0.0,0.0,11.14
1.0,0.0,0.0,0.0,0.0,11.16
1.0,0.0,0.0,0.0,0.0,11.17
1.0,0.0,0.0,0.0,0.0,11.19
1.0,0.0,0.0,0.0,0.0,11.21
1.0,0.0,0.0,0.0,0.0,11.23
1.0,0.0,0.0,0.0,0.0,11.24
1.0,0.0,0.0,0.0,0.0,11.26
1.0,0.0,0.0,0.0,0.0,11.28
1.0,0.0,0.0,0.0,0.0,11.3
1.0,0.0,0.0,0.0,0.0,11.31
1.0,0.0,0.0,0.0,0.0,11.33
1.0,0.0,0.0,0.0,0.0,11.35
1.0,0.0,0.0,0.0,0.0,11.37
1.0,0.0,0.0,0.0,0.0,11.39
1.0,0.0,0.0,0.0,0.0,11.41
1.0,0.0,0.0,0.0,0.0,11.42
1.0,0.0,0.0,0.0,0.0,11.44
1.0,0.0,0.0,0.0,0.0,11.46
1.0,0.0,0.0,0.0,0.0,11.48
1.0,0.0,0.0,0.0,0.0,11.5
1.0,0.0,0.0,0.0,0.0,11.51
1.0,0.0,0.0,0.0,0.0,11.53
1.0,0.0,0.0,0.0,0.0,11.55
1.0,0.0,0.0,0.0,0.0,11.57
1.0,0.0,0.0,0.0,0.0,11.59
1.0,0.0,0.0,0.0,0.0,11.61
1.0,0.0,0.0,0.0,0.0,11.62
1.0,0.0,0.0,0.0,0.0,11.64
1.0,0.0,0.0,0.0,0.0,11.66
1.0,0.0,0.0,0.0,0.0,11.68
1.0,0.0,0.0,0.0,0.0,11.69
1.0,0.0,0.0,0.0,0.0,11.71
1.0,0.0,0.0,0.0,0.0,11.73
1.0,0.0,0.0,0.0,0.0,11.75
1.0,0.0,0.0,0.0,0.0,11.76
1.0,0.0,0.0,0.0,0.0,11.78
1.0,0.0,0.0,0.0,0.0,11.8
1.0,0.0,0.0,0.0,0.0,11.82
1.0,0.0,0.0,0.0,0.0,11.83
1.0,0.0,0.0,0.0,0.0,11.85
1.0,0.0,0.0,0.0,0.0,11.87
1.0,0.0,0.0,0.0,0.0,11.88
1.0,0.0,0.0,0.0,0.0,11.9
1.0,0.0,0.0,0.0,0.0,11.92
1.0,0.0,0.0,0.0,0.0,11.94
1.0,0.0,0.0,0.0,0.0,11.95
1.0,0.0,0.0,0.0,0.0,11.97
1.0,0.0,0.0,0.0,0.0,11.99
1.0,0.0,0.0,0.0,0.0,12.0
1.0,0.0,0.0,0.0,0.0,12.02
1.0,0.0,0.0,0.0,0.0,12.04
1.0,0.0,0.0,0.0,0.0,12.06
1.0,0.0,0.0,0.0,0.0,12.07
1.0,0.0,0.0,0.0,0.0,12.09
1.0,0.0,0.0,0.0,0.0,12.11
1.0,0.0,0.0,0.0,0.0,12.13
1.0,0.0,0.0,0.0,0.0,12.14
1.0,0.0,0.0,0.0,0.0,12.16
1.0,0.0,0.0,0.0,0.0,12.18
1.0,0.0,0.0,0.0,0.0,12.19
1.0,0.0,0.0,0.0,0.0,12.21
1.0,0.0,0.0,0.0,0.0,12.23
1.0,0.0,0.0,0.0,0.0,12.24
1.0,0.0,0.0,0.0,0.0,12.26
1.0,0.0,0.0,0.0,0.0,12.28
1.0,0.0,0.0,0.0,0.0,12.29
1.0,0.0,0.0,0.0,0.0,12.31
1.0,0.0,0.0,0.0,0.0,12.33
1.0,0.0,0.0,0.0,0.0,12.34
1.0,0.0,0.0,0.0,0.0,12.36
1.0,0.0,0.0,0.0,0.0,12.38
1.0,0.0,0.0,0.0,0.0,12.39
1.0,0.0,0.0,0.0,0.0,12.41
1.0,0.0,0.0,0.0,0.0,12.43
1.0,0.0,0.0,0.0,0.0,12.44
1.0,0.0,0.0,0.0,0.0,12.46
1.0,0.0,0.0,0.0,0.0,12.48
1.0,0.0,0.0,0.0,0.0,12.49
1.0,0.0,0.0,0.0,0.0,12.51
1.0,0.0,0.0,0.0,0.0,12.53
1.0,0.0,0.0,0.0,0.0,12.54
1.0,0.0,0.0,0.0,0.0,12.56
1.0,0.0,0.0,0.0,0.0,12.58
1.0,0.0,0.0,0.0,0.0,12.59
1.0,0.0,0.0,0.0,0.0,12.61
1.0,0.0,0.0,0.0,0.0,12.63
1.0,0.0,0.0,0.0,0.0,12.64
1.0,0.0,0.0,0.0,0.0,12.66
1.0,0.0,0.0,0.0,0.0,12.68
1.0,0.0,0.0,0.0,0.0,12.69
1.0,0.0,0.0,0.0,0.0,12.71
1.0,0.0,0.0,0.0,0.0,12.73
1.0,0.0,0.0,0.0,0.0,12.74
1.0,0.0,0.0,0.0,0.0,12.76
1.0,0.0,0.0,0.0,0.0,12.78
1.0,0.0,0.0,0.0,0.0,12.79
1.0,0.0,0.0,0.0,0.0,12.81
1.0,0.0,0.0,0.0,0.0,12.83
1.0,0.0,0.0,0.0,0.0,12.84
1.0,0.0,0.0,0.0,0.0,12.86
1.0,0.0,0.0,0.0,0.0,12.88
1.0,0.0,0.0,0.0,0.0,12.89
1.0,0.0,0.0,0.0,0.0,12.91
1.0,0.0,0.0,0.0,0.0,12.93
1.0,0.0,0.0,0.0,0.0,12.95
1.0,0.0,0.0,0.0,0.0,12.97
1.0,0.0,0.0,0.0,0.0,12.98
1.0,0.0,0.0,0.0,0.0,13.0
1.0,0.0,0.0,0.0,0.0,13.02
1.0,0.0,0.0,0.0,0.0,13.04
1.0,0.0,0.0,0.0,0.0,13.05
1.0,0.0,0.0,0.0,0.0,13.07
1.0,0.0,0.0,0.0,0.0,13.09
1.0,0.0,0.0,0.0,0.0,13.1
1.0,0.0,0.0,0.0,0.0,13.12
1.0,0.0,0.0,0.0,0.0,13.14
1.0,0.0,0.0,0.0,0.0,13.15
1.0,0.0,0.0,0.0,0.0,13.17
1.0,0.0,0.0,0.0,0.0,13.19
1.0,0.0,0.0,0.0,0.0,13.2
1.0,0.0,0.0,0.0,0.0,13.22
1.0,0.0,0.0,0.0,0.0,13.24
1.0,0.0,0.0,0.0,0.0,13.25
1.0,0.0,0.0,0.0,0.0,13.27
1.0,0.0,0.0,0.0,0.0,13.29
1.0,0.0,0.0,0.0,0.0,13.3
1.0,0.0,0.0,0.0,0.0,13.32
1.0,0.0,0.0,0.0,0.0,13.34
1.0,0.0,0.0,0.0,0.0,13.35
1.0,0.0,0.0,0.0,0.0,13.37
1.0,0.0,0.0,0.0,0.0,13.38
1.0,0.0,0.0,0.0,0.0,13.4
1.0,0.0,0.0,0.0,0.0,13.43
1.0,0.0,0.0,0.0,0.0,13.45
1.0,0.0,0.0,0.0,0.0,13.47
1.0,0.0,0.0,0.0,0.0,13.49
1.0,0.0,0.0,0.0,0.0,13.5
1.0,0.0,0.0,0.0,0.0,13.52
1.0,0.0,0.0,0.0,0.0,13.54
1.0,0.0,0.0,0.0,0.0,13.55
1.0,0.0,0.0,0.0,0.0,13.57
1.0,0.0,0.0,0.0,0.0,13.59
1.0,0.0,0.0,0.0,0.0,13.6
1.0,0.0,0.0,0.0,0.0,13.62
1.0,0.0,0.0,0.0,0.0,13.63
1.0,0.0,0.0,0.0,0.0,13.65
1.0,0.0,0.0,0.0,0.0,13.67
1.0,0.0,0.0,0.0,0.0,13.68
1.0,0.0,0.0,0.0,0.0,13.7
1.0,0.0,0.0,0.0,0.0,13.72
1.0,0.0,0.0,0.0,0.0,13.73
1.0,0.0,0.0,0.0,0.0,13.76
1.0,0.0,0.0,0.0,0.0,13.78
1.0,0.0,0.0,0.0,0.0,13.8
1.0,0.0,0.0,0.0,0.0,13.82
1.0,0.0,0.0,0.0,0.0,13.83
1.0,0.0,0.0,0.0,0.0,13.85
1.0,0.0,0.0,0.0,0.0,13.87
1.0,0.0,0.0,0.0,0.0,13.88
1.0,0.0,0.0,0.0,0.0,13.9
1.0,0.0,0.0,0.0,0.0,13.92
1.0,0.0,0.0,0.0,0.0,13.93
1.0,0.0,0.0,0.0,0.0,13.95
1.0,0.0,0.0,0.0,0.0,13.97
1.0,0.0,0.0,0.0,0.0,13.98
1.0,0.0,0.0,0.0,0.0,14.01
1.0,0.0,0.0,0.0,0.0,14.03
1.0,0.0,0.0,0.0,0.0,14.04
1.0,0.0,0.0,0.0,0.0,14.06
1.0,0.0,0.0,0.0,0.0,14.08
1.0,0.0,0.0,0.0,0.0,14.1
1.0,0.0,0.0,0.0,0.0,14.11
1.0,0.0,0.0,0.0,0.0,14.13
1.0,0.0,0.0,0.0,0.0,14.15
1.0,0.0,0.0,0.0,0.0,14.16
1.0,0.0,0.0,0.0,0.0,14.18
1.0,0.0,0.0,0.0,0.0,14.2
1.0,0.0,0.0,0.0,0.0,14.21
1.0,0.0,0.0,0.0,0.0,14.23
1.0,0.0,0.0,0.0,0.0,14.25
1.0,0.0,0.0,0.0,0.0,14.27
1.0,0.0,0.0,0.0,0.0,14.28
1.0,0.0,0.0,0.0,0.0,14.3
1.0,0.0,0.0,0.0,0.0,14.32
1.0,0.0,0.0,0.0,0.0,14.33
1.0,0.0,0.0,0.0,0.0,14.35
1.0,0.0,0.0,0.0,0.0,14.37
1.0,0.0,0.0,0.0,0.0,14.39
1.0,0.0,0.0,0.0,0.0,14.41
1.0,0.0,0.0,0.0,0.0,14.42
1.0,0.0,0.0,0.0,0.0,14.44
1.0,0.0,0.0,0.0,0.0,14.46
1.0,0.0,0.0,0.0,0.0,14.48
1.0,0.0,0.0,0.0,0.0,14.49
1.0,0.0,0.0,0.0,0.0,14.51
1.0,0.0,0.0,0.0,0.0,14.53
1.0,0.0,0.0,0.0,0.0,14.55
1.0,0.0,0.0,0.0,0.0,14.56
1.0,0.0,0.0,0.0,0.0,14.58
1.0,0.0,0.0,0.0,0.0,14.6
1.0,0.0,0.0,0.0,0.0,14.61
1.0,0.0,0.0,0.0,0.0,14.63
1.0,0.0,0.0,0.0,0.0,14.65
1.0,0.0,0.0,0.0,0.0,14.67
1.0,0.0,0.0,0.0,0.0,14.68
1.0,0.0,0.0,0.0,0.0,14.7
1.0,0.0,0.0,0.0,0.0,14.71
1.0,0.0,0.0,0.0,0.0,14.73
1.0,0.0,0.0,0.0,0.0,14.75
1.0,0.0,0.0,0.0,0.0,14.76
1.0,0.0,0.0,0.0,0.0,14.78
1.0,0.0,0.0,0.0,0.0,14.8
1.0,0.0,0.0,0.0,0.0,14.81
1.0,0.0,0.0,0.0,0.0,14.83
1.0,0.0,0.0,0.0,0.0,14.85
1.0,0.0,0.0,0.0,0.0,14.86
1.0,0.0,0.0,0.0,0.0,14.88
1.0,0.0,0.0,0.0,0.0,14.9
1.0,0.0,0.0,0.0,0.0,14.91
1.0,0.0,0.0,0.0,0.0,14.93
1.0,0.0,0.0,0.0,0.0,14.95
1.0,0.0,0.0,0.0,0.0,14.96
1.0,0.0,0.0,0.0,0.0,14.98
1.0,0.0,0.0,0.0,0.0,15.0
1.0,0.0,0.0,0.0,0.0,15.02
1.0,0.0,0.0,0.0,0.0,15.03
1.0,0.0,0.0,0.0,0.0,15.05
1.0,0.0,0.0,0.0,0.0,15.07
1.0,0.0,0.0,0.0,0.0,15.09
1.0,0.0,0.0,0.0,0.0,15.1
1.0,0.0,0.0,0.0,0.0,15.12
1.0,0.0,0.0,0.0,0.0,15.14
1.0,0.0,0.0,0.0,0.0,15.15
1.0,0.0,0.0,0.0,0.0,15.17
1.0,0.0,0.0,0.0,0.0,15.19
1.0,0.0,0.0,0.0,0.0,15.2
1.0,0.0,0.0,0.0,0.0,15.22
1.0,0.0,0.0,0.0,0.0,15.25
1.0,0.0,0.0,0.0,0.0,15.27
1.0,0.0,0.0,0.0,0.0,15.28
1.0,0.0,0.0,0.0,0.0,15.3
1.0,0.0,0.0,0.0,0.0,15.33
1.0,0.0,0.0,0.0,0.0,15.35
1.0,0.0,0.0,0.0,0.0,15.37
1.0,0.0,0.0,0.0,0.0,15.38
1.0,0.0,0.0,0.0,0.0,15.4
1.0,0.0,0.0,0.0,0.0,15.42
1.0,0.0,0.0,0.0,0.0,15.43
1.0,0.0,0.0,0.0,0.0,15.45
1.0,0.0,0.0,0.0,0.0,15.47
1.0,0.0,0.0,0.0,0.0,15.49
1.0,0.0,0.0,0.0,0.0,15.5
1.0,0.0,0.0,0.0,0.0,15.52
1.0,0.0,0.0,0.0,0.0,15.54
1.0,0.0,0.0,0.0,0.0,15.55
1.0,0.0,0.0,0.0,0.0,15.57
1.0,0.0,0.0,0.0,0.0,15.59
1.0,0.0,0.0,0.0,0.0,15.6
1.0,0.0,0.0,0.0,0.0,15.62
1.0,0.0,0.0,0.0,0.0,15.64
1.0,0.0,0.0,0.0,0.0,15.65
1.0,0.0,0.0,0.0,0.0,15.67
1.0,0.0,0.0,0.0,0.0,15.69
1.0,0.0,0.0,0.0,0.0,15.7
1.0,0.0,0.0,0.0,0.0,15.73
1.0,0.0,0.0,0.0,0.0,15.75
1.0,0.0,0.0,0.0,0.0,15.77
1.0,0.0,0.0,0.0,0.0,15.79
1.0,0.0,0.0,0.0,0.0,15.81
1.0,0.0,0.0,0.0,0.0,15.82
1.0,0.0,0.0,0.0,0.0,15.85
1.0,0.0,0.0,0.0,0.0,15.87
1.0,0.0,0.0,0.0,0.0,15.88
1.0,0.0,0.0,0.0,0.0,15.9
1.0,0.0,0.0,0.0,0.0,15.92
1.0,0.0,0.0,0.0,0.0,15.93
1.0,0.0,0.0,0.0,0.0,15.95
1.0,0.0,0.0,0.0,0.0,15.97
1.0,0.0,0.0,0.0,0.0,15.99
1.0,0.0,0.0,0.0,0.0,16.0
1.0,0.0,0.0,0.0,0.0,16.02
1.0,0.0,0.0,0.0,0.0,16.04
1.0,0.0,0.0,0.0,0.0,16.05
1.0,0.0,0.0,0.0,0.0,16.07
1.0,0.0,0.0,0.0,0.0,16.09
1.0,0.0,0.0,0.0,0.0,16.1
1.0,0.0,0.0,0.0,0.0,16.12
1.0,0.0,0.0,0.0,0.0,16.14
1.0,0.0,0.0,0.0,0.0,16.15
1.0,0.0,0.0,0.0,0.0,16.17
1.0,0.0,0.0,0.0,0.0,16.19
1.0,0.0,0.0,0.0,0.0,16.2
1.0,0.0,0.0,0.0,0.0,16.22
1.0,0.0,0.0,0.0,0.0,16.24
1.0,0.0,0.0,0.0,0.0,16.25
1.0,0.0,0.0,0.0,0.0,16.27
1.0,0.0,0.0,0.0,0.0,16.29
1.0,0.0,0.0,0.0,0.0,16.31
1.0,0.0,0.0,0.0,0.0,16.32
1.0,0.0,0.0,0.0,0.0,16.34
1.0,0.0,0.0,0.0,0.0,16.35
1.0,0.0,0.0,0.0,0.0,16.37
1.0,0.0,0.0,0.0,0.0,16.39
1.0,0.0,0.0,0.0,0.0,16.4
1.0,0.0,0.0,0.0,0.0,16.42
1.0,0.0,0.0,0.0,0.0,16.44
1.0,0.0,0.0,0.0,0.0,16.45
1.0,0.0,0.0,0.0,0.0,16.47
1.0,0.0,0.0,0.0,0.0,16.49
1.0,0.0,0.0,0.0,0.0,16.5
1.0,0.0,0.0,0.0,0.0,16.52
1.0,0.0,0.0,0.0,0.0,16.54
1.0,0.0,0.0,0.0,0.0,16.55
1.0,0.0,0.0,0.0,0.0,16.57
1.0,0.0,0.0,0.0,0.0,16.59
1.0,0.0,0.0,0.0,0.0,16.6
1.0,0.0,0.0,0.0,0.0,16.62
1.0,0.0,0.0,0.0,0.0,16.64
1.0,0.0,0.0,0.0,0.0,16.66
1.0,0.0,0.0,0.0,0.0,16.67
1.0,0.0,0.0,0.0,0.0,16.69
1.0,0.0,0.0,0.0,0.0,16.71
1.0,0.0,0.0,0.0,0.0,16.72
1.0,0.0,0.0,0.0,0.0,16.74
1.0,0.0,0.0,0.0,0.0,16.76
1.0,0.0,0.0,0.0,0.0,16.77
1.0,0.0,0.0,0.0,0.0,16.79
1.0,0.0,0.0,0.0,0.0,16.81
1.0,0.0,0.0,0.0,0.0,16.83
1.0,0.0,0.0,0.0,0.0,16.84
1.0,0.0,0.0,0.0,0.0,16.86
1.0,0.0,0.0,0.0,0.0,16.88
1.0,0.0,0.0,0.0,0.0,16.9
1.0,0.0,0.0,0.0,0.0,16.91
1.0,0.0,0.0,0.0,0.0,16.94
1.0,0.0,0.0,0.0,0.0,16.96
1.0,0.0,0.0,0.0,0.0,16.98
1.0,0.0,0.0,0.0,0.0,17.0
1.0,0.0,0.0,0.0,0.0,17.01
1.0,0.0,0.0,0.0,0.0,17.03
1.0,0.0,0.0,0.0,0.0,17.05
1.0,0.0,0.0,0.0,0.0,17.07
1.0,0.0,0.0,0.0,0.0,17.08
1.0,0.0,0.0,0.0,0.0,17.1
1.0,0.0,0.0,0.0,0.0,17.12
1.0,0.0,0.0,0.0,0.0,17.14
1.0,0.0,0.0,0.0,0.0,17.16
1.0,0.0,0.0,0.0,0.0,17.17
1.0,0.0,0.0,0.0,0.0,17.19
1.0,0.0,0.0,0.0,0.0,17.21
1.0,0.0,0.0,0.0,0.0,17.23
1.0,0.0,0.0,0.0,0.0,17.25
1.0,0.0,0.0,0.0,0.0,17.27
1.0,0.0,0.0,0.0,0.0,17.28
1.0,0.0,0.0,0.0,0.0,17.3
1.0,0.0,0.0,0.0,0.0,17.32
1.0,0.0,0.0,0.0,0.0,17.33
1.0,0.0,0.0,0.0,0.0,17.35
1.0,0.0,0.0,0.0,0.0,17.37
1.0,0.0,0.0,0.0,0.0,17.39
1.0,0.0,0.0,0.0,0.0,17.4
1.0,0.0,0.0,0.0,0.0,17.42
1.0,0.0,0.0,0.0,0.0,17.44
1.0,0.0,0.0,0.0,0.0,17.46
1.0,0.0,0.0,0.0,0.0,17.47
1.0,0.0,0.0,0.0,0.0,17.49
1.0,0.0,0.0,0.0,0.0,17.51
1.0,0.0,0.0,0.0,0.0,17.52
1.0,0.0,0.0,0.0,0.0,17.54
1.0,0.0,0.0,0.0,0.0,17.56
1.0,0.0,0.0,0.0,0.0,17.57
1.0,0.0,0.0,0.0,0.0,17.59
1.0,0.0,0.0,0.0,0.0,17.61
1.0,0.0,0.0,0.0,0.0,17.62
