0.0,0.0,0.0,0.0,0.0,0.0,0.0,0.06
0.0,0.0,0.0,0.0,0.0,0.0,0.0,0.13
0.0,0.0,0.0,0.0,0.0,0.0,0.0,0.16
0.0,0.0,0.0,0.0,0.0,0.0,0.0,0.18
0.0,0.0,0.0,0.0,0.0,0.0,0.0,0.21
0.0,0.0,0.0,0.0,0.0,0.0,0.0,0.24
0.0,0.0,0.0,0.0,0.0,0.0,0.0,0.27
0.0,1.0,0.0,0.0,0.0,0.0,0.0,0.29
0.0,1.0,0.0,0.0,0.0,0.0,0.0,0.32
0.0,1.0,0.0,0.0,0.0,0.0,0.0,0.35
0.0,1.0,0.0,0.0,0.0,0.0,0.0,0.37
0.0,1.0,0.0,0.0,0.0,0.0,0.0,0.4
0.0,1.0,0.0,0.0,0.0,0.0,0.0,0.42
0.0,1.0,0.0,0.0,0.0,0.0,0.0,0.45
0.0,1.0,0.0,0.0,0.0,0.0,0.0,0.47
0.0,1.0,0.0,0.0,0.0,0.0,0.0,0.5
0.0,1.0,0.0,0.0,0.0,0.0,0.0,0.53
0.0,1.0,0.0,0.0,0.0,0.0,0.0,0.55
0.0,1.0,0.0,0.0,0.0,0.0,0.0,0.58
0.0,1.0,0.0,0.0,0.0,0.0,0.0,0.6
0.0,1.0,0.0,0.0,0.0,0.0,0.0,0.63
0.0,1.0,0.0,0.0,0.0,0.0,0.0,0.65
0.0,1.0,0.0,0.0,0.0,0.0,0.0,0.68
0.0,1.0,0.0,0.0,0.0,0.0,0.0,0.71
0.0,1.0,0.0,0.0,0.0,0.0,0.0,0.73
0.0,1.0,0.0,0.0,0.0,0.0,0.0,0.76
0.0,1.0,0.0,0.0,0.0,0.0,0.0,0.78
0.0,1.0,0.0,0.0,0.0,0.0,0.0,0.81
0.0,1.0,0.0,0.0,0.0,0.0,0.0,0.84
0.0,1.0,0.0,0.0,0.0,0.0,0.0,0.86
0.0,1.0,0.0,0.0,0.0,0.0,0.0,0.89
0.0,1.0,0.0,0.0,0.0,0.0,0.0,0.91
0.0,1.0,0.0,0.0,0.0,0.0,0.0,0.94
0.0,1.0,0.0,0.0,0.0,0.0,0.0,0.96
0.0,1.0,0.0,0.0,0.0,0.0,0.0,0.99
0.0,1.0,0.0,0.0,0.0,0.0,0.0,1.01
0.0,1.0,0.0,0.0,0.0,0.0,0.0,1.04
0.0,1.0,0.0,0.0,0.0,0.0,0.0,1.07
0.0,1.0,0.0,0.0,0.0,0.0,0.0,1.09
0.0,1.0,0.0,0.0,0.0,0.0,0.0,1.12
0.0,1.0,0.0,0.0,0.0,0.0,0.0,1.15
0.0,1.0,0.0,0.0,0.0,0.0,0.0,1.17
0.0,1.0,0.0,0.0,0.0,0.0,0.0,1.2
0.0,1.0,0.0,0.0,0.0,0.0,0.0,1.22
0.0,1.0,0.0,0.0,0.0,0.0,0.0,1.25
0.0,1.0,0.0,0.0,0.0,0.0,0.0,1.29
0.0,1.0,0.0,0.0,0.0,0.0,0.0,1.32
0.0,1.0,0.0,0.0,0.0,0.0,0.0,1.35
0.0,1.0,0.0,0.0,0.0,0.0,0.0,1.38
0.0,1.0,0.0,0.0,0.0,0.0,0.0,1.41
0.0,1.0,0.0,0.0,0.0,0.0,0.0,1.43
0.0,1.0,0.0,0.0,0.0,0.0,0.0,1.46
0.0,1.0,0.0,0.0,0.0,0.0,0.0,1.48
0.0,1.0,0.0,0.0,0.0,0.0,0.0,1.51
0.0,1.0,0.0,0.0,0.0,0.0,0.0,1.54
0.0,1.0,0.0,0.0,0.0,0.0,0.0,1.56
0.0,1.0,0.0,0.0,0.0,0.0,0.0,1.59
0.0,1.0,0.0,0.0,0.0,0.0,0.0,1.61
0.0,1.0,0.0,0.0,0.0,0.0,0.0,1.64
0.0,1.0,0.0,0.0,0.0,0.0,0.0,1.66
0.0,1.0,0.0,0.0,0.0,0.0,0.0,1.69
0.0,1.0,0.0,0.0,0.0,0.0,0.0,1.71
0.0,1.0,0.0,0.0,0.0,0.0,0.0,1.74
0.0,1.0,0.0,0.0,0.0,0.0,0.0,1.76
0.0,1.0,0.0,0.0,0.0,0.0,0.0,1.79
0.0,1.0,0.0,0.0,0.0,0.0,0.0,1.82
0.0,1.0,0.0,0.0,0.0,0.0,0.0,1.85
0.0,1.0,0.0,0.0,0.0,0.0,0.0,1.88
0.0,1.0,0.0,0.0,0.0,0.0,0.0,1.9
0.0,1.0,0.0,0.0,0.0,0.0,0.0,1.93
0.0,1.0,0.0,0.0,0.0,0.0,0.0,1.96
0.0,1.0,0.0,0.0,0.0,0.0,0.0,1.99
0.0,1.0,0.0,0.0,0.0,0.0,0.0,2.02
0.0,1.0,0.0,0.0,0.0,0.0,0.0,2.04
0.0,1.0,0.0,0.0,0.0,0.0,0.0,2.07
0.0,1.0,0.0,0.0,0.0,0.0,0.0,2.09
0.0,1.0,0.0,0.0,0.0,0.0,0.0,2.12
0.0,1.0,0.0,0.0,0.0,0.0,0.0,2.15
0.0,1.0,0.0,0.0,0.0,0.0,0.0,2.17
0.0,1.0,0.0,0.0,0.0,0.0,0.0,2.2
0.0,1.0,0.0,0.0,0.0,0.0,0.0,2.23
0.0,1.0,0.0,0.0,0.0,0.0,0.0,2.25
0.0,1.0,0.0,0.0,0.0,0.0,0.0,2.28
0.0,1.0,0.0,0.0,0.0,0.0,0.0,2.31
0.0,1.0,0.0,0.0,0.0,0.0,0.0,2.34
0.0,1.0,0.0,0.0,0.0,0.0,0.0,2.36
0.0,1.0,0.0,0.0,0.0,0.0,0.0,2.39
0.0,1.0,0.0,0.0,0.0,0.0,0.0,2.42
0.0,1.0,0.0,0.0,0.0,0.0,0.0,2.44
0.0,1.0,0.0,0.0,0.0,0.0,0.0,2.47
0.0,1.0,0.0,0.0,0.0,0.0,0.0,2.49
0.0,1.0,0.0,0.0,0.0,0.0,0.0,2.52
0.0,1.0,0.0,0.0,0.0,0.0,0.0,2.54
0.0,1.0,0.0,0.0,0.0,0.0,0.0,2.57
0.0,1.0,0.0,0.0,0.0,0.0,0.0,2.59
0.0,1.0,0.0,0.0,0.0,0.0,0.0,2.62
0.0,1.0,0.0,0.0,0.0,0.0,0.0,2.64
0.0,1.0,0.0,0.0,0.0,0.0,0.0,2.67
0.0,1.0,0.0,0.0,0.0,0.0,0.0,2.7
0.0,1.0,0.0,0.0,0.0,0.0,0.0,2.72
0.0,1.0,0.0,0.0,0.0,0.0,0.0,2.75
0.0,1.0,0.0,0.0,0.0,0.0,0.0,2.77
0.0,1.0,0.0,0.0,0.0,0.0,0.0,2.8
0.0,1.0,0.0,0.0,0.0,0.0,0.0,2.83
0.0,1.0,0.0,0.0,0.0,0.0,0.0,2.86
0.0,1.0,0.0,0.0,0.0,0.0,0.0,2.91
0.0,1.0,0.0,0.0,0.0,0.0,0.0,2.94
0.0,1.0,0.0,0.0,0.0,0.0,0.0,2.96
0.0,1.0,0.0,0.0,0.0,0.0,0.0,2.99
0.0,1.0,0.0,0.0,0.0,0.0,0.0,3.01
0.0,1.0,1.0,0.0,0.0,0.0,0.0,3.04
0.0,1.0,1.0,0.0,0.0,0.0,0.0,3.07
0.0,1.0,1.0,0.0,0.0,0.0,0.0,3.09
0.0,1.0,1.0,0.0,0.0,0.0,0.0,3.12
0.0,1.0,1.0,0.0,0.0,0.0,0.0,3.14
0.0,1.0,1.0,0.0,0.0,0.0,0.0,3.17
0.0,1.0,1.0,0.0,0.0,0.0,0.0,3.21
0.0,1.0,1.0,0.0,0.0,0.0,0.0,3.24
0.0,1.0,1.0,0.0,0.0,0.0,0.0,3.26
0.0,1.0,1.0,0.0,0.0,0.0,0.0,3.29
0.0,1.0,1.0,0.0,0.0,0.0,0.0,3.31
0.0,1.0,1.0,0.0,0.0,0.0,0.0,3.35
0.0,1.0,1.0,0.0,0.0,0.0,0.0,3.38
0.0,1.0,1.0,0.0,0.0,0.0,0.0,3.4
0.0,1.0,1.0,0.0,0.0,0.0,0.0,3.43
0.0,1.0,1.0,0.0,0.0,0.0,0.0,3.46
0.0,1.0,1.0,0.0,0.0,0.0,0.0,3.48
0.0,1.0,1.0,0.0,0.0,0.0,0.0,3.51
0.0,1.0,1.0,0.0,0.0,0.0,0.0,3.53
0.0,1.0,1.0,0.0,0.0,0.0,0.0,3.56
0.0,1.0,1.0,0.0,0.0,0.0,0.0,3.58
0.0,1.0,1.0,0.0,0.0,0.0,0.0,3.61
0.0,1.0,1.0,0.0,0.0,0.0,0.0,3.63
0.0,1.0,1.0,0.0,0.0,0.0,0.0,3.66
0.0,1.0,1.0,0.0,0.0,0.0,0.0,3.68
0.0,1.0,1.0,0.0,0.0,0.0,0.0,3.71
0.0,1.0,1.0,0.0,0.0,0.0,0.0,3.74
0.0,1.0,1.0,0.0,0.0,0.0,0.0,3.76
0.0,1.0,1.0,0.0,0.0,0.0,0.0,3.79
0.0,1.0,1.0,0.0,0.0,0.0,0.0,3.82
0.0,1.0,1.0,0.0,0.0,0.0,0.0,3.84
0.0,1.0,1.0,0.0,0.0,0.0,0.0,3.87
0.0,1.0,1.0,0.0,0.0,0.0,0.0,3.9
0.0,1.0,1.0,0.0,0.0,0.0,0.0,3.92
0.0,1.0,1.0,0.0,0.0,0.0,0.0,3.95
0.0,1.0,1.0,0.0,0.0,0.0,0.0,3.98
0.0,1.0,1.0,0.0,0.0,0.0,0.0,4.01
0.0,1.0,1.0,0.0,0.0,0.0,0.0,4.03
0.0,1.0,1.0,0.0,0.0,0.0,0.0,4.06
0.0,1.0,1.0,0.0,0.0,0.0,0.0,4.09
0.0,1.0,1.0,0.0,0.0,0.0,0.0,4.11
0.0,1.0,1.0,0.0,0.0,0.0,0.0,4.14
0.0,1.0,1.0,0.0,0.0,0.0,0.0,4.16
0.0,1.0,1.0,0.0,0.0,0.0,0.0,4.2
0.0,1.0,1.0,0.0,0.0,0.0,0.0,4.22
0.0,1.0,1.0,0.0,0.0,0.0,0.0,4.25
0.0,1.0,1.0,0.0,0.0,0.0,0.0,4.27
0.0,1.0,1.0,0.0,0.0,0.0,0.0,4.31
0.0,1.0,1.0,0.0,0.0,0.0,0.0,4.36
0.0,1.0,1.0,0.0,0.0,0.0,0.0,4.38
0.0,1.0,1.0,0.0,0.0,0.0,0.0,4.41
0.0,1.0,1.0,0.0,0.0,0.0,0.0,4.43
0.0,1.0,1.0,0.0,0.0,0.0,0.0,4.46
0.0,1.0,1.0,0.0,0.0,0.0,0.0,4.48
0.0,1.0,1.0,0.0,0.0,0.0,0.0,4.51
0.0,1.0,1.0,0.0,0.0,0.0,0.0,4.54
0.0,1.0,1.0,0.0,0.0,0.0,0.0,4.56
0.0,1.0,1.0,0.0,0.0,0.0,0.0,4.59
0.0,1.0,1.0,0.0,0.0,0.0,0.0,4.61
0.0,1.0,1.0,0.0,0.0,0.0,0.0,4.64
0.0,1.0,1.0,0.0,0.0,0.0,0.0,4.67
0.0,1.0,1.0,0.0,0.0,0.0,0.0,4.69
0.0,1.0,1.0,0.0,0.0,0.0,0.0,4.72
0.0,1.0,0.0,0.0,0.0,0.0,0.0,4.74
0.0,1.0,0.0,0.0,0.0,0.0,0.0,4.77
0.0,1.0,0.0,0.0,0.0,0.0,0.0,4.79
0.0,1.0,0.0,0.0,0.0,0.0,0.0,4.82
0.0,1.0,0.0,0.0,0.0,0.0,0.0,4.84
0.0,1.0,0.0,0.0,0.0,0.0,0.0,4.87
0.0,1.0,0.0,0.0,0.0,0.0,0.0,4.9
0.0,1.0,0.0,0.0,0.0,0.0,0.0,4.92
0.0,1.0,0.0,0.0,0.0,0.0,0.0,4.95
0.0,1.0,0.0,0.0,0.0,0.0,0.0,4.97
0.0,1.0,0.0,0.0,0.0,0.0,0.0,5.0
0.0,1.0,0.0,0.0,0.0,0.0,0.0,5.02
0.0,1.0,0.0,0.0,0.0,0.0,0.0,5.05
0.0,1.0,0.0,0.0,0.0,0.0,0.0,5.07
0.0,1.0,0.0,0.0,0.0,0.0,0.0,5.1
0.0,1.0,0.0,0.0,0.0,0.0,0.0,5.13
0.0,1.0,0.0,0.0,0.0,0.0,0.0,5.15
0.0,1.0,0.0,0.0,0.0,0.0,0.0,5.18
0.0,1.0,0.0,0.0,0.0,0.0,0.0,5.2
0.0,1.0,0.0,0.0,0.0,0.0,0.0,5.23
0.0,1.0,0.0,0.0,0.0,0.0,0.0,5.25
0.0,1.0,0.0,0.0,0.0,0.0,0.0,5.28
0.0,1.0,0.0,0.0,0.0,0.0,0.0,5.31
0.0,1.0,0.0,0.0,0.0,0.0,0.0,5.33
0.0,1.0,0.0,0.0,0.0,0.0,0.0,5.36
0.0,1.0,0.0,0.0,0.0,0.0,0.0,5.38
0.0,1.0,0.0,0.0,0.0,0.0,0.0,5.41
0.0,1.0,0.0,0.0,0.0,0.0,0.0,5.44
0.0,1.0,0.0,0.0,0.0,0.0,0.0,5.46
0.0,1.0,1.0,0.0,0.0,0.0,0.0,5.49
0.0,1.0,1.0,0.0,0.0,0.0,0.0,5.51
0.0,1.0,1.0,0.0,0.0,0.0,0.0,5.54
0.0,1.0,1.0,0.0,0.0,0.0,0.0,5.56
0.0,1.0,1.0,0.0,0.0,0.0,0.0,5.6
0.0,1.0,1.0,0.0,0.0,0.0,0.0,5.62
0.0,1.0,1.0,0.0,0.0,0.0,0.0,5.65
0.0,1.0,1.0,0.0,0.0,0.0,0.0,5.68
0.0,1.0,1.0,0.0,0.0,0.0,0.0,5.7
0.0,1.0,1.0,0.0,0.0,0.0,0.0,5.73
0.0,1.0,1.0,0.0,0.0,0.0,0.0,5.76
0.0,1.0,1.0,0.0,0.0,0.0,0.0,5.79
0.0,1.0,1.0,0.0,0.0,0.0,0.0,5.82
0.0,1.0,1.0,0.0,0.0,0.0,0.0,5.84
0.0,1.0,1.0,0.0,0.0,0.0,0.0,5.87
0.0,1.0,1.0,0.0,0.0,0.0,0.0,5.9
0.0,1.0,1.0,0.0,0.0,0.0,0.0,5.92
0.0,1.0,1.0,0.0,0.0,0.0,0.0,5.95
0.0,1.0,1.0,0.0,0.0,0.0,0.0,5.98
0.0,1.0,1.0,0.0,0.0,0.0,0.0,6.0
0.0,1.0,1.0,0.0,0.0,0.0,0.0,6.03
0.0,1.0,1.0,0.0,0.0,0.0,0.0,6.06
0.0,1.0,1.0,0.0,0.0,0.0,0.0,6.08
0.0,1.0,1.0,0.0,0.0,0.0,0.0,6.11
0.0,1.0,1.0,0.0,0.0,0.0,0.0,6.13
0.0,1.0,1.0,0.0,0.0,0.0,0.0,6.16
0.0,1.0,1.0,0.0,0.0,0.0,0.0,6.18
0.0,1.0,1.0,0.0,0.0,0.0,0.0,6.21
0.0,1.0,1.0,0.0,0.0,0.0,0.0,6.24
0.0,1.0,1.0,0.0,0.0,0.0,0.0,6.26
0.0,1.0,1.0,0.0,0.0,0.0,0.0,6.29
0.0,1.0,1.0,0.0,0.0,0.0,0.0,6.31
0.0,1.0,1.0,0.0,0.0,0.0,0.0,6.34
0.0,1.0,1.0,0.0,0.0,0.0,0.0,6.37
0.0,1.0,1.0,0.0,0.0,0.0,0.0,6.39
0.0,1.0,1.0,0.0,0.0,0.0,0.0,6.42
0.0,1.0,1.0,0.0,0.0,0.0,0.0,6.44
0.0,1.0,1.0,0.0,0.0,0.0,0.0,6.47
0.0,1.0,1.0,0.0,0.0,0.0,0.0,6.49
0.0,1.0,1.0,0.0,0.0,0.0,0.0,6.52
0.0,1.0,1.0,0.0,0.0,0.0,0.0,6.54
0.0,1.0,1.0,0.0,0.0,0.0,0.0,6.58
0.0,1.0,1.0,0.0,0.0,0.0,0.0,6.6
0.0,1.0,1.0,0.0,0.0,0.0,0.0,6.63
0.0,1.0,1.0,0.0,0.0,0.0,0.0,6.66
0.0,1.0,1.0,0.0,0.0,0.0,0.0,6.69
0.0,1.0,1.0,0.0,0.0,0.0,0.0,6.71
0.0,1.0,1.0,0.0,0.0,0.0,0.0,6.74
0.0,1.0,1.0,0.0,0.0,0.0,0.0,6.77
0.0,1.0,1.0,0.0,0.0,0.0,0.0,6.79
0.0,1.0,1.0,0.0,0.0,0.0,0.0,6.82
0.0,1.0,1.0,0.0,0.0,0.0,0.0,6.84
0.0,1.0,1.0,0.0,0.0,0.0,0.0,6.87
0.0,1.0,1.0,0.0,0.0,0.0,0.0,6.89
0.0,1.0,1.0,0.0,0.0,0.0,0.0,6.92
0.0,1.0,1.0,0.0,0.0,0.0,0.0,6.96
0.0,1.0,1.0,0.0,0.0,0.0,0.0,6.98
0.0,1.0,1.0,0.0,0.0,0.0,0.0,7.01
0.0,1.0,1.0,0.0,0.0,0.0,0.0,7.04
0.0,1.0,1.0,0.0,0.0,0.0,0.0,7.06
0.0,1.0,1.0,0.0,0.0,0.0,0.0,7.09
0.0,1.0,1.0,0.0,0.0,0.0,0.0,7.11
0.0,1.0,1.0,0.0,0.0,0.0,0.0,7.14
0.0,1.0,1.0,0.0,0.0,0.0,0.0,7.17
0.0,1.0,1.0,0.0,0.0,0.0,0.0,7.19
0.0,1.0,1.0,0.0,0.0,0.0,0.0,7.22
0.0,1.0,1.0,0.0,0.0,0.0,0.0,7.25
0.0,1.0,1.0,0.0,0.0,0.0,0.0,7.27
0.0,1.0,1.0,0.0,0.0,0.0,0.0,7.3
0.0,1.0,1.0,0.0,0.0,0.0,0.0,7.33
0.0,1.0,1.0,0.0,0.0,0.0,0.0,7.35
0.0,1.0,1.0,0.0,0.0,0.0,0.0,7.38
0.0,1.0,1.0,0.0,0.0,0.0,0.0,7.4
0.0,1.0,1.0,0.0,0.0,0.0,0.0,7.43
0.0,1.0,1.0,0.0,0.0,0.0,0.0,7.46
0.0,1.0,1.0,0.0,0.0,0.0,0.0,7.48
0.0,1.0,1.0,0.0,0.0,0.0,0.0,7.51
0.0,1.0,1.0,0.0,0.0,0.0,0.0,7.54
0.0,1.0,1.0,0.0,0.0,0.0,0.0,7.56
0.0,1.0,1.0,0.0,0.0,0.0,0.0,7.6
0.0,1.0,1.0,0.0,0.0,0.0,0.0,7.63
0.0,1.0,1.0,0.0,0.0,0.0,0.0,7.65
0.0,1.0,1.0,0.0,0.0,0.0,0.0,7.68
0.0,1.0,1.0,0.0,0.0,0.0,0.0,7.71
0.0,1.0,1.0,0.0,0.0,0.0,0.0,7.74
0.0,1.0,1.0,0.0,0.0,0.0,0.0,7.76
0.0,1.0,1.0,0.0,0.0,0.0,0.0,7.79
0.0,1.0,1.0,0.0,0.0,0.0,0.0,7.81
0.0,1.0,1.0,0.0,0.0,0.0,0.0,7.84
0.0,1.0,1.0,0.0,0.0,0.0,0.0,7.87
0.0,1.0,1.0,0.0,0.0,0.0,0.0,7.89
0.0,1.0,1.0,0.0,0.0,0.0,0.0,7.92
0.0,1.0,1.0,0.0,0.0,0.0,0.0,7.94
0.0,1.0,1.0,0.0,0.0,0.0,0.0,7.97
0.0,1.0,1.0,0.0,0.0,0.0,0.0,8.0
0.0,1.0,1.0,0.0,0.0,0.0,0.0,8.03
0.0,1.0,1.0,0.0,0.0,0.0,0.0,8.06
0.0,1.0,1.0,0.0,0.0,0.0,0.0,8.08
0.0,1.0,1.0,0.0,0.0,0.0,0.0,8.11
0.0,1.0,1.0,0.0,0.0,0.0,0.0,8.13
0.0,1.0,1.0,0.0,0.0,0.0,0.0,8.16
0.0,1.0,1.0,0.0,0.0,0.0,0.0,8.18
0.0,1.0,1.0,0.0,0.0,0.0,0.0,8.21
0.0,1.0,1.0,0.0,0.0,0.0,0.0,8.25
0.0,1.0,1.0,0.0,0.0,0.0,0.0,8.27
0.0,1.0,1.0,0.0,0.0,0.0,0.0,8.3
0.0,1.0,1.0,0.0,0.0,0.0,0.0,8.33
0.0,1.0,1.0,0.0,0.0,0.0,0.0,8.35
0.0,1.0,1.0,0.0,0.0,0.0,0.0,8.38
0.0,1.0,1.0,0.0,0.0,0.0,0.0,8.4
0.0,1.0,1.0,0.0,0.0,0.0,0.0,8.43
0.0,1.0,1.0,0.0,0.0,0.0,0.0,8.45
0.0,1.0,1.0,0.0,0.0,0.0,0.0,8.48
0.0,1.0,1.0,0.0,0.0,0.0,0.0,8.51
0.0,1.0,1.0,0.0,0.0,0.0,0.0,8.53
0.0,1.0,1.0,0.0,0.0,0.0,0.0,8.56
0.0,1.0,1.0,0.0,0.0,0.0,0.0,8.58
0.0,1.0,1.0,0.0,0.0,0.0,0.0,8.61
0.0,0.0,1.0,0.0,0.0,0.0,0.0,8.64
0.0,0.0,1.0,0.0,0.0,0.0,0.0,8.67
0.0,0.0,1.0,0.0,0.0,0.0,0.0,8.69
0.0,0.0,1.0,0.0,0.0,0.0,0.0,8.72
0.0,0.0,1.0,0.0,0.0,0.0,0.0,8.75
0.0,0.0,1.0,0.0,0.0,0.0,0.0,8.78
0.0,0.0,1.0,0.0,0.0,0.0,0.0,8.81
0.0,0.0,1.0,0.0,0.0,0.0,0.0,8.83
0.0,0.0,1.0,0.0,0.0,0.0,0.0,8.86
0.0,0.0,1.0,0.0,0.0,0.0,0.0,8.89
0.0,0.0,1.0,0.0,0.0,0.0,0.0,8.91
0.0,0.0,1.0,0.0,0.0,0.0,0.0,8.94
0.0,0.0,1.0,0.0,0.0,0.0,0.0,8.96
0.0,0.0,1.0,0.0,0.0,0.0,0.0,8.99
0.0,0.0,1.0,0.0,0.0,0.0,0.0,9.01
0.0,0.0,1.0,0.0,0.0,0.0,0.0,9.04
0.0,0.0,1.0,0.0,0.0,0.0,0.0,9.07
0.0,0.0,1.0,0.0,0.0,0.0,0.0,9.1
0.0,0.0,1.0,0.0,0.0,0.0,0.0,9.12
0.0,0.0,1.0,0.0,0.0,0.0,0.0,9.15
0.0,0.0,1.0,0.0,0.0,0.0,0.0,9.17
0.0,0.0,1.0,0.0,0.0,0.0,0.0,9.2
0.0,0.0,1.0,0.0,0.0,0.0,0.0,9.23
0.0,0.0,1.0,0.0,0.0,0.0,0.0,9.25
0.0,0.0,1.0,0.0,0.0,0.0,0.0,9.28
0.0,0.0,1.0,0.0,0.0,0.0,0.0,9.32
0.0,0.0,1.0,0.0,0.0,0.0,0.0,9.34
0.0,0.0,1.0,0.0,0.0,0.0,0.0,9.37
0.0,0.0,1.0,0.0,0.0,0.0,0.0,9.4
0.0,0.0,1.0,0.0,0.0,0.0,0.0,9.42
0.0,0.0,1.0,0.0,0.0,0.0,0.0,9.45
0.0,0.0,1.0,0.0,0.0,0.0,0.0,9.47
0.0,0.0,1.0,0.0,0.0,0.0,0.0,9.5
0.0,0.0,1.0,0.0,0.0,0.0,0.0,9.52
0.0,0.0,1.0,0.0,0.0,0.0,0.0,9.55
0.0,0.0,1.0,0.0,0.0,0.0,0.0,9.57
0.0,0.0,1.0,0.0,0.0,0.0,0.0,9.61
0.0,0.0,1.0,0.0,0.0,0.0,0.0,9.63
0.0,0.0,1.0,0.0,0.0,0.0,0.0,9.66
0.0,0.0,1.0,0.0,0.0,0.0,0.0,9.7
0.0,0.0,1.0,0.0,0.0,0.0,0.0,9.74
0.0,0.0,1.0,0.0,0.0,0.0,0.0,9.76
0.0,0.0,1.0,0.0,0.0,0.0,0.0,9.79
0.0,0.0,1.0,0.0,0.0,0.0,0.0,9.82
0.0,0.0,1.0,0.0,0.0,0.0,0.0,9.86
0.0,0.0,1.0,0.0,0.0,0.0,0.0,9.91
0.0,0.0,1.0,0.0,0.0,0.0,0.0,9.95
0.0,0.0,1.0,0.0,0.0,0.0,0.0,9.97
0.0,0.0,1.0,0.0,0.0,0.0,0.0,10.0
0.0,0.0,1.0,0.0,0.0,0.0,0.0,10.03
0.0,0.0,1.0,0.0,0.0,0.0,0.0,10.06
0.0,0.0,1.0,0.0,0.0,0.0,0.0,10.08
0.0,0.0,1.0,0.0,0.0,0.0,0.0,10.11
0.0,0.0,1.0,0.0,0.0,0.0,0.0,10.14
0.0,0.0,1.0,0.0,0.0,0.0,0.0,10.16
0.0,0.0,1.0,0.0,0.0,0.0,0.0,10.19
0.0,0.0,1.0,0.0,0.0,0.0,0.0,10.22
0.0,0.0,1.0,0.0,0.0,0.0,0.0,10.24
0.0,0.0,1.0,0.0,0.0,0.0,0.0,10.27
0.0,0.0,1.0,0.0,0.0,0.0,0.0,10.3
0.0,0.0,1.0,0.0,0.0,0.0,0.0,10.34
0.0,0.0,1.0,0.0,0.0,0.0,0.0,10.36
0.0,0.0,1.0,0.0,0.0,0.0,0.0,10.39
0.0,0.0,1.0,0.0,0.0,0.0,0.0,10.42
0.0,0.0,1.0,0.0,0.0,0.0,0.0,10.44
0.0,0.0,1.0,0.0,0.0,0.0,0.0,10.47
0.0,0.0,1.0,0.0,0.0,0.0,0.0,10.5
0.0,0.0,1.0,0.0,0.0,0.0,0.0,10.52
0.0,0.0,1.0,0.0,0.0,0.0,0.0,10.55
0.0,0.0,1.0,0.0,0.0,0.0,0.0,10.57
0.0,0.0,1.0,0.0,0.0,0.0,0.0,10.6
0.0,0.0,1.0,0.0,0.0,0.0,0.0,10.63
0.0,0.0,1.0,0.0,0.0,0.0,0.0,10.65
0.0,0.0,1.0,0.0,0.0,0.0,0.0,10.68
0.0,0.0,1.0,0.0,0.0,0.0,0.0,10.7
0.0,0.0,1.0,0.0,0.0,0.0,0.0,10.73
0.0,0.0,1.0,0.0,0.0,0.0,0.0,10.75
0.0,0.0,1.0,0.0,0.0,0.0,0.0,10.78
0.0,0.0,1.0,0.0,0.0,0.0,0.0,10.81
0.0,0.0,1.0,0.0,0.0,0.0,0.0,10.84
0.0,0.0,1.0,0.0,0.0,0.0,0.0,10.87
0.0,0.0,1.0,0.0,0.0,0.0,0.0,10.89
0.0,0.0,1.0,0.0,0.0,0.0,0.0,10.92
0.0,0.0,1.0,0.0,0.0,0.0,0.0,10.94
0.0,0.0,1.0,0.0,0.0,0.0,0.0,10.97
0.0,0.0,1.0,0.0,0.0,0.0,0.0,11.0
0.0,0.0,1.0,0.0,0.0,0.0,0.0,11.02
0.0,0.0,1.0,0.0,0.0,0.0,0.0,11.05
0.0,0.0,1.0,0.0,0.0,0.0,0.0,11.08
0.0,0.0,1.0,0.0,0.0,0.0,0.0,11.1
0.0,0.0,1.0,0.0,0.0,0.0,0.0,11.13
0.0,0.0,1.0,0.0,0.0,0.0,0.0,11.15
0.0,0.0,1.0,0.0,0.0,0.0,0.0,11.18
0.0,0.0,1.0,0.0,0.0,0.0,0.0,11.21
0.0,0.0,1.0,0.0,0.0,0.0,0.0,11.23
0.0,0.0,1.0,0.0,0.0,0.0,0.0,11.25
0.0,0.0,1.0,0.0,0.0,0.0,0.0,11.29
0.0,0.0,1.0,0.0,0.0,0.0,0.0,11.31
0.0,0.0,1.0,0.0,0.0,0.0,0.0,11.34
0.0,0.0,1.0,0.0,0.0,0.0,0.0,11.37
0.0,0.0,1.0,0.0,0.0,0.0,0.0,11.39
0.0,0.0,1.0,0.0,0.0,0.0,0.0,11.42
0.0,0.0,1.0,0.0,0.0,0.0,0.0,11.45
0.0,0.0,1.0,0.0,0.0,0.0,0.0,11.47
0.0,0.0,1.0,0.0,0.0,0.0,0.0,11.5
0.0,0.0,1.0,0.0,0.0,0.0,0.0,11.52
0.0,0.0,1.0,0.0,0.0,0.0,0.0,11.55
0.0,0.0,1.0,0.0,0.0,0.0,0.0,11.58
0.0,0.0,1.0,0.0,0.0,0.0,0.0,11.6
0.0,0.0,1.0,0.0,0.0,0.0,0.0,11.64
0.0,0.0,1.0,0.0,0.0,0.0,0.0,11.67
0.0,0.0,1.0,0.0,0.0,0.0,0.0,11.69
0.0,0.0,1.0,0.0,0.0,0.0,0.0,11.72
0.0,0.0,1.0,0.0,0.0,0.0,0.0,11.75
0.0,0.0,1.0,0.0,0.0,0.0,0.0,11.77
0.0,0.0,1.0,0.0,0.0,0.0,0.0,11.8
0.0,0.0,1.0,0.0,0.0,0.0,0.0,11.82
0.0,0.0,1.0,0.0,0.0,0.0,0.0,11.85
0.0,0.0,1.0,0.0,0.0,0.0,0.0,11.87
0.0,0.0,1.0,0.0,0.0,0.0,0.0,11.9
0.0,0.0,1.0,0.0,0.0,0.0,0.0,11.93
0.0,0.0,1.0,0.0,0.0,0.0,0.0,11.95
0.0,0.0,1.0,0.0,0.0,0.0,0.0,11.98
0.0,0.0,1.0,0.0,0.0,0.0,0.0,12.0
0.0,0.0,1.0,0.0,0.0,0.0,0.0,12.03
0.0,0.0,1.0,0.0,0.0,0.0,0.0,12.05
0.0,0.0,1.0,0.0,0.0,0.0,0.0,12.08
0.0,0.0,1.0,0.0,0.0,0.0,0.0,12.1
0.0,0.0,1.0,0.0,0.0,0.0,0.0,12.13
0.0,0.0,1.0,0.0,0.0,0.0,0.0,12.15
0.0,0.0,1.0,0.0,0.0,0.0,0.0,12.18
0.0,0.0,1.0,0.0,0.0,0.0,0.0,12.2
0.0,0.0,1.0,0.0,0.0,0.0,0.0,12.23
0.0,0.0,1.0,0.0,0.0,0.0,0.0,12.25
0.0,0.0,1.0,0.0,0.0,0.0,0.0,12.28
0.0,0.0,1.0,0.0,0.0,0.0,0.0,12.3
0.0,0.0,1.0,0.0,0.0,0.0,0.0,12.33
0.0,0.0,1.0,0.0,0.0,0.0,0.0,12.35
0.0,0.0,1.0,0.0,0.0,0.0,0.0,12.38
0.0,0.0,1.0,0.0,0.0,0.0,0.0,12.4
0.0,0.0,1.0,0.0,0.0,0.0,0.0,12.43
0.0,0.0,1.0,0.0,0.0,0.0,0.0,12.46
0.0,0.0,1.0,0.0,0.0,0.0,0.0,12.48
0.0,0.0,1.0,0.0,0.0,0.0,0.0,12.51
0.0,0.0,1.0,0.0,0.0,0.0,0.0,12.53
0.0,0.0,1.0,0.0,0.0,0.0,0.0,12.56
0.0,0.0,1.0,0.0,0.0,0.0,0.0,12.58
0.0,0.0,1.0,0.0,0.0,0.0,0.0,12.61
0.0,0.0,1.0,0.0,0.0,0.0,0.0,12.64
0.0,0.0,1.0,0.0,0.0,0.0,0.0,12.66
0.0,0.0,1.0,0.0,0.0,0.0,0.0,12.69
0.0,0.0,1.0,0.0,0.0,0.0,0.0,12.72
0.0,0.0,1.0,0.0,0.0,0.0,0.0,12.74
0.0,0.0,1.0,0.0,0.0,0.0,0.0,12.77
0.0,0.0,1.0,0.0,0.0,0.0,0.0,12.79
0.0,0.0,1.0,0.0,0.0,0.0,0.0,12.82
0.0,0.0,1.0,0.0,0.0,0.0,0.0,12.84
0.0,0.0,1.0,0.0,0.0,0.0,0.0,12.87
0.0,0.0,1.0,0.0,0.0,0.0,0.0,12.91
0.0,0.0,1.0,0.0,0.0,0.0,0.0,12.94
0.0,0.0,1.0,0.0,0.0,0.0,0.0,12.96
0.0,0.0,1.0,0.0,0.0,0.0,0.0,12.99
0.0,0.0,1.0,0.0,0.0,0.0,0.0,13.02
0.0,0.0,1.0,0.0,0.0,0.0,0.0,13.04
0.0,0.0,1.0,0.0,0.0,0.0,0.0,13.07
0.0,0.0,1.0,0.0,0.0,0.0,0.0,13.1
0.0,0.0,1.0,0.0,0.0,0.0,0.0,13.12
0.0,0.0,1.0,0.0,0.0,0.0,0.0,13.15
0.0,0.0,1.0,0.0,0.0,0.0,0.0,13.18
0.0,0.0,1.0,0.0,0.0,0.0,0.0,13.21
0.0,0.0,1.0,0.0,0.0,0.0,0.0,13.24
0.0,0.0,1.0,0.0,0.0,0.0,0.0,13.26
0.0,0.0,1.0,0.0,0.0,0.0,0.0,13.29
0.0,0.0,1.0,0.0,0.0,0.0,0.0,13.32
0.0,0.0,1.0,0.0,0.0,0.0,0.0,13.34
0.0,1.0,1.0,0.0,0.0,0.0,0.0,13.37
0.0,1.0,1.0,0.0,0.0,0.0,0.0,13.4
0.0,1.0,1.0,0.0,0.0,0.0,0.0,13.42
0.0,1.0,1.0,0.0,0.0,0.0,0.0,13.45
0.0,1.0,1.0,0.0,0.0,0.0,0.0,13.47
0.0,1.0,1.0,0.0,0.0,0.0,0.0,13.5
0.0,1.0,1.0,0.0,0.0,0.0,0.0,13.52
0.0,1.0,1.0,0.0,0.0,0.0,0.0,13.55
0.0,1.0,1.0,0.0,0.0,0.0,0.0,13.57
0.0,1.0,1.0,0.0,0.0,0.0,0.0,13.6
0.0,1.0,1.0,0.0,0.0,0.0,0.0,13.62
0.0,1.0,1.0,0.0,0.0,0.0,0.0,13.65
0.0,1.0,1.0,0.0,0.0,0.0,0.0,13.67
0.0,1.0,1.0,0.0,0.0,0.0,0.0,13.7
0.0,1.0,1.0,0.0,0.0,0.0,0.0,13.72
0.0,1.0,1.0,0.0,0.0,0.0,0.0,13.75
0.0,1.0,1.0,0.0,0.0,0.0,0.0,13.78
0.0,1.0,1.0,0.0,0.0,0.0,0.0,13.8
0.0,1.0,1.0,0.0,0.0,0.0,0.0,13.83
0.0,1.0,1.0,0.0,0.0,0.0,0.0,13.85
0.0,1.0,1.0,0.0,0.0,0.0,0.0,13.88
0.0,1.0,1.0,0.0,0.0,0.0,0.0,13.9
0.0,1.0,1.0,0.0,0.0,0.0,0.0,13.93
0.0,1.0,1.0,0.0,0.0,0.0,0.0,13.95
0.0,1.0,1.0,0.0,0.0,0.0,0.0,13.98
0.0,1.0,1.0,0.0,0.0,0.0,0.0,14.0
0.0,1.0,1.0,0.0,0.0,0.0,0.0,14.03
0.0,1.0,1.0,0.0,0.0,0.0,0.0,14.06
0.0,0.0,1.0,0.0,0.0,0.0,0.0,14.09
0.0,0.0,1.0,0.0,0.0,0.0,0.0,14.11
0.0,0.0,1.0,0.0,0.0,0.0,0.0,14.14
0.0,0.0,1.0,0.0,0.0,0.0,0.0,14.16
0.0,0.0,1.0,0.0,0.0,0.0,0.0,14.19
0.0,0.0,1.0,0.0,0.0,0.0,0.0,14.22
0.0,0.0,1.0,0.0,0.0,0.0,0.0,14.24
0.0,0.0,1.0,0.0,0.0,0.0,0.0,14.27
0.0,0.0,1.0,0.0,0.0,0.0,0.0,14.29
0.0,0.0,1.0,0.0,0.0,0.0,0.0,14.32
0.0,0.0,1.0,0.0,0.0,0.0,0.0,14.34
0.0,0.0,1.0,0.0,0.0,0.0,0.0,14.37
0.0,0.0,1.0,0.0,0.0,0.0,0.0,14.4
0.0,0.0,1.0,0.0,0.0,0.0,0.0,14.42
0.0,0.0,1.0,0.0,0.0,0.0,0.0,14.45
0.0,0.0,1.0,0.0,0.0,0.0,0.0,14.47
0.0,0.0,1.0,0.0,0.0,0.0,0.0,14.5
0.0,0.0,1.0,0.0,0.0,0.0,0.0,14.53
0.0,0.0,1.0,0.0,0.0,0.0,0.0,14.55
0.0,0.0,1.0,0.0,0.0,0.0,0.0,14.58
0.0,0.0,1.0,0.0,0.0,0.0,0.0,14.6
0.0,0.0,1.0,0.0,0.0,0.0,0.0,14.63
0.0,0.0,1.0,0.0,0.0,0.0,0.0,14.66
0.0,0.0,1.0,0.0,0.0,0.0,0.0,14.68
0.0,0.0,1.0,0.0,0.0,0.0,0.0,14.71
0.0,0.0,1.0,0.0,0.0,0.0,0.0,14.73
0.0,0.0,1.0,0.0,0.0,0.0,0.0,14.76
0.0,0.0,1.0,0.0,0.0,0.0,0.0,14.78
0.0,0.0,1.0,0.0,0.0,0.0,0.0,14.81
0.0,0.0,1.0,0.0,0.0,0.0,0.0,14.84
0.0,0.0,1.0,0.0,0.0,0.0,0.0,14.86
0.0,0.0,1.0,0.0,0.0,0.0,0.0,14.89
0.0,0.0,1.0,0.0,0.0,0.0,0.0,14.91
0.0,0.0,1.0,0.0,0.0,0.0,0.0,14.94
0.0,0.0,1.0,0.0,0.0,0.0,0.0,14.96
0.0,0.0,1.0,0.0,0.0,0.0,0.0,14.99
0.0,0.0,1.0,0.0,0.0,0.0,0.0,15.01
0.0,0.0,1.0,0.0,0.0,0.0,0.0,15.04
0.0,0.0,1.0,0.0,0.0,0.0,0.0,15.06
0.0,0.0,1.0,0.0,0.0,0.0,0.0,15.09
0.0,0.0,1.0,0.0,0.0,0.0,0.0,15.11
0.0,0.0,1.0,0.0,0.0,0.0,0.0,15.14
0.0,0.0,1.0,0.0,0.0,0.0,0.0,15.16
0.0,0.0,1.0,0.0,0.0,0.0,0.0,15.19
0.0,0.0,1.0,0.0,0.0,0.0,0.0,15.21
0.0,0.0,1.0,0.0,0.0,0.0,0.0,15.24
0.0,0.0,1.0,0.0,0.0,0.0,0.0,15.27
0.0,0.0,1.0,0.0,0.0,0.0,0.0,15.29
0.0,0.0,1.0,0.0,0.0,0.0,0.0,15.32
0.0,0.0,1.0,0.0,0.0,0.0,0.0,15.36
0.0,0.0,1.0,0.0,0.0,0.0,0.0,15.38
0.0,0.0,1.0,0.0,0.0,0.0,0.0,15.41
0.0,0.0,1.0,0.0,0.0,0.0,0.0,15.43
0.0,0.0,1.0,0.0,0.0,0.0,0.0,15.46
0.0,0.0,1.0,0.0,0.0,0.0,0.0,15.48
0.0,0.0,1.0,0.0,0.0,0.0,0.0,15.5
0.0,0.0,1.0,0.0,0.0,0.0,0.0,15.53
0.0,0.0,1.0,0.0,0.0,0.0,0.0,15.56
0.0,0.0,1.0,0.0,0.0,0.0,0.0,15.58
0.0,0.0,1.0,0.0,0.0,0.0,0.0,15.61
0.0,0.0,1.0,0.0,0.0,0.0,0.0,15.63
0.0,0.0,1.0,0.0,0.0,0.0,0.0,15.66
0.0,0.0,1.0,0.0,0.0,0.0,0.0,15.69
0.0,0.0,1.0,0.0,0.0,0.0,0.0,15.71
0.0,0.0,1.0,0.0,0.0,0.0,0.0,15.74
0.0,0.0,1.0,0.0,0.0,0.0,0.0,15.76
0.0,0.0,1.0,0.0,0.0,0.0,0.0,15.79
0.0,0.0,1.0,0.0,0.0,0.0,0.0,15.81
0.0,0.0,1.0,0.0,0.0,0.0,0.0,15.84
0.0,0.0,1.0,0.0,0.0,0.0,0.0,15.87
0.0,0.0,1.0,0.0,0.0,0.0,0.0,15.9
0.0,0.0,1.0,0.0,0.0,0.0,0.0,15.92
0.0,0.0,1.0,0.0,0.0,0.0,0.0,15.95
0.0,0.0,1.0,0.0,0.0,0.0,0.0,15.97
0.0,0.0,1.0,0.0,0.0,0.0,0.0,16.0
0.0,0.0,1.0,0.0,0.0,0.0,0.0,16.02
0.0,0.0,1.0,0.0,0.0,0.0,0.0,16.05
0.0,0.0,1.0,0.0,0.0,0.0,0.0,16.07
0.0,0.0,1.0,0.0,0.0,0.0,0.0,16.1
0.0,0.0,1.0,0.0,0.0,0.0,0.0,16.12
0.0,0.0,1.0,0.0,0.0,0.0,0.0,16.15
0.0,0.0,1.0,0.0,0.0,0.0,0.0,16.17
0.0,0.0,1.0,0.0,0.0,0.0,0.0,16.2
0.0,0.0,1.0,0.0,0.0,0.0,0.0,16.22
0.0,0.0,1.0,0.0,0.0,0.0,0.0,16.25
0.0,0.0,1.0,0.0,0.0,0.0,0.0,16.28
0.0,0.0,1.0,0.0,0.0,0.0,0.0,16.3
0.0,0.0,1.0,0.0,0.0,0.0,0.0,16.33
0.0,0.0,1.0,0.0,0.0,0.0,0.0,16.35
0.0,0.0,1.0,0.0,0.0,0.0,0.0,16.38
0.0,0.0,1.0,0.0,0.0,0.0,0.0,16.4
0.0,0.0,1.0,0.0,0.0,0.0,0.0,16.43
0.0,0.0,1.0,0.0,0.0,0.0,0.0,16.45
0.0,0.0,1.0,0.0,0.0,0.0,0.0,16.48
0.0,0.0,1.0,0.0,0.0,0.0,0.0,16.5
0.0,0.0,1.0,0.0,0.0,0.0,0.0,16.53
0.0,0.0,1.0,0.0,0.0,0.0,0.0,16.55
0.0,0.0,1.0,0.0,0.0,0.0,0.0,16.58
0.0,0.0,1.0,0.0,0.0,0.0,0.0,16.6
0.0,0.0,1.0,0.0,0.0,0.0,0.0,16.63
0.0,0.0,1.0,0.0,0.0,0.0,0.0,16.66
0.0,0.0,1.0,0.0,0.0,0.0,0.0,16.68
0.0,0.0,1.0,0.0,0.0,0.0,0.0,16.71
0.0,0.0,1.0,0.0,0.0,0.0,0.0,16.73
0.0,0.0,1.0,0.0,0.0,0.0,0.0,16.76
0.0,0.0,1.0,0.0,0.0,0.0,0.0,16.78
0.0,0.0,1.0,0.0,0.0,0.0,0.0,16.81
0.0,0.0,1.0,0.0,0.0,0.0,0.0,16.84
0.0,0.0,1.0,0.0,0.0,0.0,0.0,16.86
0.0,0.0,1.0,0.0,0.0,0.0,0.0,16.89
0.0,0.0,1.0,0.0,0.0,0.0,0.0,16.91
0.0,0.0,1.0,0.0,0.0,0.0,0.0,16.94
0.0,0.0,1.0,0.0,0.0,0.0,0.0,16.96
0.0,0.0,1.0,0.0,0.0,0.0,0.0,16.99
0.0,0.0,1.0,0.0,0.0,0.0,0.0,17.02
0.0,0.0,1.0,0.0,0.0,0.0,0.0,17.04
0.0,0.0,1.0,0.0,0.0,0.0,0.0,17.07
0.0,0.0,1.0,0.0,0.0,0.0,0.0,17.1
0.0,0.0,1.0,0.0,0.0,0.0,0.0,17.12
0.0,0.0,1.0,0.0,0.0,0.0,0.0,17.15
0.0,0.0,1.0,0.0,0.0,0.0,0.0,17.18
0.0,0.0,1.0,0.0,0.0,0.0,0.0,17.2
0.0,0.0,1.0,0.0,0.0,0.0,0.0,17.23
0.0,0.0,1.0,0.0,0.0,0.0,0.0,17.25
0.0,0.0,1.0,0.0,0.0,0.0,0.0,17.28
0.0,0.0,1.0,0.0,0.0,0.0,0.0,17.3
0.0,0.0,1.0,0.0,0.0,0.0,0.0,17.33
0.0,0.0,1.0,0.0,0.0,0.0,0.0,17.36
0.0,0.0,1.0,0.0,0.0,0.0,0.0,17.39
0.0,0.0,1.0,0.0,0.0,0.0,0.0,17.41
0.0,0.0,1.0,0.0,0.0,0.0,0.0,17.44
0.0,0.0,1.0,0.0,0.0,0.0,0.0,17.46
0.0,0.0,1.0,0.0,0.0,0.0,0.0,17.49
0.0,0.0,1.0,0.0,0.0,0.0,0.0,17.52
0.0,0.0,1.0,0.0,0.0,0.0,0.0,17.55
0.0,0.0,1.0,0.0,0.0,0.0,0.0,17.57
0.0,0.0,1.0,0.0,0.0,0.0,0.0,17.6
0.0,0.0,1.0,0.0,0.0,0.0,0.0,17.62
0.0,0.0,1.0,0.0,0.0,0.0,0.0,17.65
0.0,0.0,1.0,0.0,0.0,0.0,0.0,17.68
0.0,0.0,1.0,0.0,0.0,0.0,0.0,17.7
0.0,0.0,1.0,0.0,0.0,0.0,0.0,17.73
0.0,0.0,1.0,0.0,0.0,0.0,0.0,17.75
0.0,0.0,1.0,0.0,0.0,0.0,0.0,17.78
0.0,0.0,1.0,0.0,0.0,0.0,0.0,17.81
0.0,0.0,1.0,0.0,0.0,0.0,0.0,17.83
0.0,0.0,1.0,0.0,0.0,0.0,0.0,17.86
0.0,0.0,1.0,0.0,0.0,0.0,0.0,17.88
0.0,0.0,1.0,0.0,0.0,0.0,0.0,17.91
0.0,0.0,1.0,0.0,0.0,0.0,0.0,17.93
0.0,0.0,1.0,0.0,0.0,0.0,0.0,17.96
0.0,0.0,1.0,0.0,0.0,0.0,0.0,18.0
0.0,0.0,1.0,0.0,0.0,0.0,0.0,18.02
0.0,0.0,1.0,0.0,0.0,0.0,0.0,18.05
0.0,0.0,1.0,0.0,0.0,0.0,0.0,18.08
0.0,0.0,1.0,0.0,0.0,0.0,0.0,18.12
0.0,0.0,1.0,0.0,0.0,0.0,0.0,18.14
0.0,0.0,1.0,0.0,0.0,0.0,0.0,18.17
0.0,0.0,1.0,0.0,0.0,0.0,0.0,18.2
0.0,0.0,1.0,0.0,0.0,0.0,0.0,18.23
0.0,0.0,1.0,0.0,0.0,0.0,0.0,18.26
0.0,0.0,1.0,0.0,0.0,0.0,0.0,18.28
0.0,0.0,1.0,0.0,0.0,0.0,0.0,18.31
0.0,0.0,1.0,0.0,0.0,0.0,0.0,18.33
0.0,0.0,1.0,0.0,0.0,0.0,0.0,18.36
0.0,0.0,1.0,0.0,0.0,0.0,0.0,18.39
0.0,0.0,1.0,0.0,0.0,0.0,0.0,18.41
0.0,0.0,1.0,0.0,0.0,0.0,0.0,18.44
0.0,0.0,1.0,0.0,0.0,0.0,0.0,18.46
0.0,0.0,1.0,0.0,0.0,0.0,0.0,18.49
0.0,0.0,1.0,0.0,0.0,0.0,0.0,18.52
0.0,0.0,1.0,0.0,0.0,0.0,0.0,18.54
0.0,0.0,1.0,0.0,0.0,0.0,0.0,18.57
0.0,0.0,1.0,0.0,0.0,0.0,0.0,18.6
0.0,0.0,1.0,0.0,0.0,0.0,0.0,18.63
0.0,0.0,1.0,0.0,0.0,0.0,0.0,18.66
0.0,0.0,1.0,0.0,0.0,0.0,0.0,18.69
0.0,0.0,1.0,0.0,0.0,0.0,0.0,18.71
0.0,0.0,1.0,0.0,0.0,0.0,0.0,18.75
0.0,0.0,1.0,0.0,0.0,0.0,0.0,18.77
0.0,0.0,1.0,0.0,0.0,0.0,0.0,18.8
0.0,0.0,1.0,0.0,0.0,0.0,0.0,18.83
0.0,0.0,1.0,0.0,0.0,0.0,0.0,18.85
0.0,0.0,1.0,0.0,0.0,0.0,0.0,18.88
0.0,0.0,1.0,0.0,0.0,0.0,0.0,18.91
0.0,0.0,1.0,0.0,0.0,0.0,0.0,18.93
0.0,0.0,1.0,0.0,0.0,0.0,0.0,18.96
0.0,0.0,1.0,0.0,0.0,0.0,0.0,18.99
0.0,0.0,1.0,0.0,0.0,0.0,0.0,19.02
0.0,0.0,1.0,0.0,0.0,0.0,0.0,19.05
0.0,0.0,1.0,0.0,0.0,0.0,0.0,19.07
0.0,0.0,1.0,0.0,0.0,0.0,0.0,19.1
0.0,0.0,1.0,0.0,0.0,0.0,0.0,19.12
0.0,0.0,1.0,0.0,0.0,0.0,0.0,19.15
0.0,0.0,1.0,0.0,0.0,0.0,0.0,19.18
0.0,0.0,1.0,0.0,0.0,0.0,0.0,19.21
0.0,0.0,1.0,0.0,0.0,0.0,0.0,19.23
0.0,0.0,1.0,0.0,0.0,0.0,0.0,19.26
0.0,0.0,1.0,0.0,0.0,0.0,0.0,19.29
0.0,0.0,1.0,0.0,0.0,0.0,0.0,19.31
0.0,0.0,1.0,0.0,0.0,0.0,0.0,19.34
0.0,0.0,1.0,0.0,0.0,0.0,0.0,19.36
0.0,0.0,1.0,0.0,0.0,0.0,0.0,19.39
0.0,0.0,1.0,0.0,0.0,0.0,0.0,19.41
0.0,0.0,1.0,0.0,0.0,0.0,0.0,19.44
0.0,0.0,1.0,0.0,0.0,0.0,0.0,19.47
0.0,0.0,1.0,0.0,0.0,0.0,0.0,19.5
0.0,0.0,1.0,0.0,0.0,0.0,0.0,19.53
0.0,0.0,1.0,0.0,0.0,0.0,0.0,19.55
0.0,0.0,1.0,0.0,0.0,0.0,0.0,19.58
0.0,0.0,1.0,0.0,0.0,0.0,0.0,19.61
0.0,0.0,1.0,0.0,0.0,0.0,0.0,19.63
0.0,0.0,1.0,0.0,0.0,0.0,0.0,19.66
0.0,0.0,1.0,0.0,0.0,0.0,0.0,19.68
0.0,0.0,1.0,0.0,0.0,0.0,0.0,19.7
0.0,0.0,1.0,0.0,0.0,0.0,0.0,19.73
0.0,0.0,1.0,0.0,0.0,0.0,0.0,19.76
0.0,0.0,1.0,0.0,0.0,0.0,0.0,19.78
0.0,0.0,1.0,0.0,0.0,0.0,0.0,19.81
0.0,0.0,1.0,0.0,0.0,0.0,0.0,19.83
0.0,0.0,1.0,0.0,0.0,0.0,0.0,19.86
0.0,0.0,1.0,0.0,0.0,0.0,0.0,19.88
0.0,0.0,1.0,0.0,0.0,0.0,0.0,19.91
0.0,0.0,1.0,0.0,0.0,0.0,0.0,19.94
0.0,0.0,1.0,0.0,0.0,0.0,0.0,19.96
0.0,0.0,1.0,0.0,0.0,0.0,0.0,19.99
0.0,0.0,1.0,0.0,0.0,0.0,0.0,20.01
0.0,0.0,1.0,0.0,0.0,0.0,0.0,20.04
0.0,0.0,1.0,0.0,0.0,0.0,0.0,20.07
0.0,0.0,1.0,0.0,0.0,0.0,0.0,20.1
0.0,0.0,1.0,0.0,0.0,0.0,0.0,20.12
0.0,0.0,1.0,0.0,0.0,0.0,0.0,20.15
0.0,0.0,1.0,0.0,0.0,0.0,0.0,20.18
0.0,0.0,1.0,0.0,0.0,0.0,0.0,20.2
0.0,0.0,1.0,0.0,0.0,0.0,0.0,20.23
0.0,0.0,1.0,0.0,0.0,0.0,0.0,20.25
0.0,0.0,1.0,0.0,0.0,0.0,0.0,20.28
0.0,0.0,1.0,0.0,0.0,0.0,0.0,20.31
0.0,0.0,1.0,0.0,0.0,0.0,0.0,20.33
0.0,0.0,1.0,0.0,0.0,0.0,0.0,20.36
0.0,0.0,1.0,0.0,0.0,0.0,0.0,20.38
0.0,0.0,1.0,0.0,0.0,0.0,0.0,20.41
0.0,0.0,1.0,0.0,0.0,0.0,0.0,20.43
0.0,0.0,1.0,0.0,0.0,0.0,0.0,20.46
0.0,0.0,1.0,0.0,0.0,0.0,0.0,20.48
0.0,0.0,1.0,0.0,0.0,0.0,0.0,20.51
0.0,0.0,1.0,0.0,0.0,0.0,0.0,20.54
0.0,0.0,1.0,0.0,0.0,0.0,0.0,20.57
0.0,0.0,1.0,0.0,0.0,0.0,0.0,20.6
0.0,0.0,1.0,0.0,0.0,0.0,0.0,20.63
0.0,0.0,1.0,0.0,0.0,0.0,0.0,20.66
0.0,0.0,1.0,0.0,0.0,0.0,0.0,20.69
0.0,0.0,1.0,0.0,0.0,0.0,0.0,20.71
0.0,0.0,1.0,0.0,0.0,0.0,0.0,20.74
0.0,0.0,1.0,0.0,0.0,0.0,0.0,20.76
0.0,0.0,1.0,0.0,0.0,0.0,0.0,20.79
0.0,0.0,1.0,0.0,0.0,0.0,0.0,20.82
0.0,0.0,1.0,0.0,0.0,0.0,0.0,20.84
0.0,0.0,1.0,0.0,0.0,0.0,0.0,20.87
0.0,0.0,1.0,0.0,0.0,0.0,0.0,20.89
0.0,0.0,1.0,0.0,0.0,0.0,0.0,20.92
0.0,0.0,1.0,0.0,0.0,0.0,0.0,20.95
0.0,0.0,1.0,0.0,0.0,0.0,0.0,20.97
0.0,0.0,1.0,0.0,0.0,0.0,0.0,21.0
0.0,0.0,1.0,0.0,0.0,0.0,0.0,21.02
0.0,0.0,1.0,0.0,0.0,0.0,0.0,21.05
0.0,0.0,1.0,0.0,0.0,0.0,0.0,21.08
0.0,0.0,1.0,0.0,0.0,0.0,0.0,21.1
0.0,0.0,1.0,0.0,0.0,0.0,0.0,21.13
0.0,0.0,1.0,0.0,0.0,0.0,0.0,21.16
0.0,0.0,1.0,0.0,0.0,0.0,0.0,21.18
0.0,0.0,1.0,0.0,0.0,0.0,0.0,21.21
0.0,0.0,1.0,0.0,0.0,0.0,0.0,21.24
0.0,0.0,1.0,0.0,0.0,0.0,0.0,21.26
0.0,0.0,1.0,0.0,0.0,0.0,0.0,21.29
0.0,0.0,1.0,0.0,0.0,0.0,0.0,21.32
0.0,0.0,1.0,0.0,0.0,0.0,0.0,21.34
0.0,0.0,1.0,0.0,0.0,0.0,0.0,21.37
0.0,0.0,1.0,0.0,0.0,0.0,0.0,21.39
0.0,0.0,1.0,0.0,0.0,0.0,0.0,21.42
0.0,0.0,1.0,0.0,0.0,0.0,0.0,21.45
0.0,0.0,1.0,0.0,0.0,0.0,0.0,21.47
0.0,0.0,1.0,0.0,0.0,0.0,0.0,21.5
0.0,0.0,1.0,0.0,0.0,0.0,0.0,21.53
0.0,0.0,1.0,0.0,0.0,0.0,0.0,21.56
0.0,0.0,1.0,0.0,0.0,0.0,0.0,21.59
0.0,0.0,1.0,0.0,0.0,0.0,0.0,21.62
0.0,0.0,1.0,0.0,0.0,0.0,0.0,21.64
0.0,0.0,1.0,0.0,0.0,0.0,0.0,21.67
0.0,0.0,1.0,0.0,0.0,0.0,0.0,21.7
0.0,0.0,1.0,0.0,0.0,0.0,0.0,21.72
0.0,0.0,1.0,0.0,0.0,0.0,0.0,21.75
0.0,0.0,1.0,0.0,0.0,0.0,0.0,21.79
0.0,0.0,1.0,0.0,0.0,0.0,0.0,21.81
0.0,0.0,1.0,0.0,0.0,0.0,0.0,21.84
0.0,0.0,1.0,0.0,0.0,0.0,0.0,21.87
0.0,0.0,1.0,0.0,0.0,0.0,0.0,21.89
0.0,0.0,1.0,0.0,0.0,0.0,0.0,21.92
0.0,0.0,1.0,0.0,0.0,0.0,0.0,21.95
0.0,0.0,1.0,0.0,0.0,0.0,0.0,21.97
0.0,0.0,1.0,0.0,0.0,0.0,0.0,22.0
0.0,0.0,1.0,0.0,0.0,0.0,0.0,22.03
0.0,0.0,1.0,0.0,0.0,0.0,0.0,22.05
0.0,0.0,1.0,0.0,0.0,0.0,0.0,22.08
0.0,0.0,1.0,0.0,0.0,0.0,0.0,22.11
0.0,0.0,1.0,0.0,0.0,0.0,0.0,22.14
0.0,0.0,1.0,0.0,0.0,0.0,0.0,22.17
0.0,0.0,1.0,0.0,0.0,0.0,0.0,22.2
0.0,0.0,1.0,0.0,0.0,0.0,0.0,22.22
0.0,0.0,1.0,0.0,0.0,0.0,0.0,22.25
0.0,0.0,1.0,0.0,0.0,0.0,0.0,22.27
0.0,0.0,1.0,0.0,0.0,0.0,0.0,22.3
0.0,0.0,1.0,0.0,0.0,0.0,0.0,22.33
0.0,0.0,1.0,0.0,0.0,0.0,0.0,22.36
0.0,0.0,1.0,0.0,0.0,0.0,0.0,22.38
0.0,0.0,1.0,0.0,0.0,0.0,0.0,22.41
0.0,0.0,1.0,0.0,0.0,0.0,0.0,22.44
0.0,0.0,1.0,0.0,0.0,0.0,0.0,22.47
0.0,0.0,1.0,0.0,0.0,0.0,0.0,22.5
0.0,0.0,1.0,0.0,0.0,0.0,0.0,22.52
0.0,0.0,1.0,0.0,0.0,0.0,0.0,22.55
0.0,0.0,1.0,0.0,0.0,0.0,0.0,22.57
0.0,0.0,1.0,0.0,0.0,0.0,0.0,22.6
0.0,0.0,1.0,0.0,0.0,0.0,0.0,22.63
0.0,0.0,1.0,0.0,0.0,0.0,0.0,22.66
0.0,0.0,1.0,0.0,0.0,0.0,0.0,22.69
0.0,0.0,1.0,0.0,0.0,0.0,0.0,22.72
0.0,0.0,1.0,0.0,0.0,0.0,0.0,22.75
0.0,0.0,1.0,0.0,0.0,0.0,0.0,22.77
0.0,0.0,1.0,0.0,0.0,0.0,0.0,22.8
0.0,0.0,1.0,0.0,0.0,0.0,0.0,22.83
0.0,0.0,1.0,0.0,0.0,0.0,0.0,22.85
0.0,0.0,1.0,0.0,0.0,0.0,0.0,22.88
0.0,0.0,1.0,0.0,0.0,0.0,0.0,22.91
0.0,0.0,1.0,0.0,0.0,0.0,0.0,22.93
0.0,0.0,1.0,0.0,0.0,0.0,0.0,22.96
0.0,0.0,1.0,0.0,0.0,0.0,0.0,22.98
0.0,0.0,1.0,0.0,0.0,0.0,0.0,23.01
0.0,0.0,1.0,0.0,0.0,0.0,0.0,23.04
0.0,0.0,1.0,0.0,0.0,0.0,0.0,23.06
0.0,0.0,1.0,0.0,0.0,0.0,0.0,23.09
0.0,0.0,1.0,0.0,0.0,0.0,0.0,23.11
0.0,0.0,1.0,0.0,0.0,0.0,0.0,23.14
0.0,0.0,1.0,0.0,0.0,0.0,0.0,23.17
0.0,0.0,1.0,0.0,0.0,0.0,0.0,23.19
0.0,0.0,1.0,0.0,0.0,0.0,0.0,23.22
0.0,0.0,1.0,0.0,0.0,0.0,0.0,23.25
0.0,0.0,1.0,0.0,0.0,0.0,0.0,23.27
0.0,0.0,1.0,0.0,0.0,0.0,0.0,23.3
0.0,0.0,1.0,0.0,0.0,0.0,0.0,23.33
0.0,0.0,1.0,0.0,0.0,0.0,0.0,23.36
0.0,0.0,1.0,0.0,0.0,0.0,0.0,23.39
0.0,0.0,1.0,0.0,0.0,0.0,0.0,23.41
0.0,0.0,1.0,0.0,0.0,0.0,0.0,23.44
0.0,0.0,1.0,0.0,0.0,0.0,0.0,23.46
0.0,0.0,1.0,0.0,0.0,0.0,0.0,23.49
0.0,0.0,1.0,0.0,0.0,0.0,0.0,23.52
0.0,0.0,1.0,0.0,0.0,0.0,0.0,23.55
0.0,0.0,1.0,0.0,0.0,0.0,0.0,23.57
0.0,0.0,1.0,0.0,0.0,0.0,0.0,23.6
0.0,0.0,1.0,0.0,0.0,0.0,0.0,23.63
0.0,0.0,1.0,0.0,0.0,0.0,0.0,23.65
0.0,0.0,1.0,0.0,0.0,0.0,0.0,23.68
0.0,0.0,1.0,0.0,0.0,0.0,0.0,23.71
0.0,0.0,1.0,0.0,0.0,0.0,0.0,23.74
0.0,0.0,1.0,0.0,0.0,0.0,0.0,23.76
0.0,0.0,1.0,0.0,0.0,0.0,0.0,23.79
0.0,0.0,1.0,0.0,0.0,0.0,0.0,23.82
0.0,0.0,1.0,0.0,0.0,0.0,0.0,23.85
0.0,0.0,1.0,0.0,0.0,0.0,0.0,23.88
0.0,0.0,1.0,0.0,0.0,0.0,0.0,23.9
0.0,0.0,1.0,0.0,0.0,0.0,0.0,23.93
0.0,0.0,1.0,0.0,0.0,0.0,0.0,23.96
0.0,0.0,1.0,0.0,0.0,0.0,0.0,23.98
0.0,0.0,1.0,0.0,0.0,0.0,0.0,24.01
0.0,0.0,1.0,0.0,0.0,0.0,0.0,24.03
0.0,0.0,1.0,0.0,0.0,0.0,0.0,24.06
0.0,0.0,1.0,0.0,0.0,0.0,0.0,24.09
0.0,0.0,1.0,0.0,0.0,0.0,0.0,24.12
0.0,0.0,1.0,0.0,0.0,0.0,0.0,24.14
0.0,0.0,1.0,0.0,0.0,0.0,0.0,24.17
0.0,0.0,1.0,0.0,0.0,0.0,0.0,24.2
0.0,0.0,1.0,0.0,0.0,0.0,0.0,24.22
0.0,0.0,1.0,0.0,0.0,0.0,0.0,24.25
0.0,0.0,1.0,0.0,0.0,0.0,0.0,24.27
0.0,0.0,1.0,0.0,0.0,0.0,0.0,24.3
0.0,0.0,1.0,0.0,0.0,0.0,0.0,24.33
0.0,0.0,1.0,0.0,0.0,0.0,0.0,24.35
0.0,0.0,1.0,0.0,0.0,0.0,0.0,24.38
0.0,0.0,1.0,0.0,0.0,0.0,0.0,24.41
0.0,0.0,1.0,0.0,0.0,0.0,0.0,24.43
0.0,0.0,1.0,0.0,0.0,0.0,0.0,24.46
0.0,0.0,1.0,0.0,0.0,0.0,0.0,24.48
0.0,0.0,1.0,0.0,0.0,0.0,0.0,24.51
0.0,0.0,1.0,0.0,0.0,0.0,0.0,24.54
0.0,0.0,1.0,0.0,0.0,0.0,0.0,24.56
0.0,0.0,1.0,0.0,0.0,0.0,0.0,24.59
0.0,0.0,1.0,0.0,0.0,0.0,0.0,24.62
0.0,0.0,1.0,0.0,0.0,0.0,0.0,24.64
0.0,0.0,1.0,0.0,0.0,0.0,0.0,24.67
0.0,0.0,1.0,0.0,0.0,0.0,0.0,24.69
0.0,0.0,1.0,0.0,0.0,0.0,0.0,24.72
0.0,0.0,1.0,0.0,0.0,0.0,0.0,24.75
0.0,0.0,1.0,0.0,0.0,0.0,0.0,24.78
0.0,0.0,1.0,0.0,0.0,0.0,0.0,24.8
0.0,0.0,1.0,0.0,0.0,0.0,0.0,24.83
0.0,0.0,1.0,0.0,0.0,0.0,0.0,24.85
0.0,0.0,1.0,0.0,0.0,0.0,0.0,24.88
0.0,0.0,1.0,0.0,0.0,0.0,0.0,24.91
0.0,0.0,1.0,0.0,0.0,0.0,0.0,24.93
0.0,0.0,1.0,0.0,0.0,0.0,0.0,24.96
0.0,0.0,1.0,0.0,0.0,0.0,0.0,24.98
0.0,0.0,1.0,0.0,0.0,0.0,0.0,25.01
0.0,0.0,1.0,0.0,0.0,0.0,0.0,25.03
0.0,0.0,1.0,0.0,0.0,0.0,0.0,25.06
0.0,0.0,1.0,0.0,0.0,0.0,0.0,25.09
0.0,0.0,1.0,0.0,0.0,0.0,0.0,25.11
0.0,0.0,1.0,0.0,0.0,0.0,0.0,25.14
0.0,0.0,1.0,0.0,0.0,0.0,0.0,25.16
0.0,0.0,1.0,0.0,0.0,0.0,0.0,25.19
0.0,0.0,1.0,0.0,0.0,0.0,0.0,25.22
0.0,0.0,1.0,0.0,0.0,0.0,0.0,25.24
0.0,0.0,1.0,0.0,0.0,0.0,0.0,25.29
0.0,0.0,1.0,0.0,0.0,0.0,0.0,25.32
0.0,0.0,1.0,0.0,0.0,0.0,0.0,25.35
0.0,0.0,1.0,0.0,0.0,0.0,0.0,25.38
0.0,0.0,1.0,0.0,0.0,0.0,0.0,25.41
0.0,0.0,1.0,0.0,0.0,0.0,0.0,25.44
0.0,0.0,1.0,0.0,0.0,0.0,0.0,25.46
0.0,0.0,1.0,0.0,0.0,0.0,0.0,25.49
0.0,0.0,1.0,0.0,0.0,0.0,0.0,25.52
0.0,0.0,1.0,0.0,0.0,0.0,0.0,25.55
0.0,0.0,1.0,0.0,0.0,0.0,0.0,25.57
0.0,0.0,1.0,0.0,0.0,0.0,0.0,25.6
0.0,0.0,1.0,0.0,0.0,0.0,0.0,25.63
0.0,0.0,1.0,0.0,0.0,0.0,0.0,25.65
0.0,0.0,1.0,0.0,0.0,0.0,0.0,25.68
0.0,0.0,1.0,0.0,0.0,0.0,0.0,25.71
0.0,0.0,1.0,0.0,0.0,0.0,0.0,25.73
0.0,0.0,1.0,0.0,0.0,0.0,0.0,25.76
0.0,0.0,1.0,0.0,0.0,0.0,0.0,25.79
0.0,0.0,1.0,0.0,0.0,0.0,0.0,25.81
0.0,0.0,1.0,0.0,0.0,0.0,0.0,25.84
0.0,0.0,1.0,0.0,0.0,0.0,0.0,25.87
0.0,0.0,1.0,0.0,0.0,0.0,0.0,25.89
0.0,0.0,1.0,0.0,0.0,0.0,0.0,25.92
0.0,0.0,1.0,0.0,0.0,0.0,0.0,25.95
0.0,0.0,1.0,0.0,0.0,0.0,0.0,25.97
0.0,0.0,1.0,0.0,0.0,0.0,0.0,26.0
0.0,0.0,1.0,0.0,0.0,0.0,0.0,26.02
0.0,0.0,1.0,0.0,0.0,0.0,0.0,26.05
0.0,0.0,1.0,0.0,0.0,0.0,0.0,26.07
0.0,0.0,1.0,0.0,0.0,0.0,0.0,26.1
0.0,0.0,1.0,0.0,0.0,0.0,0.0,26.13
0.0,0.0,1.0,0.0,0.0,0.0,0.0,26.16
0.0,0.0,1.0,0.0,0.0,0.0,0.0,26.18
0.0,0.0,1.0,0.0,0.0,0.0,0.0,26.21
0.0,0.0,1.0,0.0,0.0,0.0,0.0,26.24
0.0,0.0,1.0,0.0,0.0,0.0,0.0,26.26
0.0,0.0,1.0,0.0,0.0,0.0,0.0,26.29
0.0,0.0,1.0,0.0,0.0,0.0,0.0,26.31
0.0,0.0,1.0,0.0,0.0,0.0,0.0,26.34
0.0,0.0,1.0,0.0,0.0,0.0,0.0,26.37
0.0,0.0,1.0,0.0,0.0,0.0,0.0,26.4
0.0,0.0,1.0,0.0,0.0,0.0,0.0,26.42
0.0,0.0,1.0,0.0,0.0,0.0,0.0,26.45
0.0,0.0,1.0,0.0,0.0,0.0,0.0,26.48
0.0,0.0,1.0,0.0,0.0,0.0,0.0,26.51
0.0,0.0,1.0,0.0,0.0,0.0,0.0,26.53
0.0,0.0,1.0,0.0,0.0,0.0,0.0,26.56
0.0,0.0,1.0,0.0,0.0,0.0,0.0,26.59
0.0,0.0,1.0,0.0,0.0,0.0,0.0,26.61
0.0,0.0,1.0,0.0,0.0,0.0,0.0,26.64
0.0,0.0,1.0,0.0,0.0,0.0,0.0,26.67
0.0,0.0,1.0,0.0,0.0,0.0,0.0,26.69
0.0,0.0,1.0,0.0,0.0,0.0,0.0,26.72
0.0,0.0,1.0,0.0,0.0,0.0,0.0,26.75
