0.0,0.0,0.0,0.0,0.0,0.0,0.0,0.0,0.16
0.0,0.0,0.0,0.0,0.0,0.0,0.0,0.0,0.18
0.0,0.0,0.0,0.0,0.0,0.0,0.0,0.0,0.2
0.0,0.0,0.0,0.0,0.0,0.0,0.0,0.0,0.23
0.0,0.0,0.0,0.0,0.0,0.0,0.0,0.0,0.26
0.0,0.0,0.0,0.0,0.0,0.0,0.0,0.0,0.28
0.0,1.0,0.0,0.0,0.0,0.0,0.0,0.0,0.3
0.0,1.0,0.0,0.0,0.0,0.0,0.0,0.0,0.32
0.0,1.0,0.0,0.0,0.0,0.0,0.0,0.0,0.34
0.0,1.0,0.0,0.0,0.0,0.0,0.0,0.0,0.37
0.0,1.0,0.0,0.0,0.0,0.0,0.0,0.0,0.41
0.0,1.0,0.0,0.0,0.0,0.0,0.0,0.0,0.43
0.0,1.0,0.0,0.0,0.0,0.0,0.0,0.0,0.47
0.0,1.0,0.0,0.0,0.0,0.0,0.0,0.0,0.49
0.0,1.0,0.0,0.0,0.0,0.0,0.0,0.0,0.52
0.0,1.0,0.0,0.0,0.0,0.0,0.0,0.0,0.54
0.0,1.0,0.0,0.0,0.0,0.0,0.0,0.0,0.56
0.0,1.0,0.0,0.0,0.0,0.0,0.0,0.0,0.58
0.0,1.0,0.0,0.0,0.0,0.0,0.0,0.0,0.6
0.0,1.0,0.0,0.0,0.0,0.0,0.0,0.0,0.62
0.0,1.0,0.0,0.0,0.0,0.0,0.0,0.0,0.66
0.0,1.0,0.0,0.0,0.0,0.0,0.0,0.0,0.68
0.0,1.0,0.0,0.0,0.0,0.0,0.0,0.0,0.7
0.0,1.0,0.0,0.0,0.0,0.0,0.0,0.0,0.73
0.0,1.0,0.0,0.0,0.0,0.0,0.0,0.0,0.76
0.0,1.0,0.0,0.0,0.0,0.0,0.0,0.0,0.78
0.0,1.0,0.0,0.0,0.0,0.0,0.0,0.0,0.83
0.0,1.0,0.0,0.0,0.0,0.0,0.0,0.0,0.86
0.0,1.0,0.0,0.0,0.0,0.0,0.0,0.0,0.88
0.0,1.0,0.0,0.0,0.0,0.0,0.0,0.0,0.91
0.0,1.0,0.0,0.0,0.0,0.0,0.0,0.0,0.95
0.0,1.0,0.0,0.0,0.0,0.0,0.0,0.0,0.97
0.0,1.0,0.0,0.0,0.0,0.0,0.0,0.0,0.99
0.0,1.0,0.0,0.0,0.0,0.0,0.0,0.0,1.01
0.0,1.0,0.0,0.0,0.0,0.0,0.0,0.0,1.03
0.0,1.0,0.0,0.0,0.0,0.0,0.0,0.0,1.05
0.0,1.0,0.0,0.0,0.0,0.0,0.0,0.0,1.1
0.0,1.0,0.0,0.0,0.0,0.0,0.0,0.0,1.12
0.0,1.0,0.0,0.0,0.0,0.0,0.0,0.0,1.15
0.0,1.0,0.0,0.0,0.0,0.0,0.0,0.0,1.17
0.0,1.0,0.0,0.0,0.0,0.0,0.0,0.0,1.2
0.0,1.0,0.0,0.0,0.0,0.0,0.0,0.0,1.22
0.0,1.0,0.0,0.0,0.0,0.0,0.0,0.0,1.26
0.0,1.0,0.0,0.0,0.0,0.0,0.0,0.0,1.3
0.0,1.0,0.0,0.0,0.0,0.0,0.0,0.0,1.32
0.0,1.0,0.0,0.0,0.0,0.0,0.0,0.0,1.34
0.0,1.0,0.0,0.0,0.0,0.0,0.0,0.0,1.37
0.0,1.0,0.0,0.0,0.0,0.0,0.0,0.0,1.39
0.0,1.0,0.0,0.0,0.0,0.0,0.0,0.0,1.41
0.0,1.0,0.0,0.0,0.0,0.0,0.0,0.0,1.47
0.0,1.0,0.0,0.0,0.0,0.0,0.0,0.0,1.52
0.0,1.0,0.0,0.0,0.0,0.0,0.0,0.0,1.54
0.0,1.0,0.0,0.0,0.0,0.0,0.0,0.0,1.56
0.0,1.0,0.0,0.0,0.0,0.0,0.0,0.0,1.58
0.0,1.0,0.0,0.0,0.0,0.0,0.0,0.0,1.6
0.0,1.0,0.0,0.0,0.0,0.0,0.0,0.0,1.62
0.0,1.0,0.0,0.0,0.0,0.0,0.0,0.0,1.65
0.0,1.0,0.0,0.0,0.0,0.0,0.0,0.0,1.7
0.0,1.0,0.0,0.0,0.0,0.0,0.0,0.0,1.73
0.0,1.0,0.0,0.0,0.0,0.0,0.0,0.0,1.75
0.0,1.0,0.0,0.0,0.0,0.0,0.0,0.0,1.78
0.0,1.0,0.0,0.0,0.0,0.0,0.0,0.0,1.82
0.0,1.0,0.0,0.0,0.0,0.0,0.0,0.0,1.84
0.0,1.0,0.0,0.0,0.0,0.0,0.0,0.0,1.87
0.0,1.0,0.0,0.0,0.0,0.0,0.0,0.0,1.89
0.0,1.0,0.0,0.0,0.0,0.0,0.0,0.0,1.91
0.0,1.0,0.0,0.0,0.0,0.0,0.0,0.0,1.94
0.0,1.0,0.0,0.0,0.0,0.0,0.0,0.0,1.98
0.0,1.0,0.0,0.0,0.0,0.0,0.0,0.0,2.0
0.0,1.0,0.0,0.0,0.0,0.0,0.0,0.0,2.03
0.0,1.0,0.0,0.0,0.0,0.0,0.0,0.0,2.07
0.0,1.0,0.0,0.0,0.0,0.0,0.0,0.0,2.09
0.0,1.0,0.0,0.0,0.0,0.0,0.0,0.0,2.13
0.0,1.0,0.0,0.0,0.0,0.0,0.0,0.0,2.16
0.0,1.0,0.0,0.0,0.0,0.0,0.0,0.0,2.19
0.0,1.0,0.0,0.0,0.0,0.0,0.0,0.0,2.21
0.0,1.0,0.0,0.0,0.0,0.0,0.0,0.0,2.24
0.0,1.0,0.0,0.0,0.0,0.0,0.0,0.0,2.28
0.0,1.0,0.0,0.0,0.0,0.0,0.0,0.0,2.3
0.0,1.0,0.0,0.0,0.0,0.0,0.0,0.0,2.32
0.0,1.0,0.0,0.0,0.0,0.0,0.0,0.0,2.37
0.0,1.0,0.0,0.0,0.0,0.0,0.0,0.0,2.4
0.0,1.0,0.0,0.0,0.0,0.0,0.0,0.0,2.44
0.0,1.0,0.0,0.0,0.0,0.0,0.0,0.0,2.46
0.0,1.0,0.0,0.0,0.0,0.0,0.0,0.0,2.48
0.0,1.0,0.0,0.0,0.0,0.0,0.0,0.0,2.52
0.0,1.0,0.0,0.0,0.0,0.0,0.0,0.0,2.57
0.0,1.0,0.0,0.0,0.0,0.0,0.0,0.0,2.63
0.0,1.0,0.0,0.0,0.0,0.0,0.0,0.0,2.64
0.0,1.0,0.0,0.0,0.0,0.0,0.0,0.0,2.7
0.0,1.0,0.0,0.0,0.0,0.0,0.0,0.0,2.75
0.0,1.0,0.0,0.0,0.0,0.0,0.0,0.0,2.77
0.0,1.0,0.0,0.0,0.0,0.0,0.0,0.0,2.79
0.0,1.0,0.0,0.0,0.0,0.0,0.0,0.0,2.82
0.0,1.0,0.0,0.0,0.0,0.0,0.0,0.0,2.84
0.0,1.0,0.0,0.0,0.0,0.0,0.0,0.0,2.87
0.0,1.0,0.0,0.0,0.0,0.0,0.0,0.0,2.9
0.0,1.0,0.0,0.0,0.0,0.0,0.0,0.0,2.92
0.0,1.0,0.0,0.0,0.0,0.0,0.0,0.0,2.94
0.0,1.0,0.0,0.0,0.0,0.0,0.0,0.0,2.99
0.0,1.0,0.0,0.0,0.0,0.0,0.0,0.0,3.03
0.0,1.0,0.0,0.0,0.0,0.0,0.0,0.0,3.05
0.0,1.0,0.0,0.0,0.0,0.0,0.0,0.0,3.07
0.0,1.0,0.0,0.0,0.0,0.0,0.0,0.0,3.09
0.0,1.0,0.0,0.0,0.0,0.0,0.0,0.0,3.12
0.0,1.0,0.0,0.0,0.0,0.0,0.0,0.0,3.14
0.0,1.0,0.0,0.0,0.0,0.0,0.0,0.0,3.16
0.0,1.0,0.0,0.0,0.0,0.0,0.0,0.0,3.19
0.0,1.0,0.0,0.0,0.0,0.0,0.0,0.0,3.21
0.0,1.0,0.0,0.0,0.0,0.0,0.0,0.0,3.23
0.0,1.0,0.0,0.0,0.0,0.0,0.0,0.0,3.25
0.0,1.0,0.0,0.0,0.0,0.0,0.0,0.0,3.28
0.0,1.0,0.0,0.0,0.0,0.0,0.0,0.0,3.3
0.0,1.0,0.0,0.0,0.0,0.0,0.0,0.0,3.32
0.0,1.0,0.0,0.0,0.0,0.0,0.0,0.0,3.34
0.0,1.0,0.0,0.0,0.0,0.0,0.0,0.0,3.37
0.0,1.0,0.0,0.0,0.0,0.0,0.0,0.0,3.39
0.0,1.0,0.0,0.0,0.0,0.0,0.0,0.0,3.44
0.0,1.0,0.0,0.0,0.0,0.0,0.0,0.0,3.46
0.0,1.0,0.0,0.0,0.0,0.0,0.0,0.0,3.49
0.0,1.0,0.0,0.0,0.0,0.0,0.0,0.0,3.51
0.0,1.0,0.0,0.0,0.0,0.0,0.0,0.0,3.56
0.0,1.0,0.0,0.0,0.0,0.0,0.0,0.0,3.58
0.0,1.0,0.0,0.0,0.0,0.0,0.0,0.0,3.6
0.0,1.0,0.0,0.0,0.0,0.0,0.0,0.0,3.62
0.0,1.0,0.0,0.0,0.0,0.0,0.0,0.0,3.64
0.0,1.0,0.0,0.0,0.0,0.0,0.0,0.0,3.67
0.0,1.0,0.0,0.0,0.0,0.0,0.0,0.0,3.7
0.0,1.0,0.0,0.0,0.0,0.0,0.0,0.0,3.73
0.0,1.0,0.0,0.0,0.0,0.0,0.0,0.0,3.76
0.0,1.0,0.0,0.0,0.0,0.0,0.0,0.0,3.79
0.0,1.0,0.0,0.0,0.0,0.0,0.0,0.0,3.81
0.0,1.0,0.0,0.0,0.0,0.0,0.0,0.0,3.83
0.0,1.0,0.0,0.0,0.0,0.0,0.0,0.0,3.86
0.0,1.0,0.0,0.0,0.0,0.0,0.0,0.0,3.88
0.0,1.0,0.0,0.0,0.0,0.0,0.0,0.0,3.9
0.0,1.0,0.0,0.0,0.0,0.0,0.0,0.0,3.93
0.0,1.0,0.0,0.0,0.0,0.0,0.0,0.0,3.97
0.0,1.0,0.0,0.0,0.0,0.0,0.0,0.0,4.0
0.0,1.0,0.0,0.0,0.0,0.0,0.0,0.0,4.02
0.0,1.0,0.0,0.0,0.0,0.0,0.0,0.0,4.06
0.0,1.0,0.0,0.0,0.0,0.0,0.0,0.0,4.09
0.0,1.0,0.0,0.0,0.0,0.0,0.0,0.0,4.13
0.0,1.0,0.0,0.0,0.0,0.0,0.0,0.0,4.17
0.0,1.0,0.0,0.0,0.0,0.0,0.0,0.0,4.19
0.0,1.0,0.0,0.0,0.0,0.0,0.0,0.0,4.24
0.0,1.0,0.0,0.0,0.0,0.0,0.0,0.0,4.25
0.0,1.0,0.0,0.0,0.0,0.0,0.0,0.0,4.27
0.0,1.0,0.0,0.0,0.0,0.0,0.0,0.0,4.29
0.0,1.0,0.0,0.0,0.0,0.0,0.0,0.0,4.34
0.0,1.0,0.0,0.0,0.0,0.0,0.0,0.0,4.38
0.0,1.0,0.0,0.0,0.0,0.0,0.0,0.0,4.4
0.0,1.0,0.0,0.0,0.0,0.0,0.0,0.0,4.43
0.0,1.0,0.0,0.0,0.0,0.0,0.0,0.0,4.45
0.0,1.0,0.0,0.0,0.0,0.0,0.0,0.0,4.47
0.0,1.0,0.0,0.0,0.0,0.0,0.0,0.0,4.5
0.0,1.0,0.0,0.0,0.0,0.0,0.0,0.0,4.54
0.0,1.0,0.0,0.0,0.0,0.0,0.0,0.0,4.56
0.0,1.0,0.0,0.0,0.0,0.0,0.0,0.0,4.59
0.0,1.0,0.0,0.0,0.0,0.0,0.0,0.0,4.61
0.0,1.0,0.0,0.0,0.0,0.0,0.0,0.0,4.64
0.0,1.0,0.0,0.0,0.0,0.0,0.0,0.0,4.66
0.0,1.0,0.0,0.0,0.0,0.0,0.0,0.0,4.71
0.0,1.0,0.0,0.0,0.0,0.0,0.0,0.0,4.73
0.0,1.0,0.0,0.0,0.0,0.0,0.0,0.0,4.75
0.0,1.0,0.0,0.0,0.0,0.0,0.0,0.0,4.77
0.0,1.0,0.0,0.0,0.0,0.0,0.0,0.0,4.79
0.0,1.0,0.0,0.0,0.0,0.0,0.0,0.0,4.82
0.0,1.0,0.0,0.0,0.0,0.0,0.0,0.0,4.84
0.0,1.0,0.0,0.0,0.0,0.0,0.0,0.0,4.88
0.0,1.0,0.0,0.0,0.0,0.0,0.0,0.0,4.9
0.0,1.0,0.0,0.0,0.0,0.0,0.0,0.0,4.93
0.0,1.0,0.0,0.0,0.0,0.0,0.0,0.0,4.94
0.0,1.0,0.0,0.0,0.0,0.0,0.0,0.0,4.96
0.0,1.0,0.0,0.0,0.0,0.0,0.0,0.0,4.98
0.0,1.0,0.0,0.0,0.0,0.0,0.0,0.0,5.01
0.0,1.0,0.0,0.0,0.0,0.0,0.0,0.0,5.06
0.0,1.0,0.0,0.0,0.0,0.0,0.0,0.0,5.08
0.0,1.0,0.0,0.0,0.0,0.0,0.0,0.0,5.1
0.0,1.0,0.0,0.0,0.0,0.0,0.0,0.0,5.12
0.0,1.0,0.0,0.0,0.0,0.0,0.0,0.0,5.14
0.0,1.0,0.0,0.0,0.0,0.0,0.0,0.0,5.16
0.0,1.0,0.0,0.0,0.0,0.0,0.0,0.0,5.19
0.0,1.0,0.0,0.0,0.0,0.0,0.0,0.0,5.21
0.0,1.0,0.0,0.0,0.0,0.0,0.0,0.0,5.25
0.0,1.0,0.0,0.0,0.0,0.0,0.0,0.0,5.29
0.0,1.0,0.0,0.0,0.0,0.0,0.0,0.0,5.31
0.0,1.0,0.0,0.0,0.0,0.0,0.0,0.0,5.35
0.0,1.0,0.0,0.0,0.0,0.0,0.0,0.0,5.37
0.0,1.0,0.0,0.0,0.0,0.0,0.0,0.0,5.4
0.0,1.0,0.0,0.0,0.0,0.0,0.0,0.0,5.43
0.0,1.0,0.0,0.0,0.0,0.0,0.0,0.0,5.47
0.0,1.0,0.0,0.0,0.0,0.0,0.0,0.0,5.49
0.0,1.0,0.0,0.0,0.0,0.0,0.0,0.0,5.51
0.0,1.0,0.0,0.0,0.0,0.0,0.0,0.0,5.53
0.0,1.0,0.0,0.0,0.0,0.0,0.0,0.0,5.55
0.0,1.0,0.0,0.0,0.0,0.0,0.0,0.0,5.58
0.0,1.0,0.0,0.0,0.0,0.0,0.0,0.0,5.6
0.0,1.0,0.0,0.0,0.0,0.0,0.0,0.0,5.63
0.0,1.0,0.0,0.0,0.0,0.0,0.0,0.0,5.64
0.0,1.0,0.0,0.0,0.0,0.0,0.0,0.0,5.68
0.0,1.0,0.0,0.0,0.0,0.0,0.0,0.0,5.71
0.0,1.0,0.0,0.0,0.0,0.0,0.0,0.0,5.73
0.0,1.0,0.0,0.0,0.0,0.0,0.0,0.0,5.74
0.0,1.0,0.0,0.0,0.0,0.0,0.0,0.0,5.76
0.0,1.0,0.0,0.0,0.0,0.0,0.0,0.0,5.79
0.0,1.0,0.0,0.0,0.0,0.0,0.0,0.0,5.81
0.0,1.0,0.0,0.0,0.0,0.0,0.0,0.0,5.84
0.0,1.0,0.0,0.0,0.0,0.0,0.0,0.0,5.86
0.0,1.0,0.0,0.0,0.0,0.0,0.0,0.0,5.88
0.0,1.0,0.0,0.0,0.0,0.0,0.0,0.0,5.91
0.0,1.0,0.0,0.0,0.0,0.0,0.0,0.0,5.95
0.0,1.0,0.0,0.0,0.0,0.0,0.0,0.0,5.97
0.0,1.0,0.0,0.0,0.0,0.0,0.0,0.0,5.99
0.0,1.0,0.0,0.0,0.0,0.0,0.0,0.0,6.04
0.0,1.0,0.0,0.0,0.0,0.0,0.0,0.0,6.06
0.0,1.0,0.0,0.0,0.0,0.0,0.0,0.0,6.08
0.0,1.0,0.0,0.0,0.0,0.0,0.0,0.0,6.1
0.0,1.0,0.0,0.0,0.0,0.0,0.0,0.0,6.11
0.0,1.0,0.0,0.0,0.0,0.0,0.0,0.0,6.13
0.0,1.0,0.0,0.0,0.0,0.0,0.0,0.0,6.16
0.0,1.0,0.0,0.0,0.0,0.0,0.0,0.0,6.18
0.0,1.0,0.0,0.0,0.0,0.0,0.0,0.0,6.19
0.0,1.0,0.0,0.0,0.0,0.0,0.0,0.0,6.23
0.0,1.0,0.0,0.0,0.0,0.0,0.0,0.0,6.27
0.0,1.0,0.0,0.0,0.0,0.0,0.0,0.0,6.29
0.0,1.0,0.0,0.0,0.0,0.0,0.0,0.0,6.31
0.0,1.0,0.0,0.0,0.0,0.0,0.0,0.0,6.34
0.0,1.0,0.0,0.0,0.0,0.0,0.0,0.0,6.39
0.0,1.0,0.0,0.0,0.0,0.0,0.0,0.0,6.41
0.0,1.0,0.0,0.0,0.0,0.0,0.0,0.0,6.43
0.0,1.0,0.0,0.0,0.0,0.0,0.0,0.0,6.45
0.0,1.0,0.0,0.0,0.0,0.0,0.0,0.0,6.48
0.0,1.0,0.0,0.0,0.0,0.0,0.0,0.0,6.52
0.0,1.0,0.0,0.0,0.0,0.0,0.0,0.0,6.54
0.0,1.0,0.0,0.0,0.0,0.0,0.0,0.0,6.56
0.0,1.0,0.0,0.0,0.0,0.0,0.0,0.0,6.59
0.0,1.0,0.0,0.0,0.0,0.0,0.0,0.0,6.61
0.0,1.0,0.0,0.0,0.0,0.0,0.0,0.0,6.66
0.0,1.0,0.0,0.0,0.0,0.0,0.0,0.0,6.68
0.0,1.0,0.0,0.0,0.0,0.0,0.0,0.0,6.7
0.0,1.0,0.0,0.0,0.0,0.0,0.0,0.0,6.72
0.0,1.0,0.0,0.0,0.0,0.0,0.0,0.0,6.78
0.0,1.0,0.0,0.0,0.0,0.0,0.0,0.0,6.81
0.0,1.0,0.0,0.0,0.0,0.0,0.0,0.0,6.82
0.0,1.0,0.0,0.0,0.0,0.0,0.0,0.0,6.84
0.0,1.0,0.0,0.0,0.0,0.0,0.0,0.0,6.9
0.0,1.0,0.0,0.0,0.0,0.0,0.0,0.0,6.92
0.0,1.0,0.0,0.0,0.0,0.0,0.0,0.0,6.94
0.0,1.0,0.0,0.0,0.0,0.0,0.0,0.0,6.99
0.0,1.0,0.0,0.0,0.0,0.0,0.0,0.0,7.01
0.0,1.0,0.0,0.0,0.0,0.0,0.0,0.0,7.05
0.0,1.0,0.0,0.0,0.0,0.0,0.0,0.0,7.07
0.0,1.0,0.0,0.0,0.0,0.0,0.0,0.0,7.09
0.0,1.0,0.0,0.0,0.0,0.0,0.0,0.0,7.12
0.0,1.0,0.0,0.0,0.0,0.0,0.0,0.0,7.14
0.0,1.0,0.0,0.0,0.0,0.0,0.0,0.0,7.17
0.0,1.0,0.0,0.0,0.0,0.0,0.0,0.0,7.2
0.0,1.0,0.0,0.0,0.0,0.0,0.0,0.0,7.23
0.0,1.0,0.0,0.0,0.0,0.0,0.0,0.0,7.25
0.0,1.0,0.0,0.0,0.0,0.0,0.0,0.0,7.28
0.0,1.0,0.0,0.0,0.0,0.0,0.0,0.0,7.29
0.0,1.0,0.0,0.0,0.0,0.0,0.0,0.0,7.32
0.0,1.0,0.0,0.0,0.0,0.0,0.0,0.0,7.34
0.0,1.0,0.0,0.0,0.0,0.0,0.0,0.0,7.36
0.0,1.0,0.0,0.0,0.0,0.0,0.0,0.0,7.37
0.0,1.0,0.0,0.0,0.0,0.0,0.0,0.0,7.42
0.0,1.0,0.0,0.0,0.0,0.0,0.0,0.0,7.44
0.0,1.0,0.0,0.0,0.0,0.0,0.0,0.0,7.46
0.0,1.0,0.0,0.0,0.0,0.0,0.0,0.0,7.48
0.0,1.0,0.0,0.0,0.0,0.0,0.0,0.0,7.5
0.0,1.0,0.0,0.0,0.0,0.0,0.0,0.0,7.52
0.0,1.0,0.0,0.0,0.0,0.0,0.0,0.0,7.54
0.0,1.0,0.0,0.0,0.0,0.0,0.0,0.0,7.56
0.0,1.0,0.0,0.0,0.0,0.0,0.0,0.0,7.59
0.0,1.0,0.0,0.0,0.0,0.0,0.0,0.0,7.61
0.0,1.0,0.0,0.0,0.0,0.0,0.0,0.0,7.64
0.0,1.0,0.0,0.0,0.0,0.0,0.0,0.0,7.68
0.0,1.0,0.0,0.0,0.0,0.0,0.0,0.0,7.7
0.0,1.0,0.0,0.0,0.0,0.0,0.0,0.0,7.72
0.0,0.0,0.0,0.0,0.0,0.0,0.0,0.0,7.74
0.0,0.0,0.0,0.0,0.0,0.0,0.0,0.0,7.76
0.0,0.0,0.0,0.0,0.0,0.0,0.0,0.0,7.78
0.0,0.0,0.0,0.0,0.0,0.0,0.0,0.0,7.8
0.0,0.0,0.0,0.0,0.0,0.0,0.0,0.0,7.82
0.0,0.0,0.0,0.0,0.0,0.0,0.0,0.0,7.85
0.0,0.0,0.0,0.0,0.0,0.0,0.0,0.0,7.88
0.0,0.0,0.0,0.0,0.0,0.0,0.0,0.0,7.92
0.0,0.0,0.0,0.0,0.0,0.0,0.0,0.0,7.94
0.0,0.0,0.0,0.0,0.0,0.0,0.0,0.0,7.96
0.0,0.0,0.0,0.0,0.0,0.0,0.0,0.0,7.98
0.0,0.0,0.0,0.0,0.0,0.0,0.0,0.0,8.02
0.0,0.0,0.0,0.0,0.0,0.0,0.0,0.0,8.04
0.0,0.0,0.0,0.0,0.0,0.0,0.0,0.0,8.07
0.0,0.0,0.0,0.0,0.0,0.0,0.0,0.0,8.1
0.0,0.0,0.0,0.0,0.0,0.0,0.0,0.0,8.15
0.0,0.0,0.0,0.0,0.0,0.0,0.0,0.0,8.17
0.0,0.0,0.0,0.0,0.0,0.0,0.0,0.0,8.21
0.0,0.0,0.0,0.0,0.0,0.0,0.0,0.0,8.22
0.0,0.0,0.0,0.0,0.0,0.0,0.0,0.0,8.25
0.0,0.0,0.0,0.0,0.0,0.0,0.0,0.0,8.28
0.0,0.0,0.0,0.0,0.0,0.0,0.0,0.0,8.3
0.0,0.0,0.0,0.0,0.0,0.0,0.0,0.0,8.32
0.0,0.0,0.0,0.0,0.0,0.0,0.0,0.0,8.38
0.0,0.0,0.0,0.0,0.0,0.0,0.0,0.0,8.4
0.0,0.0,0.0,0.0,0.0,0.0,0.0,0.0,8.43
0.0,0.0,0.0,0.0,0.0,0.0,0.0,0.0,8.45
0.0,0.0,0.0,0.0,0.0,0.0,0.0,0.0,8.47
0.0,0.0,0.0,0.0,0.0,0.0,0.0,0.0,8.51
0.0,0.0,0.0,0.0,0.0,0.0,0.0,0.0,8.56
0.0,0.0,0.0,0.0,0.0,0.0,0.0,0.0,8.58
0.0,0.0,0.0,0.0,0.0,0.0,0.0,0.0,8.61
0.0,0.0,0.0,0.0,0.0,0.0,0.0,0.0,8.63
0.0,0.0,0.0,0.0,0.0,0.0,0.0,0.0,8.65
0.0,0.0,0.0,0.0,0.0,0.0,0.0,0.0,8.69
0.0,0.0,0.0,0.0,0.0,0.0,0.0,0.0,8.71
0.0,0.0,0.0,0.0,0.0,0.0,0.0,0.0,8.73
0.0,0.0,0.0,0.0,0.0,0.0,0.0,0.0,8.75
0.0,0.0,0.0,0.0,0.0,0.0,0.0,0.0,8.78
0.0,0.0,0.0,0.0,0.0,0.0,0.0,0.0,8.8
0.0,0.0,0.0,0.0,0.0,0.0,0.0,0.0,8.82
0.0,0.0,0.0,0.0,0.0,0.0,0.0,0.0,8.85
0.0,0.0,0.0,0.0,0.0,0.0,0.0,0.0,8.87
0.0,1.0,0.0,0.0,0.0,0.0,0.0,0.0,8.9
0.0,1.0,0.0,0.0,0.0,0.0,0.0,0.0,8.92
0.0,1.0,0.0,0.0,0.0,0.0,0.0,0.0,8.95
0.0,1.0,0.0,0.0,0.0,0.0,0.0,0.0,8.99
0.0,1.0,0.0,0.0,0.0,0.0,0.0,0.0,9.02
0.0,1.0,0.0,0.0,0.0,0.0,0.0,0.0,9.04
0.0,1.0,0.0,0.0,0.0,0.0,0.0,0.0,9.07
0.0,1.0,0.0,0.0,0.0,0.0,0.0,0.0,9.09
0.0,1.0,0.0,0.0,0.0,0.0,0.0,0.0,9.12
0.0,1.0,0.0,0.0,0.0,0.0,0.0,0.0,9.14
0.0,1.0,0.0,0.0,0.0,0.0,0.0,0.0,9.17
0.0,1.0,0.0,0.0,0.0,0.0,0.0,0.0,9.22
0.0,1.0,0.0,0.0,0.0,0.0,0.0,0.0,9.27
0.0,1.0,0.0,0.0,0.0,0.0,0.0,0.0,9.3
0.0,1.0,0.0,0.0,0.0,0.0,0.0,0.0,9.35
0.0,1.0,0.0,0.0,0.0,0.0,0.0,0.0,9.37
0.0,1.0,0.0,0.0,0.0,0.0,0.0,0.0,9.39
0.0,1.0,0.0,0.0,0.0,0.0,0.0,0.0,9.41
0.0,1.0,0.0,0.0,0.0,0.0,0.0,0.0,9.44
0.0,1.0,0.0,0.0,0.0,0.0,0.0,0.0,9.48
0.0,1.0,0.0,0.0,0.0,0.0,0.0,0.0,9.5
0.0,1.0,0.0,0.0,0.0,0.0,0.0,0.0,9.53
0.0,1.0,0.0,0.0,0.0,0.0,0.0,0.0,9.55
0.0,1.0,0.0,0.0,0.0,0.0,0.0,0.0,9.61
0.0,1.0,0.0,0.0,0.0,0.0,0.0,0.0,9.63
0.0,1.0,0.0,0.0,0.0,0.0,0.0,0.0,9.65
0.0,1.0,0.0,0.0,0.0,0.0,0.0,0.0,9.67
0.0,1.0,0.0,0.0,0.0,0.0,0.0,0.0,9.7
0.0,1.0,0.0,0.0,0.0,0.0,0.0,0.0,9.72
0.0,1.0,0.0,0.0,0.0,0.0,0.0,0.0,9.74
0.0,1.0,0.0,0.0,0.0,0.0,0.0,0.0,9.76
0.0,1.0,0.0,0.0,0.0,0.0,0.0,0.0,9.78
0.0,1.0,0.0,0.0,0.0,0.0,0.0,0.0,9.8
0.0,1.0,0.0,0.0,0.0,0.0,0.0,0.0,9.82
0.0,1.0,0.0,0.0,0.0,0.0,0.0,0.0,9.86
0.0,1.0,0.0,0.0,0.0,0.0,0.0,0.0,9.91
0.0,1.0,0.0,0.0,0.0,0.0,0.0,0.0,9.95
0.0,1.0,0.0,0.0,0.0,0.0,0.0,0.0,9.98
0.0,1.0,0.0,0.0,0.0,0.0,0.0,0.0,10.0
0.0,1.0,0.0,0.0,0.0,0.0,0.0,0.0,10.03
0.0,1.0,0.0,0.0,0.0,0.0,0.0,0.0,10.05
0.0,1.0,0.0,0.0,0.0,0.0,0.0,0.0,10.07
0.0,1.0,0.0,0.0,0.0,0.0,0.0,0.0,10.1
0.0,1.0,0.0,0.0,0.0,0.0,0.0,0.0,10.14
0.0,1.0,0.0,0.0,0.0,0.0,0.0,0.0,10.18
0.0,1.0,0.0,0.0,0.0,0.0,0.0,0.0,10.2
0.0,1.0,0.0,0.0,0.0,0.0,0.0,0.0,10.22
0.0,1.0,0.0,0.0,0.0,0.0,0.0,0.0,10.26
0.0,1.0,0.0,0.0,0.0,0.0,0.0,0.0,10.31
0.0,1.0,0.0,0.0,0.0,0.0,0.0,0.0,10.34
0.0,1.0,0.0,0.0,0.0,0.0,0.0,0.0,10.35
0.0,1.0,0.0,0.0,0.0,0.0,0.0,0.0,10.37
0.0,1.0,0.0,0.0,0.0,0.0,0.0,0.0,10.4
0.0,1.0,0.0,0.0,0.0,0.0,0.0,0.0,10.43
0.0,1.0,0.0,0.0,0.0,0.0,0.0,0.0,10.45
0.0,1.0,0.0,0.0,0.0,0.0,0.0,0.0,10.47
0.0,1.0,0.0,0.0,0.0,0.0,0.0,0.0,10.51
0.0,1.0,0.0,0.0,0.0,0.0,0.0,0.0,10.53
0.0,1.0,0.0,0.0,0.0,0.0,0.0,0.0,10.55
0.0,1.0,0.0,0.0,0.0,0.0,0.0,0.0,10.6
0.0,1.0,0.0,0.0,0.0,0.0,0.0,0.0,10.63
0.0,1.0,0.0,0.0,0.0,0.0,0.0,0.0,10.65
0.0,1.0,0.0,0.0,0.0,0.0,0.0,0.0,10.67
0.0,1.0,0.0,0.0,0.0,0.0,0.0,0.0,10.72
0.0,1.0,0.0,0.0,0.0,0.0,0.0,0.0,10.74
0.0,1.0,0.0,0.0,0.0,0.0,0.0,0.0,10.76
0.0,1.0,0.0,0.0,0.0,0.0,0.0,0.0,10.79
0.0,1.0,0.0,0.0,0.0,0.0,0.0,0.0,10.82
0.0,1.0,0.0,0.0,0.0,0.0,0.0,0.0,10.84
0.0,1.0,0.0,0.0,0.0,0.0,0.0,0.0,10.86
0.0,1.0,0.0,0.0,0.0,0.0,0.0,0.0,10.89
0.0,1.0,0.0,0.0,0.0,0.0,0.0,0.0,10.94
0.0,1.0,0.0,0.0,0.0,0.0,0.0,0.0,10.96
0.0,0.0,0.0,0.0,0.0,0.0,0.0,0.0,10.98
0.0,0.0,0.0,0.0,0.0,0.0,0.0,0.0,11.01
0.0,0.0,0.0,0.0,0.0,0.0,0.0,0.0,11.03
0.0,0.0,0.0,0.0,0.0,0.0,0.0,0.0,11.08
0.0,0.0,0.0,0.0,0.0,0.0,0.0,0.0,11.1
0.0,0.0,0.0,0.0,0.0,0.0,0.0,0.0,11.16
0.0,0.0,0.0,0.0,0.0,0.0,0.0,0.0,11.19
0.0,0.0,0.0,0.0,0.0,0.0,0.0,0.0,11.21
0.0,0.0,0.0,0.0,0.0,0.0,0.0,0.0,11.25
0.0,0.0,0.0,0.0,0.0,0.0,0.0,0.0,11.27
0.0,0.0,0.0,0.0,0.0,0.0,0.0,0.0,11.31
0.0,0.0,0.0,0.0,0.0,0.0,0.0,0.0,11.33
0.0,0.0,0.0,0.0,0.0,0.0,0.0,0.0,11.38
0.0,0.0,0.0,0.0,0.0,0.0,0.0,0.0,11.4
0.0,0.0,0.0,0.0,0.0,0.0,0.0,0.0,11.42
0.0,0.0,0.0,0.0,0.0,0.0,0.0,0.0,11.44
0.0,0.0,0.0,0.0,0.0,0.0,0.0,0.0,11.5
0.0,0.0,0.0,0.0,0.0,0.0,0.0,0.0,11.52
0.0,0.0,0.0,0.0,0.0,0.0,0.0,0.0,11.54
0.0,0.0,0.0,0.0,0.0,0.0,0.0,0.0,11.56
0.0,0.0,0.0,0.0,0.0,0.0,0.0,0.0,11.58
0.0,0.0,0.0,0.0,0.0,0.0,0.0,0.0,11.62
0.0,0.0,0.0,0.0,0.0,0.0,0.0,0.0,11.65
0.0,0.0,0.0,0.0,0.0,0.0,0.0,0.0,11.67
0.0,0.0,0.0,0.0,0.0,0.0,0.0,0.0,11.7
0.0,0.0,0.0,0.0,0.0,0.0,0.0,0.0,11.72
0.0,0.0,0.0,0.0,0.0,0.0,0.0,0.0,11.76
0.0,0.0,0.0,0.0,0.0,0.0,0.0,0.0,11.78
0.0,0.0,0.0,0.0,0.0,0.0,0.0,0.0,11.81
0.0,0.0,0.0,0.0,0.0,0.0,0.0,0.0,11.87
0.0,0.0,0.0,0.0,0.0,0.0,0.0,0.0,11.9
0.0,0.0,0.0,0.0,0.0,0.0,0.0,0.0,11.92
0.0,0.0,0.0,0.0,0.0,0.0,0.0,0.0,11.94
0.0,0.0,0.0,0.0,0.0,0.0,0.0,0.0,11.98
0.0,0.0,0.0,0.0,0.0,0.0,0.0,0.0,12.0
0.0,0.0,0.0,0.0,0.0,0.0,0.0,0.0,12.05
0.0,0.0,0.0,0.0,0.0,0.0,0.0,0.0,12.06
0.0,0.0,0.0,0.0,0.0,0.0,0.0,0.0,12.08
0.0,0.0,0.0,0.0,0.0,0.0,0.0,0.0,12.11
0.0,0.0,0.0,0.0,0.0,0.0,0.0,0.0,12.15
0.0,0.0,0.0,0.0,0.0,0.0,0.0,0.0,12.19
0.0,0.0,0.0,0.0,0.0,0.0,0.0,0.0,12.21
0.0,0.0,0.0,0.0,0.0,0.0,0.0,0.0,12.23
0.0,0.0,0.0,0.0,0.0,0.0,0.0,0.0,12.26
0.0,0.0,0.0,0.0,0.0,0.0,0.0,0.0,12.28
0.0,0.0,0.0,0.0,0.0,0.0,0.0,0.0,12.31
0.0,0.0,0.0,0.0,0.0,0.0,0.0,0.0,12.34
0.0,0.0,0.0,0.0,0.0,0.0,0.0,0.0,12.38
0.0,0.0,0.0,0.0,0.0,0.0,0.0,0.0,12.42
0.0,0.0,0.0,0.0,0.0,0.0,0.0,0.0,12.45
0.0,0.0,0.0,0.0,0.0,0.0,0.0,0.0,12.47
0.0,0.0,0.0,0.0,0.0,0.0,0.0,0.0,12.51
0.0,0.0,0.0,0.0,0.0,0.0,0.0,0.0,12.56
0.0,0.0,0.0,0.0,0.0,0.0,0.0,0.0,12.58
0.0,0.0,0.0,0.0,0.0,0.0,0.0,0.0,12.63
0.0,0.0,0.0,0.0,0.0,0.0,0.0,0.0,12.65
0.0,0.0,0.0,0.0,0.0,0.0,0.0,0.0,12.69
0.0,0.0,0.0,0.0,0.0,0.0,0.0,0.0,12.71
0.0,0.0,0.0,0.0,0.0,0.0,0.0,0.0,12.72
0.0,0.0,0.0,0.0,0.0,0.0,0.0,0.0,12.75
0.0,0.0,0.0,0.0,0.0,0.0,0.0,0.0,12.77
0.0,0.0,0.0,0.0,0.0,0.0,0.0,0.0,12.79
0.0,0.0,0.0,0.0,0.0,0.0,0.0,0.0,12.82
0.0,0.0,0.0,0.0,0.0,0.0,0.0,0.0,12.85
0.0,0.0,0.0,0.0,0.0,0.0,0.0,0.0,12.9
0.0,0.0,0.0,0.0,0.0,0.0,0.0,0.0,12.92
0.0,0.0,0.0,0.0,0.0,0.0,0.0,0.0,12.94
0.0,0.0,0.0,0.0,0.0,0.0,0.0,0.0,12.96
0.0,0.0,0.0,0.0,0.0,0.0,0.0,0.0,12.99
0.0,0.0,0.0,0.0,0.0,0.0,0.0,0.0,13.01
0.0,0.0,0.0,0.0,0.0,0.0,0.0,0.0,13.03
0.0,0.0,0.0,0.0,0.0,0.0,0.0,0.0,13.07
0.0,0.0,0.0,0.0,0.0,0.0,0.0,0.0,13.09
0.0,0.0,0.0,0.0,0.0,0.0,0.0,0.0,13.12
0.0,0.0,0.0,0.0,0.0,0.0,0.0,0.0,13.14
0.0,0.0,0.0,0.0,0.0,0.0,0.0,0.0,13.18
0.0,0.0,0.0,0.0,0.0,0.0,0.0,0.0,13.2
0.0,0.0,0.0,0.0,0.0,0.0,0.0,0.0,13.22
0.0,0.0,0.0,0.0,0.0,0.0,0.0,0.0,13.24
0.0,0.0,0.0,0.0,0.0,0.0,0.0,0.0,13.25
0.0,0.0,0.0,0.0,0.0,0.0,0.0,0.0,13.29
0.0,0.0,0.0,0.0,0.0,0.0,0.0,0.0,13.32
0.0,0.0,0.0,0.0,0.0,0.0,0.0,0.0,13.35
0.0,0.0,0.0,0.0,0.0,0.0,0.0,0.0,13.38
0.0,0.0,0.0,0.0,0.0,0.0,0.0,0.0,13.41
0.0,0.0,0.0,0.0,0.0,0.0,0.0,0.0,13.43
0.0,0.0,0.0,0.0,0.0,0.0,0.0,0.0,13.46
0.0,0.0,0.0,0.0,0.0,0.0,0.0,0.0,13.52
0.0,0.0,0.0,0.0,0.0,0.0,0.0,0.0,13.56
0.0,0.0,0.0,0.0,0.0,0.0,0.0,0.0,13.58
0.0,0.0,0.0,0.0,0.0,0.0,0.0,0.0,13.61
0.0,0.0,0.0,0.0,0.0,0.0,0.0,0.0,13.64
0.0,0.0,0.0,0.0,0.0,0.0,0.0,0.0,13.66
0.0,0.0,0.0,0.0,0.0,0.0,0.0,0.0,13.68
0.0,0.0,0.0,0.0,0.0,0.0,0.0,0.0,13.73
0.0,0.0,0.0,0.0,0.0,0.0,0.0,0.0,13.75
0.0,0.0,0.0,0.0,0.0,0.0,0.0,0.0,13.77
0.0,0.0,0.0,0.0,0.0,0.0,0.0,0.0,13.79
0.0,0.0,0.0,0.0,0.0,0.0,0.0,0.0,13.81
0.0,0.0,0.0,0.0,0.0,0.0,0.0,0.0,13.83
0.0,0.0,0.0,0.0,0.0,0.0,0.0,0.0,13.88
0.0,0.0,0.0,0.0,0.0,0.0,0.0,0.0,13.9
0.0,0.0,0.0,0.0,0.0,0.0,0.0,0.0,13.92
0.0,0.0,0.0,0.0,0.0,0.0,0.0,0.0,13.95
0.0,0.0,0.0,0.0,0.0,0.0,0.0,0.0,13.97
0.0,0.0,0.0,0.0,0.0,0.0,0.0,0.0,14.01
0.0,0.0,0.0,0.0,0.0,0.0,0.0,0.0,14.05
0.0,0.0,0.0,0.0,0.0,0.0,0.0,0.0,14.07
0.0,0.0,0.0,0.0,0.0,0.0,0.0,0.0,14.09
0.0,0.0,0.0,0.0,0.0,0.0,0.0,0.0,14.11
0.0,0.0,0.0,0.0,0.0,0.0,0.0,0.0,14.14
0.0,0.0,0.0,0.0,0.0,0.0,0.0,0.0,14.17
0.0,0.0,0.0,0.0,0.0,0.0,0.0,0.0,14.19
0.0,0.0,0.0,0.0,0.0,0.0,0.0,0.0,14.21
0.0,0.0,0.0,0.0,0.0,0.0,0.0,0.0,14.23
0.0,0.0,0.0,0.0,0.0,0.0,0.0,0.0,14.26
0.0,0.0,0.0,0.0,0.0,0.0,0.0,0.0,14.29
0.0,0.0,0.0,0.0,0.0,0.0,0.0,0.0,14.32
0.0,0.0,0.0,0.0,0.0,0.0,0.0,0.0,14.33
0.0,0.0,0.0,0.0,0.0,0.0,0.0,0.0,14.35
0.0,0.0,0.0,0.0,0.0,0.0,0.0,0.0,14.38
0.0,0.0,0.0,0.0,0.0,0.0,0.0,0.0,14.4
0.0,0.0,0.0,0.0,0.0,0.0,0.0,0.0,14.42
0.0,0.0,0.0,0.0,0.0,0.0,0.0,0.0,14.45
0.0,0.0,0.0,0.0,0.0,0.0,0.0,0.0,14.47
0.0,0.0,0.0,0.0,0.0,0.0,0.0,0.0,14.5
0.0,0.0,0.0,0.0,0.0,0.0,0.0,0.0,14.52
0.0,0.0,0.0,0.0,0.0,0.0,0.0,0.0,14.55
0.0,0.0,0.0,0.0,0.0,0.0,0.0,0.0,14.6
0.0,0.0,0.0,0.0,0.0,0.0,0.0,0.0,14.65
0.0,0.0,0.0,0.0,0.0,0.0,0.0,0.0,14.69
0.0,0.0,0.0,0.0,0.0,0.0,0.0,0.0,14.71
0.0,0.0,0.0,0.0,0.0,0.0,0.0,0.0,14.74
0.0,0.0,0.0,0.0,0.0,0.0,0.0,0.0,14.76
0.0,0.0,0.0,0.0,0.0,0.0,0.0,0.0,14.8
0.0,0.0,0.0,0.0,0.0,0.0,0.0,0.0,14.82
0.0,0.0,0.0,0.0,0.0,0.0,0.0,0.0,14.84
0.0,0.0,0.0,0.0,0.0,0.0,0.0,0.0,14.87
0.0,0.0,0.0,0.0,0.0,0.0,0.0,0.0,14.91
0.0,0.0,0.0,0.0,0.0,0.0,0.0,0.0,14.93
0.0,0.0,0.0,0.0,0.0,0.0,0.0,0.0,14.95
0.0,0.0,0.0,0.0,0.0,0.0,0.0,0.0,14.97
0.0,0.0,0.0,0.0,0.0,0.0,0.0,0.0,15.0
0.0,0.0,0.0,0.0,0.0,0.0,0.0,0.0,15.03
0.0,0.0,0.0,0.0,0.0,0.0,0.0,1.0,15.04
0.0,0.0,0.0,0.0,0.0,0.0,0.0,1.0,15.07
0.0,0.0,0.0,0.0,0.0,0.0,0.0,1.0,15.09
0.0,0.0,0.0,0.0,0.0,0.0,0.0,1.0,15.12
0.0,0.0,0.0,0.0,0.0,0.0,0.0,1.0,15.14
0.0,0.0,0.0,0.0,0.0,0.0,0.0,0.0,15.17
0.0,0.0,0.0,0.0,0.0,0.0,0.0,0.0,15.19
0.0,0.0,0.0,0.0,0.0,0.0,0.0,0.0,15.22
0.0,0.0,0.0,0.0,0.0,0.0,0.0,0.0,15.27
0.0,0.0,0.0,0.0,0.0,0.0,0.0,0.0,15.34
0.0,0.0,0.0,0.0,0.0,0.0,0.0,0.0,15.41
0.0,0.0,0.0,0.0,0.0,0.0,0.0,0.0,15.43
0.0,0.0,0.0,0.0,0.0,0.0,0.0,0.0,15.46
0.0,0.0,0.0,0.0,0.0,0.0,0.0,0.0,15.48
0.0,0.0,0.0,0.0,0.0,0.0,0.0,0.0,15.5
0.0,0.0,0.0,0.0,0.0,0.0,0.0,0.0,15.52
0.0,0.0,0.0,0.0,0.0,0.0,0.0,0.0,15.54
0.0,0.0,0.0,0.0,0.0,0.0,0.0,0.0,15.56
0.0,0.0,0.0,0.0,0.0,0.0,0.0,0.0,15.58
0.0,0.0,0.0,0.0,0.0,0.0,0.0,0.0,15.65
0.0,0.0,0.0,0.0,0.0,0.0,0.0,0.0,15.68
0.0,0.0,0.0,0.0,0.0,0.0,0.0,0.0,15.69
0.0,0.0,0.0,0.0,0.0,0.0,0.0,0.0,15.76
0.0,0.0,0.0,0.0,0.0,0.0,0.0,0.0,15.8
0.0,0.0,0.0,0.0,0.0,0.0,0.0,0.0,15.83
0.0,0.0,0.0,0.0,0.0,0.0,0.0,0.0,15.84
0.0,0.0,0.0,0.0,0.0,0.0,0.0,0.0,15.86
0.0,0.0,0.0,0.0,0.0,0.0,0.0,0.0,15.88
0.0,0.0,0.0,0.0,0.0,0.0,0.0,0.0,15.94
0.0,0.0,0.0,0.0,0.0,0.0,0.0,0.0,15.97
0.0,0.0,0.0,0.0,0.0,0.0,0.0,0.0,16.0
0.0,0.0,0.0,0.0,0.0,0.0,0.0,0.0,16.02
0.0,0.0,0.0,0.0,0.0,0.0,0.0,0.0,16.04
0.0,0.0,0.0,0.0,0.0,0.0,0.0,0.0,16.06
0.0,0.0,0.0,0.0,0.0,0.0,0.0,0.0,16.09
0.0,0.0,0.0,0.0,0.0,0.0,0.0,0.0,16.12
0.0,0.0,0.0,0.0,0.0,0.0,0.0,0.0,16.13
0.0,0.0,0.0,0.0,0.0,0.0,0.0,0.0,16.16
0.0,0.0,0.0,0.0,0.0,0.0,0.0,0.0,16.2
0.0,0.0,0.0,0.0,0.0,0.0,0.0,0.0,16.23
0.0,0.0,0.0,0.0,0.0,0.0,0.0,0.0,16.26
0.0,0.0,0.0,0.0,0.0,0.0,0.0,0.0,16.29
0.0,0.0,0.0,0.0,0.0,0.0,0.0,0.0,16.34
0.0,0.0,0.0,0.0,0.0,0.0,0.0,0.0,16.37
0.0,0.0,0.0,0.0,0.0,0.0,0.0,0.0,16.4
0.0,0.0,0.0,0.0,0.0,0.0,0.0,0.0,16.47
0.0,0.0,0.0,0.0,0.0,0.0,0.0,0.0,16.54
0.0,0.0,0.0,0.0,0.0,0.0,0.0,0.0,16.56
0.0,0.0,0.0,0.0,0.0,0.0,0.0,0.0,16.58
0.0,0.0,0.0,0.0,0.0,0.0,0.0,0.0,16.61
0.0,0.0,0.0,0.0,0.0,0.0,0.0,0.0,16.63
0.0,0.0,0.0,0.0,0.0,0.0,0.0,0.0,16.65
0.0,0.0,0.0,0.0,0.0,0.0,0.0,0.0,16.68
0.0,0.0,0.0,0.0,0.0,0.0,0.0,0.0,16.7
0.0,0.0,0.0,0.0,0.0,0.0,0.0,0.0,16.72
0.0,0.0,0.0,0.0,0.0,0.0,0.0,0.0,16.76
0.0,0.0,0.0,0.0,0.0,0.0,0.0,0.0,16.79
0.0,0.0,0.0,0.0,0.0,0.0,0.0,0.0,16.81
0.0,0.0,0.0,0.0,0.0,0.0,0.0,0.0,16.84
0.0,0.0,0.0,0.0,0.0,0.0,0.0,0.0,16.88
0.0,0.0,0.0,0.0,0.0,0.0,0.0,0.0,16.9
0.0,0.0,0.0,0.0,0.0,0.0,0.0,0.0,16.91
0.0,0.0,0.0,0.0,0.0,0.0,0.0,0.0,16.93
0.0,0.0,0.0,0.0,0.0,0.0,0.0,0.0,16.98
0.0,0.0,0.0,0.0,0.0,0.0,0.0,0.0,17.0
0.0,0.0,0.0,0.0,0.0,0.0,0.0,0.0,17.02
0.0,0.0,0.0,0.0,0.0,0.0,0.0,0.0,17.05
0.0,0.0,0.0,0.0,0.0,0.0,0.0,0.0,17.07
0.0,0.0,0.0,0.0,0.0,0.0,0.0,0.0,17.1
0.0,0.0,0.0,0.0,0.0,0.0,0.0,0.0,17.12
0.0,0.0,0.0,0.0,0.0,0.0,0.0,0.0,17.15
0.0,0.0,0.0,0.0,0.0,0.0,0.0,0.0,17.19
0.0,0.0,0.0,0.0,0.0,0.0,0.0,0.0,17.21
0.0,0.0,0.0,0.0,0.0,0.0,0.0,0.0,17.23
0.0,0.0,0.0,0.0,0.0,0.0,0.0,0.0,17.26
0.0,0.0,0.0,0.0,0.0,0.0,0.0,0.0,17.29
0.0,0.0,0.0,0.0,0.0,0.0,0.0,0.0,17.32
0.0,0.0,0.0,0.0,0.0,0.0,0.0,0.0,17.34
0.0,0.0,0.0,0.0,0.0,0.0,0.0,0.0,17.37
0.0,0.0,0.0,0.0,0.0,0.0,0.0,0.0,17.39
0.0,0.0,0.0,0.0,0.0,0.0,0.0,0.0,17.43
0.0,0.0,0.0,0.0,0.0,0.0,0.0,0.0,17.49
0.0,0.0,0.0,0.0,0.0,0.0,0.0,0.0,17.55
0.0,0.0,0.0,0.0,0.0,0.0,0.0,0.0,17.6
0.0,0.0,0.0,0.0,0.0,0.0,0.0,0.0,17.62
0.0,0.0,0.0,0.0,0.0,0.0,0.0,0.0,17.65
0.0,0.0,0.0,0.0,0.0,0.0,0.0,0.0,17.67
0.0,0.0,0.0,0.0,0.0,0.0,0.0,0.0,17.7
0.0,0.0,0.0,0.0,0.0,0.0,0.0,0.0,17.74
0.0,0.0,0.0,0.0,0.0,0.0,0.0,0.0,17.77
0.0,0.0,0.0,0.0,0.0,0.0,0.0,0.0,17.79
0.0,0.0,0.0,0.0,0.0,0.0,0.0,0.0,17.82
0.0,0.0,0.0,0.0,0.0,0.0,0.0,0.0,17.84
0.0,0.0,1.0,0.0,0.0,0.0,0.0,0.0,17.86
0.0,0.0,1.0,0.0,0.0,0.0,0.0,0.0,17.91
0.0,0.0,1.0,0.0,0.0,0.0,0.0,0.0,17.93
0.0,0.0,1.0,0.0,0.0,0.0,0.0,0.0,17.97
0.0,0.0,1.0,0.0,0.0,0.0,0.0,0.0,18.0
0.0,0.0,1.0,0.0,0.0,0.0,0.0,0.0,18.02
0.0,0.0,1.0,0.0,0.0,0.0,0.0,0.0,18.09
0.0,0.0,1.0,0.0,0.0,0.0,0.0,0.0,18.1
0.0,0.0,1.0,0.0,0.0,0.0,0.0,0.0,18.12
0.0,0.0,0.0,0.0,0.0,0.0,0.0,0.0,18.15
0.0,0.0,0.0,0.0,0.0,0.0,0.0,0.0,18.17
0.0,0.0,1.0,0.0,0.0,0.0,0.0,0.0,18.19
0.0,0.0,1.0,0.0,0.0,0.0,0.0,0.0,18.25
0.0,0.0,1.0,0.0,0.0,0.0,0.0,0.0,18.27
0.0,0.0,1.0,0.0,0.0,0.0,0.0,0.0,18.29
0.0,0.0,1.0,0.0,0.0,0.0,0.0,0.0,18.32
0.0,0.0,1.0,0.0,0.0,0.0,0.0,0.0,18.34
0.0,0.0,1.0,0.0,0.0,0.0,0.0,0.0,18.4
0.0,0.0,1.0,0.0,0.0,0.0,0.0,0.0,18.42
0.0,0.0,1.0,0.0,0.0,0.0,0.0,0.0,18.44
0.0,0.0,1.0,0.0,0.0,0.0,0.0,0.0,18.46
0.0,0.0,1.0,0.0,0.0,0.0,0.0,0.0,18.48
0.0,0.0,1.0,0.0,0.0,0.0,0.0,0.0,18.5
0.0,0.0,1.0,0.0,0.0,0.0,0.0,0.0,18.52
0.0,0.0,1.0,0.0,0.0,0.0,0.0,0.0,18.56
0.0,0.0,1.0,0.0,0.0,0.0,0.0,0.0,18.6
0.0,0.0,1.0,0.0,0.0,0.0,0.0,0.0,18.62
0.0,0.0,1.0,0.0,0.0,0.0,0.0,0.0,18.63
0.0,0.0,1.0,0.0,0.0,0.0,0.0,0.0,18.65
0.0,0.0,1.0,0.0,0.0,0.0,0.0,0.0,18.67
0.0,0.0,1.0,0.0,0.0,0.0,0.0,0.0,18.7
0.0,0.0,1.0,0.0,0.0,0.0,0.0,0.0,18.73
0.0,0.0,0.0,0.0,0.0,0.0,0.0,0.0,18.75
0.0,0.0,0.0,0.0,0.0,0.0,0.0,0.0,18.79
0.0,0.0,0.0,0.0,0.0,0.0,0.0,0.0,18.82
0.0,0.0,0.0,0.0,0.0,0.0,0.0,0.0,18.84
0.0,0.0,0.0,0.0,0.0,0.0,0.0,0.0,18.9
0.0,0.0,0.0,0.0,0.0,0.0,0.0,0.0,18.95
0.0,0.0,0.0,0.0,0.0,0.0,0.0,0.0,18.98
0.0,0.0,0.0,0.0,0.0,0.0,0.0,0.0,19.0
0.0,0.0,0.0,0.0,0.0,0.0,0.0,0.0,19.02
0.0,0.0,0.0,0.0,0.0,0.0,0.0,0.0,19.06
0.0,0.0,0.0,0.0,0.0,0.0,0.0,0.0,19.09
0.0,0.0,0.0,0.0,0.0,0.0,0.0,0.0,19.11
0.0,0.0,0.0,0.0,0.0,0.0,0.0,0.0,19.16
0.0,0.0,0.0,0.0,0.0,0.0,0.0,0.0,19.18
0.0,0.0,0.0,0.0,0.0,0.0,0.0,0.0,19.2
0.0,0.0,0.0,0.0,0.0,0.0,0.0,0.0,19.21
0.0,0.0,0.0,0.0,0.0,0.0,0.0,0.0,19.23
0.0,0.0,0.0,0.0,0.0,0.0,0.0,0.0,19.25
0.0,0.0,0.0,0.0,0.0,0.0,0.0,0.0,19.27
0.0,0.0,0.0,0.0,0.0,0.0,0.0,0.0,19.3
0.0,0.0,0.0,0.0,0.0,0.0,0.0,0.0,19.33
0.0,0.0,0.0,0.0,0.0,0.0,0.0,0.0,19.36
0.0,0.0,1.0,0.0,0.0,0.0,0.0,0.0,19.42
0.0,0.0,1.0,0.0,0.0,0.0,0.0,0.0,19.44
0.0,0.0,1.0,0.0,0.0,0.0,0.0,0.0,19.49
0.0,0.0,1.0,0.0,0.0,0.0,0.0,0.0,19.52
0.0,0.0,1.0,0.0,0.0,0.0,0.0,0.0,19.57
0.0,0.0,1.0,0.0,0.0,0.0,0.0,0.0,19.6
0.0,0.0,1.0,0.0,0.0,0.0,0.0,0.0,19.62
0.0,0.0,1.0,0.0,0.0,0.0,0.0,0.0,19.65
0.0,0.0,1.0,0.0,0.0,0.0,0.0,0.0,19.67
0.0,0.0,1.0,0.0,0.0,0.0,0.0,0.0,19.69
0.0,0.0,1.0,0.0,0.0,0.0,0.0,0.0,19.72
0.0,0.0,1.0,0.0,0.0,0.0,0.0,0.0,19.75
0.0,0.0,1.0,0.0,0.0,0.0,0.0,0.0,19.78
0.0,0.0,1.0,0.0,0.0,0.0,0.0,0.0,19.8
0.0,0.0,1.0,0.0,0.0,0.0,0.0,0.0,19.82
0.0,0.0,0.0,0.0,0.0,0.0,0.0,0.0,19.84
0.0,0.0,1.0,0.0,0.0,0.0,0.0,0.0,19.86
0.0,0.0,0.0,0.0,0.0,0.0,0.0,0.0,19.89
0.0,0.0,0.0,0.0,0.0,0.0,0.0,0.0,19.92
0.0,0.0,0.0,0.0,0.0,0.0,0.0,0.0,19.94
0.0,0.0,0.0,0.0,0.0,0.0,0.0,0.0,19.96
0.0,0.0,0.0,0.0,0.0,0.0,0.0,0.0,19.98
0.0,0.0,0.0,0.0,0.0,0.0,0.0,0.0,20.0
0.0,0.0,0.0,0.0,0.0,0.0,0.0,0.0,20.03
0.0,0.0,0.0,0.0,0.0,0.0,0.0,0.0,20.08
0.0,0.0,0.0,0.0,0.0,0.0,0.0,0.0,20.11
0.0,0.0,0.0,0.0,0.0,0.0,0.0,0.0,20.13
0.0,0.0,0.0,0.0,0.0,0.0,0.0,0.0,20.19
0.0,0.0,1.0,0.0,0.0,0.0,0.0,0.0,20.21
0.0,0.0,1.0,0.0,0.0,0.0,0.0,0.0,20.25
0.0,0.0,1.0,0.0,0.0,0.0,0.0,0.0,20.27
0.0,0.0,1.0,0.0,0.0,0.0,0.0,0.0,20.29
0.0,0.0,1.0,0.0,0.0,0.0,0.0,0.0,20.33
0.0,0.0,1.0,0.0,0.0,0.0,0.0,0.0,20.36
0.0,0.0,1.0,0.0,0.0,0.0,0.0,0.0,20.38
0.0,0.0,1.0,0.0,0.0,0.0,0.0,0.0,20.4
0.0,0.0,1.0,0.0,0.0,0.0,0.0,0.0,20.43
0.0,0.0,1.0,0.0,0.0,0.0,0.0,0.0,20.45
0.0,0.0,1.0,0.0,0.0,0.0,0.0,0.0,20.49
0.0,0.0,1.0,0.0,0.0,0.0,0.0,0.0,20.52
0.0,0.0,1.0,0.0,0.0,0.0,0.0,0.0,20.54
0.0,0.0,1.0,0.0,0.0,0.0,0.0,0.0,20.56
0.0,0.0,1.0,0.0,0.0,0.0,0.0,0.0,20.59
0.0,0.0,1.0,0.0,0.0,0.0,0.0,0.0,20.61
0.0,0.0,1.0,0.0,0.0,0.0,0.0,0.0,20.63
0.0,0.0,1.0,0.0,0.0,0.0,0.0,0.0,20.65
0.0,0.0,1.0,0.0,0.0,0.0,0.0,0.0,20.67
0.0,0.0,1.0,0.0,0.0,0.0,0.0,0.0,20.69
0.0,0.0,1.0,0.0,0.0,0.0,0.0,0.0,20.71
0.0,0.0,1.0,0.0,0.0,0.0,0.0,0.0,20.73
0.0,0.0,1.0,0.0,0.0,0.0,0.0,0.0,20.78
0.0,0.0,1.0,0.0,0.0,0.0,0.0,0.0,20.81
0.0,0.0,1.0,0.0,0.0,0.0,0.0,0.0,20.84
0.0,0.0,1.0,0.0,0.0,0.0,0.0,0.0,20.89
0.0,0.0,1.0,0.0,0.0,0.0,0.0,0.0,20.91
0.0,0.0,1.0,0.0,0.0,0.0,0.0,0.0,20.93
0.0,0.0,1.0,0.0,0.0,0.0,0.0,0.0,20.96
0.0,0.0,1.0,0.0,0.0,0.0,0.0,0.0,20.99
0.0,0.0,1.0,0.0,0.0,0.0,0.0,0.0,21.02
0.0,0.0,1.0,0.0,0.0,0.0,0.0,0.0,21.04
0.0,0.0,1.0,0.0,0.0,0.0,0.0,0.0,21.06
0.0,0.0,1.0,0.0,0.0,0.0,0.0,0.0,21.08
0.0,0.0,1.0,0.0,0.0,0.0,0.0,0.0,21.1
0.0,0.0,1.0,0.0,0.0,0.0,0.0,0.0,21.12
0.0,0.0,1.0,0.0,0.0,0.0,0.0,0.0,21.15
0.0,0.0,1.0,0.0,0.0,0.0,0.0,0.0,21.18
0.0,0.0,1.0,0.0,0.0,0.0,0.0,0.0,21.2
0.0,0.0,1.0,0.0,0.0,0.0,0.0,0.0,21.25
0.0,0.0,1.0,0.0,0.0,0.0,0.0,0.0,21.27
0.0,0.0,1.0,0.0,0.0,0.0,0.0,0.0,21.3
0.0,0.0,1.0,0.0,0.0,0.0,0.0,0.0,21.32
0.0,0.0,1.0,0.0,0.0,0.0,0.0,0.0,21.35
0.0,0.0,1.0,0.0,0.0,0.0,0.0,0.0,21.36
0.0,0.0,1.0,0.0,0.0,0.0,0.0,0.0,21.39
0.0,0.0,1.0,0.0,0.0,0.0,0.0,0.0,21.41
0.0,0.0,1.0,0.0,0.0,0.0,0.0,0.0,21.43
0.0,0.0,1.0,0.0,0.0,0.0,0.0,0.0,21.46
0.0,0.0,1.0,0.0,0.0,0.0,0.0,0.0,21.48
0.0,0.0,1.0,0.0,0.0,0.0,0.0,0.0,21.52
0.0,0.0,1.0,0.0,0.0,0.0,0.0,0.0,21.54
0.0,0.0,1.0,0.0,0.0,0.0,0.0,0.0,21.57
0.0,0.0,1.0,0.0,0.0,0.0,0.0,0.0,21.59
0.0,0.0,1.0,0.0,0.0,0.0,0.0,0.0,21.64
0.0,0.0,1.0,0.0,0.0,0.0,0.0,0.0,21.66
0.0,0.0,1.0,0.0,0.0,0.0,0.0,0.0,21.68
0.0,0.0,1.0,0.0,0.0,0.0,0.0,0.0,21.71
0.0,0.0,1.0,0.0,0.0,0.0,0.0,0.0,21.74
0.0,0.0,1.0,0.0,0.0,0.0,0.0,0.0,21.77
0.0,0.0,1.0,0.0,0.0,0.0,0.0,0.0,21.8
0.0,0.0,1.0,0.0,0.0,0.0,0.0,0.0,21.83
0.0,0.0,1.0,0.0,0.0,0.0,0.0,0.0,21.85
0.0,0.0,1.0,0.0,0.0,0.0,0.0,0.0,21.88
0.0,0.0,1.0,0.0,0.0,0.0,0.0,0.0,21.9
0.0,0.0,1.0,0.0,0.0,0.0,0.0,0.0,21.92
0.0,0.0,1.0,0.0,0.0,0.0,0.0,0.0,21.94
0.0,0.0,1.0,0.0,0.0,0.0,0.0,0.0,21.96
0.0,0.0,1.0,0.0,0.0,0.0,0.0,0.0,22.0
0.0,0.0,1.0,0.0,0.0,0.0,0.0,0.0,22.02
0.0,0.0,1.0,0.0,0.0,0.0,0.0,0.0,22.05
0.0,0.0,1.0,0.0,0.0,0.0,0.0,0.0,22.07
0.0,0.0,1.0,0.0,0.0,0.0,0.0,0.0,22.1
0.0,0.0,1.0,0.0,0.0,0.0,0.0,0.0,22.12
0.0,0.0,1.0,0.0,0.0,0.0,0.0,0.0,22.14
0.0,0.0,1.0,0.0,0.0,0.0,0.0,0.0,22.16
0.0,0.0,1.0,0.0,0.0,0.0,0.0,0.0,22.18
0.0,0.0,1.0,0.0,0.0,0.0,0.0,0.0,22.21
0.0,0.0,1.0,0.0,0.0,0.0,0.0,0.0,22.23
0.0,0.0,1.0,0.0,0.0,0.0,0.0,0.0,22.25
0.0,0.0,1.0,0.0,0.0,0.0,0.0,0.0,22.27
0.0,0.0,1.0,0.0,0.0,0.0,0.0,0.0,22.31
0.0,0.0,1.0,0.0,0.0,0.0,0.0,0.0,22.34
0.0,0.0,1.0,0.0,0.0,0.0,0.0,0.0,22.36
0.0,0.0,1.0,0.0,0.0,0.0,0.0,0.0,22.38
0.0,0.0,1.0,0.0,0.0,0.0,0.0,0.0,22.4
0.0,0.0,1.0,0.0,0.0,0.0,0.0,0.0,22.42
0.0,0.0,1.0,0.0,0.0,0.0,0.0,0.0,22.44
0.0,0.0,1.0,0.0,0.0,0.0,0.0,0.0,22.49
0.0,0.0,1.0,0.0,0.0,0.0,0.0,0.0,22.54
0.0,0.0,1.0,0.0,0.0,0.0,0.0,0.0,22.55
0.0,0.0,1.0,0.0,0.0,0.0,0.0,0.0,22.57
0.0,0.0,1.0,0.0,0.0,0.0,0.0,0.0,22.61
0.0,0.0,1.0,0.0,0.0,0.0,0.0,0.0,22.63
0.0,0.0,1.0,0.0,0.0,0.0,0.0,0.0,22.65
0.0,0.0,1.0,0.0,0.0,0.0,0.0,0.0,22.69
0.0,0.0,1.0,0.0,0.0,0.0,0.0,0.0,22.71
0.0,0.0,1.0,0.0,0.0,0.0,0.0,0.0,22.76
0.0,0.0,1.0,0.0,0.0,0.0,0.0,0.0,22.78
0.0,0.0,1.0,0.0,0.0,0.0,0.0,0.0,22.81
0.0,0.0,1.0,0.0,0.0,0.0,0.0,0.0,22.83
0.0,0.0,1.0,0.0,0.0,0.0,0.0,0.0,22.86
0.0,0.0,1.0,0.0,0.0,0.0,0.0,0.0,22.88
0.0,0.0,0.0,0.0,0.0,0.0,0.0,0.0,22.9
0.0,0.0,0.0,0.0,0.0,0.0,0.0,0.0,22.92
0.0,0.0,0.0,0.0,0.0,0.0,0.0,0.0,22.98
0.0,0.0,0.0,0.0,0.0,0.0,0.0,0.0,23.0
0.0,0.0,0.0,0.0,0.0,0.0,0.0,0.0,23.02
0.0,0.0,0.0,0.0,0.0,0.0,0.0,0.0,23.05
0.0,0.0,0.0,0.0,0.0,0.0,0.0,0.0,23.07
0.0,0.0,0.0,0.0,0.0,0.0,0.0,0.0,23.09
0.0,0.0,0.0,0.0,0.0,0.0,0.0,0.0,23.16
0.0,0.0,0.0,0.0,0.0,0.0,0.0,0.0,23.18
0.0,0.0,1.0,0.0,0.0,0.0,0.0,0.0,23.21
0.0,0.0,1.0,0.0,0.0,0.0,0.0,0.0,23.23
0.0,0.0,1.0,0.0,0.0,0.0,0.0,0.0,23.25
0.0,0.0,1.0,0.0,0.0,0.0,0.0,0.0,23.29
0.0,0.0,1.0,0.0,0.0,0.0,0.0,0.0,23.32
0.0,0.0,1.0,0.0,0.0,0.0,0.0,0.0,23.35
0.0,0.0,1.0,0.0,0.0,0.0,0.0,0.0,23.38
0.0,0.0,1.0,0.0,0.0,0.0,0.0,0.0,23.43
0.0,0.0,1.0,0.0,0.0,0.0,0.0,0.0,23.46
0.0,0.0,1.0,0.0,0.0,0.0,0.0,0.0,23.49
0.0,0.0,1.0,0.0,0.0,0.0,0.0,0.0,23.52
0.0,0.0,1.0,0.0,0.0,0.0,0.0,0.0,23.55
0.0,0.0,1.0,0.0,0.0,0.0,0.0,0.0,23.57
0.0,0.0,1.0,0.0,0.0,0.0,0.0,0.0,23.59
0.0,0.0,1.0,0.0,0.0,0.0,0.0,0.0,23.65
0.0,0.0,1.0,0.0,0.0,0.0,0.0,0.0,23.67
0.0,0.0,1.0,0.0,0.0,0.0,0.0,0.0,23.72
0.0,0.0,1.0,0.0,0.0,0.0,0.0,0.0,23.74
0.0,0.0,1.0,0.0,0.0,0.0,0.0,0.0,23.8
0.0,0.0,1.0,0.0,0.0,0.0,0.0,0.0,23.82
0.0,0.0,1.0,0.0,0.0,0.0,0.0,0.0,23.85
0.0,0.0,1.0,0.0,0.0,0.0,0.0,0.0,23.88
0.0,0.0,1.0,0.0,0.0,0.0,0.0,0.0,23.9
0.0,0.0,1.0,0.0,0.0,0.0,0.0,0.0,23.92
0.0,0.0,1.0,0.0,0.0,0.0,0.0,0.0,23.95
0.0,0.0,1.0,0.0,0.0,0.0,0.0,0.0,23.97
0.0,0.0,1.0,0.0,0.0,0.0,0.0,0.0,23.99
0.0,0.0,1.0,0.0,0.0,0.0,0.0,0.0,24.01
0.0,0.0,1.0,0.0,0.0,0.0,0.0,0.0,24.04
0.0,0.0,0.0,0.0,0.0,0.0,0.0,0.0,24.06
0.0,0.0,0.0,0.0,0.0,0.0,0.0,0.0,24.09
0.0,0.0,0.0,0.0,0.0,0.0,0.0,0.0,24.11
0.0,0.0,0.0,0.0,0.0,0.0,0.0,0.0,24.13
0.0,0.0,0.0,0.0,0.0,0.0,0.0,0.0,24.16
0.0,0.0,0.0,0.0,0.0,0.0,0.0,0.0,24.18
0.0,0.0,0.0,0.0,0.0,0.0,0.0,0.0,24.22
0.0,0.0,0.0,0.0,0.0,0.0,0.0,0.0,24.24
0.0,0.0,0.0,0.0,0.0,0.0,0.0,0.0,24.26
0.0,0.0,0.0,0.0,0.0,0.0,0.0,0.0,24.28
0.0,0.0,0.0,0.0,0.0,0.0,1.0,0.0,24.32
0.0,0.0,0.0,0.0,0.0,0.0,1.0,0.0,24.34
0.0,0.0,0.0,0.0,0.0,0.0,1.0,0.0,24.36
0.0,0.0,0.0,0.0,0.0,0.0,1.0,0.0,24.39
0.0,0.0,0.0,0.0,0.0,0.0,1.0,0.0,24.41
0.0,0.0,0.0,0.0,0.0,0.0,1.0,0.0,24.43
0.0,0.0,0.0,0.0,0.0,0.0,1.0,0.0,24.46
0.0,0.0,0.0,0.0,0.0,0.0,1.0,0.0,24.48
0.0,0.0,0.0,0.0,0.0,0.0,1.0,0.0,24.52
0.0,0.0,0.0,0.0,0.0,0.0,1.0,0.0,24.55
0.0,0.0,0.0,0.0,0.0,0.0,1.0,0.0,24.59
0.0,0.0,0.0,0.0,0.0,0.0,1.0,0.0,24.62
0.0,0.0,0.0,0.0,0.0,0.0,1.0,0.0,24.64
0.0,0.0,0.0,0.0,0.0,0.0,1.0,0.0,24.66
0.0,0.0,0.0,0.0,0.0,0.0,1.0,0.0,24.68
0.0,0.0,0.0,0.0,0.0,0.0,1.0,0.0,24.7
0.0,0.0,0.0,0.0,0.0,0.0,1.0,0.0,24.73
0.0,0.0,0.0,0.0,0.0,0.0,1.0,0.0,24.75
0.0,0.0,0.0,0.0,0.0,0.0,1.0,0.0,24.77
0.0,0.0,0.0,0.0,0.0,0.0,1.0,0.0,24.83
0.0,0.0,0.0,0.0,0.0,0.0,1.0,0.0,24.86
0.0,0.0,0.0,0.0,0.0,0.0,1.0,0.0,24.91
0.0,0.0,0.0,0.0,0.0,0.0,1.0,0.0,24.94
0.0,0.0,0.0,0.0,0.0,0.0,1.0,0.0,24.96
0.0,0.0,0.0,0.0,0.0,0.0,1.0,0.0,24.98
0.0,0.0,0.0,0.0,0.0,0.0,1.0,0.0,25.01
0.0,0.0,0.0,0.0,0.0,0.0,1.0,0.0,25.03
0.0,0.0,0.0,0.0,0.0,0.0,1.0,0.0,25.06
0.0,0.0,0.0,0.0,0.0,0.0,1.0,0.0,25.08
0.0,0.0,0.0,0.0,0.0,0.0,1.0,0.0,25.1
0.0,0.0,0.0,0.0,0.0,0.0,1.0,0.0,25.13
0.0,0.0,0.0,0.0,0.0,0.0,1.0,0.0,25.16
0.0,0.0,0.0,0.0,0.0,0.0,1.0,0.0,25.18
0.0,0.0,0.0,0.0,0.0,0.0,1.0,0.0,25.2
0.0,0.0,0.0,0.0,0.0,0.0,1.0,0.0,25.22
0.0,0.0,0.0,0.0,0.0,0.0,1.0,0.0,25.25
0.0,0.0,0.0,0.0,0.0,0.0,1.0,0.0,25.29
0.0,0.0,0.0,0.0,0.0,0.0,1.0,0.0,25.32
0.0,0.0,0.0,0.0,0.0,0.0,1.0,0.0,25.37
0.0,0.0,0.0,0.0,0.0,0.0,1.0,0.0,25.39
0.0,0.0,0.0,0.0,0.0,0.0,1.0,0.0,25.41
0.0,0.0,0.0,0.0,0.0,0.0,1.0,0.0,25.43
0.0,0.0,0.0,0.0,0.0,0.0,1.0,0.0,25.46
0.0,0.0,0.0,0.0,0.0,0.0,1.0,0.0,25.49
0.0,0.0,0.0,0.0,0.0,0.0,1.0,0.0,25.51
0.0,0.0,0.0,0.0,0.0,0.0,1.0,0.0,25.53
0.0,0.0,0.0,0.0,0.0,0.0,1.0,0.0,25.55
0.0,0.0,0.0,0.0,0.0,0.0,1.0,0.0,25.58
0.0,0.0,0.0,0.0,0.0,0.0,1.0,0.0,25.62
0.0,0.0,0.0,0.0,0.0,0.0,1.0,0.0,25.64
0.0,0.0,0.0,0.0,0.0,0.0,1.0,0.0,25.67
0.0,0.0,0.0,0.0,0.0,0.0,1.0,0.0,25.7
0.0,0.0,0.0,0.0,0.0,0.0,1.0,0.0,25.73
0.0,0.0,0.0,0.0,0.0,0.0,0.0,0.0,25.75
0.0,0.0,0.0,0.0,0.0,0.0,0.0,0.0,25.77
0.0,0.0,0.0,0.0,0.0,0.0,0.0,0.0,25.79
0.0,0.0,0.0,0.0,0.0,0.0,0.0,0.0,25.81
0.0,0.0,1.0,0.0,0.0,0.0,0.0,0.0,25.83
0.0,0.0,1.0,0.0,0.0,0.0,0.0,0.0,25.87
0.0,0.0,1.0,0.0,0.0,0.0,0.0,0.0,25.89
0.0,0.0,1.0,0.0,0.0,0.0,0.0,0.0,25.91
0.0,0.0,1.0,0.0,0.0,0.0,0.0,0.0,25.97
0.0,0.0,1.0,0.0,0.0,0.0,0.0,0.0,25.99
0.0,0.0,1.0,0.0,0.0,0.0,0.0,0.0,26.02
0.0,0.0,1.0,0.0,0.0,0.0,0.0,0.0,26.04
0.0,0.0,1.0,0.0,0.0,0.0,0.0,0.0,26.06
0.0,0.0,1.0,0.0,0.0,0.0,0.0,0.0,26.08
0.0,0.0,1.0,0.0,0.0,0.0,0.0,0.0,26.12
0.0,0.0,1.0,0.0,0.0,0.0,0.0,0.0,26.15
0.0,0.0,1.0,0.0,0.0,0.0,0.0,0.0,26.18
0.0,0.0,1.0,0.0,0.0,0.0,0.0,0.0,26.2
0.0,0.0,1.0,0.0,0.0,0.0,0.0,0.0,26.26
0.0,0.0,1.0,0.0,0.0,0.0,0.0,0.0,26.28
0.0,0.0,1.0,0.0,0.0,0.0,0.0,0.0,26.31
0.0,0.0,1.0,0.0,0.0,0.0,0.0,0.0,26.34
0.0,0.0,1.0,0.0,0.0,0.0,0.0,0.0,26.36
0.0,0.0,1.0,0.0,0.0,0.0,0.0,0.0,26.39
0.0,0.0,1.0,0.0,0.0,0.0,0.0,0.0,26.42
0.0,0.0,1.0,0.0,0.0,0.0,0.0,0.0,26.44
0.0,0.0,1.0,0.0,0.0,0.0,0.0,0.0,26.48
0.0,0.0,1.0,0.0,0.0,0.0,0.0,0.0,26.5
0.0,0.0,1.0,0.0,0.0,0.0,0.0,0.0,26.52
0.0,0.0,1.0,0.0,0.0,0.0,0.0,0.0,26.55
0.0,0.0,1.0,0.0,0.0,0.0,0.0,0.0,26.59
0.0,0.0,1.0,0.0,0.0,0.0,0.0,0.0,26.6
0.0,0.0,1.0,0.0,0.0,0.0,0.0,0.0,26.62
0.0,0.0,1.0,0.0,0.0,0.0,0.0,0.0,26.67
0.0,0.0,1.0,0.0,0.0,0.0,0.0,0.0,26.7
0.0,0.0,1.0,0.0,0.0,0.0,0.0,0.0,26.72
0.0,0.0,1.0,0.0,0.0,0.0,0.0,0.0,26.76
0.0,0.0,1.0,0.0,0.0,0.0,0.0,0.0,26.79
0.0,0.0,0.0,0.0,0.0,0.0,0.0,0.0,26.81
0.0,0.0,0.0,0.0,0.0,0.0,0.0,0.0,26.85
0.0,0.0,0.0,0.0,0.0,0.0,0.0,0.0,26.89
0.0,0.0,0.0,0.0,0.0,0.0,0.0,0.0,26.91
0.0,0.0,0.0,0.0,0.0,0.0,0.0,0.0,26.94
0.0,0.0,0.0,0.0,0.0,0.0,0.0,0.0,26.97
0.0,0.0,0.0,0.0,0.0,0.0,0.0,0.0,26.99
0.0,0.0,0.0,0.0,0.0,0.0,0.0,0.0,27.01
0.0,0.0,0.0,0.0,0.0,0.0,0.0,0.0,27.06
0.0,0.0,1.0,0.0,0.0,0.0,0.0,0.0,27.08
0.0,0.0,1.0,0.0,0.0,0.0,0.0,0.0,27.1
0.0,0.0,1.0,0.0,0.0,0.0,0.0,0.0,27.12
0.0,0.0,1.0,0.0,0.0,0.0,0.0,0.0,27.15
0.0,0.0,1.0,0.0,0.0,0.0,0.0,0.0,27.19
0.0,0.0,1.0,0.0,0.0,0.0,0.0,0.0,27.21
0.0,0.0,1.0,0.0,0.0,0.0,0.0,0.0,27.24
0.0,0.0,1.0,0.0,0.0,0.0,0.0,0.0,27.26
0.0,0.0,1.0,0.0,0.0,0.0,0.0,0.0,27.29
0.0,0.0,1.0,0.0,0.0,0.0,0.0,0.0,27.32
0.0,0.0,1.0,0.0,0.0,0.0,0.0,0.0,27.34
0.0,0.0,1.0,0.0,0.0,0.0,0.0,0.0,27.37
0.0,0.0,1.0,0.0,0.0,0.0,0.0,0.0,27.41
0.0,0.0,1.0,0.0,0.0,0.0,0.0,0.0,27.43
0.0,0.0,1.0,0.0,0.0,0.0,0.0,0.0,27.45
0.0,0.0,1.0,0.0,0.0,0.0,0.0,0.0,27.47
0.0,0.0,1.0,0.0,0.0,0.0,0.0,0.0,27.5
0.0,0.0,1.0,0.0,0.0,0.0,0.0,0.0,27.51
0.0,0.0,1.0,0.0,0.0,0.0,0.0,0.0,27.53
0.0,0.0,1.0,0.0,0.0,0.0,0.0,0.0,27.56
0.0,0.0,1.0,0.0,0.0,0.0,0.0,0.0,27.58
0.0,0.0,1.0,0.0,0.0,0.0,0.0,0.0,27.61
0.0,0.0,1.0,0.0,0.0,0.0,0.0,0.0,27.67
0.0,0.0,1.0,0.0,0.0,0.0,0.0,0.0,27.72
0.0,0.0,1.0,0.0,0.0,0.0,0.0,0.0,27.74
0.0,0.0,1.0,0.0,0.0,0.0,0.0,0.0,27.76
0.0,0.0,1.0,0.0,0.0,0.0,0.0,0.0,27.79
0.0,0.0,1.0,0.0,0.0,0.0,0.0,0.0,27.81
0.0,0.0,1.0,0.0,0.0,0.0,0.0,0.0,27.84
0.0,0.0,1.0,0.0,0.0,0.0,0.0,0.0,27.88
0.0,0.0,1.0,0.0,0.0,0.0,0.0,0.0,27.9
0.0,0.0,1.0,0.0,0.0,0.0,0.0,0.0,27.95
0.0,0.0,1.0,0.0,0.0,0.0,0.0,0.0,27.97
